3,157,5.0,1
40,417,5.0,1
26,244,5.0,1
36,292,5.0,1
4,317,5.0,1
4,376,5.0,1
2,59,6.657577319177790,1
42,171,5.0,1
24,58,5.0,1
4,389,5.552841968657780,1
28,185,5.0,1
46,193,5.0,1
45,35,5.0,1
17,263,5.0,1
46,227,5.0,1
49,277,5.0,1
10,354,5.0,1
24,134,5.0,1
11,168,5.0,1
21,142,5.0,1
47,361,6.6777807052660800,1
16,264,6.638272163982410,1
8,20,5.0,1
37,279,5.0,1
67,26,5.0,1
34,335,5.0,1
55,412,5.0,1
65,401,5.0,1
61,328,5.0,1
36,178,5.638272163982410,1
16,19,5.0,1
21,89,6.301029995663980,1
15,209,5.0,1
17,163,5.154901959985740,1
33,182,5.0,1
53,162,9.154901959985740,1
35,401,5.0,1
64,412,5.0,1
47,91,5.0,1
54,260,5.0,1
59,402,5.0,1
17,410,5.0,1
12,9,6.356547323513810,1
13,44,5.0,1
34,108,8.09151498112135,1
4,440,5.0,1
66,287,5.0,1
61,85,5.0,1
55,313,5.0,1
44,431,5.0,1
14,136,5.7447274948966900,1
47,393,6.3979400086720400,1
31,390,6.086186147616280,1
52,378,5.0,1
50,268,5.0,1
8,132,5.0,1
64,303,5.0,1
0,169,5.0,1
7,368,5.0,1
64,136,5.0,1
31,301,5.251811972993800,1
26,256,5.0,1
54,181,5.0,1
38,23,5.0,1
55,155,5.0,1
14,188,5.0,1
6,207,8.455931955649720,1
61,139,5.0,1
0,285,5.0,1
55,4,6.113509274827520,1
18,424,5.0,1
46,74,5.0,1
60,132,5.113509274827520,1
11,335,5.0,1
3,373,5.0,1
25,179,5.0,1
25,119,5.0,1
30,373,5.0,1
24,215,5.0,1
7,126,5.0,1
66,150,5.920818753952380,1
28,170,5.769551078621730,1
22,366,5.0,1
24,311,5.0,1
58,153,7.022276394711150,1
26,270,5.0,1
18,374,5.0,1
61,116,6.585026652029180,1
55,234,5.0,1
16,201,5.0,1
60,376,5.113509274827520,1
46,367,5.0,1
3,308,5.0,1
27,440,5.585026652029180,1
23,380,5.0,1
34,300,5.0,1
4,165,5.0,1
48,180,5.585026652029180,1
59,385,5.0,1
46,333,5.0,1
58,410,7.337242168318430,1
21,310,5.0,1
33,286,5.0,1
41,141,5.0,1
39,158,5.0,1
3,102,5.0,1
16,168,5.0,1
21,277,5.0,1
39,55,5.0,1
48,336,5.0,1
27,371,5.0,1
41,66,5.0,1
61,437,5.0,1
34,279,5.0,1
26,76,5.0,1
67,105,5.0,1
4,329,5.0,1
37,289,5.0,1
30,287,5.0,1
65,318,5.0,1
47,60,5.0,1
26,178,5.0,1
49,46,5.0,1
62,283,5.0,1
16,428,5.795880017344080,1
1,411,5.0,1
15,131,6.2076083105017500,1
38,225,7.4089353929735000,1
53,223,7.136677139879540,1
26,134,5.0,1
22,352,7.853871964321760,1
15,27,5.638272163982410,1
64,181,5.0,1
28,313,5.0,1
50,6,5.585026652029180,1
19,311,5.0,1
10,11,7.6777807052660800,1
30,330,5.0,1
45,341,5.0,1
60,320,5.1249387366083,1
33,301,5.0,1
42,254,5.0,1
2,22,5.0,1
67,6,5.0,1
64,54,5.0,1
46,305,5.0,1
57,317,5.0,1
66,21,5.376750709602100,1
34,192,5.0,1
42,23,5.0,1
14,31,5.0,1
34,160,5.0,1
46,408,5.0,1
51,289,5.0,1
45,338,6.537602002101040,1
57,65,5.0,1
44,133,5.721246399047170,1
7,352,6.508638306165730,1
41,96,5.0,1
39,235,5.0,1
24,121,5.0,1
41,263,5.0,1
67,263,5.0,1
64,126,5.0,1
23,396,5.0,1
2,70,8.337242168318430,1
23,107,5.0,1
14,24,5.0,1
17,196,6.1938200260161100,1
61,337,5.0,1
10,162,5.657577319177790,1
59,352,5.0,1
20,224,5.0,1
14,290,5.0,1
0,393,5.823908740944320,1
23,375,5.0,1
32,441,5.0,1
18,345,5.0,1
51,383,5.0,1
29,310,5.0,1
32,198,6.619788758288390,1
54,23,5.0,1
52,37,5.0,1
8,153,5.0,1
65,283,5.0,1
11,10,5.920818753952380,1
45,156,5.795880017344080,1
24,396,5.0,1
55,267,5.0,1
64,359,5.0,1
25,95,5.0,1
44,348,6.2839966563652000,1
39,33,5.0,1
54,206,5.0,1
47,224,6.823908740944320,1
30,236,5.0,1
27,398,5.0,1
7,414,5.0,1
65,379,6.619788758288390,1
16,125,6.853871964321760,1
62,226,5.318758762624410,1
30,66,5.0,1
25,3,5.0,1
58,132,5.0,1
51,112,5.0,1
9,148,5.0,1
64,250,5.0,1
30,44,5.0,1
12,217,5.0,1
34,355,5.0,1
42,219,5.0,1
0,80,8.853871964321760,1
26,190,5.823908740944320,1
31,113,6.3979400086720400,1
7,395,5.958607314841780,1
34,404,5.0,1
0,24,7.119186407719210,1
67,236,5.0,1
47,252,5.0,1
11,228,6.229147988357860,1
44,158,5.823908740944320,1
30,61,5.0,1
67,354,5.0,1
53,407,5.0,1
5,277,5.0,1
65,417,5.0,1
44,254,5.0,1
13,194,5.0,1
64,120,5.0,1
28,23,5.0,1
22,189,5.0,1
28,46,5.0,1
39,1,7.443697499232710,1
0,96,5.795880017344080,1
49,343,5.0,1
23,279,5.0,1
60,180,5.886056647693160,1
7,229,5.0,1
32,345,5.0,1
67,31,5.0,1
33,259,5.0,1
37,244,5.0,1
24,426,5.0,1
23,314,5.0,1
60,292,5.161150909262740,1
61,124,5.0,1
26,221,5.0,1
67,245,5.0,1
63,295,5.251811972993800,1
62,301,5.0,1
63,57,5.0,1
52,43,5.0,1
37,147,5.0,1
39,229,5.0,1
12,196,5.0,1
60,307,5.0,1
55,177,5.769551078621730,1
15,414,5.0,1
29,350,5.920818753952380,1
30,395,5.0,1
51,385,5.0,1
37,200,8.431798275933010,1
39,153,5.0,1
16,50,5.0,1
62,290,5.0,1
37,287,5.0,1
20,70,5.585026652029180,1
24,315,5.0,1
4,197,5.0,1
12,198,5.0,1
62,265,5.0,1
17,397,6.6777807052660800,1
57,295,5.920818753952380,1
29,228,7.481486060122110,1
29,327,7.026872146400300,1
11,384,5.0,1
61,99,5.0,1
34,262,5.0,1
5,201,5.055517327849830,1
3,385,5.0,1
19,356,7.327902142064280,1
50,135,5.0,1
11,304,5.0,1
35,282,5.0,1
13,17,5.0,1
49,280,5.0,1
51,18,5.0,1
45,104,5.0,1
35,50,5.0,1
25,414,5.0,1
44,182,5.0,1
8,91,5.0,1
43,120,5.0,1
34,437,6.585026652029180,1
49,319,5.0,1
11,257,5.0,1
63,317,5.0,1
66,412,5.0,1
34,135,5.455931955649720,1
29,70,6.721246399047170,1
35,171,5.0,1
64,10,5.0,1
8,163,5.0,1
67,110,5.0,1
46,11,5.0,1
32,101,5.0,1
55,433,5.0,1
2,159,8.309803919971490,1
33,417,5.0,1
0,397,5.0,1
56,342,7.585026652029180,1
49,393,5.481486060122110,1
28,435,5.0,1
35,397,5.0,1
25,313,5.0,1
42,258,5.0,1
48,355,5.0,1
14,337,5.0,1
9,224,5.0,1
50,123,5.6020599913279600,1
62,149,5.0,1
3,8,5.0,1
18,333,5.0,1
42,218,5.0,1
51,180,5.0,1
48,30,5.0,1
1,203,6.823908740944320,1
23,196,5.0,1
48,226,6.537602002101040,1
43,274,5.301029995663980,1
25,390,5.0,1
59,167,5.0,1
50,11,5.0,1
27,343,5.0,1
11,293,5.0,1
32,30,5.0,1
30,367,5.0,1
22,136,7.920818753952380,1
32,58,5.0,1
55,170,5.0,1
14,257,5.0,1
8,287,5.0,1
60,236,5.0,1
61,15,5.0,1
40,403,6.4089353929735000,1
42,410,5.0,1
42,74,5.0,1
22,355,9.130768280269020,1
14,46,5.42021640338319,1
59,299,5.0,1
21,289,5.0,1
63,163,8.366531544420410,1
6,25,5.0,1
10,273,6.187086643357140,1
10,409,5.5376020021010400,1
55,28,5.0,1
28,113,5.0,1
27,220,5.0,1
50,217,5.0,1
52,423,5.0,1
48,71,5.0,1
44,140,5.0,1
0,384,5.0,1
55,26,5.0,1
30,197,5.0,1
3,146,6.920818753952380,1
64,351,5.0,1
10,333,5.494850021680090,1
12,163,5.0,1
59,17,5.0,1
47,394,8.769551078621730,1
2,35,5.356547323513810,1
46,278,5.0,1
28,347,5.0,1
65,416,5.552841968657780,1
17,301,5.0,1
30,107,5.0,1
22,338,8.455931955649720,1
25,150,5.0,1
53,317,5.0,1
18,23,5.0,1
31,250,7.251811972993800,1
32,368,5.0,1
0,168,6.7447274948966900,1
23,87,5.0,1
51,345,5.0,1
62,334,5.698970004336020,1
0,161,7.080921907623930,1
44,314,6.356547323513810,1
38,47,5.0,1
3,323,5.0,1
31,407,6.920818753952380,1
7,4,5.0,1
50,383,5.0,1
63,111,5.0,1
42,242,5.0,1
62,80,5.0,1
36,185,5.200659450546420,1
6,197,5.4089353929735000,1
13,81,5.0,1
16,239,5.481486060122110,1
6,198,5.0,1
61,388,5.0,1
34,48,5.0,1
3,27,5.0,1
64,260,5.0,1
35,181,5.0,1
56,417,8.397940008672040,1
56,211,6.318758762624410,1
13,209,5.0,1
12,167,5.6777807052660800,1
24,230,5.0,1
65,356,7.853871964321760,1
2,212,5.7447274948966900,1
29,261,5.958607314841780,1
6,172,5.0,1
30,259,5.0,1
33,201,5.0,1
38,12,5.0,1
3,95,5.0,1
39,159,5.0,1
48,277,5.0,1
64,122,5.0,1
32,92,5.0,1
26,411,5.0,1
31,329,6.657577319177790,1
7,19,5.0,1
21,365,5.0,1
10,286,5.0,1
36,95,5.0,1
33,10,5.0,1
8,45,5.0,1
61,72,5.0,1
25,177,5.0,1
39,36,5.0,1
28,383,5.0,1
44,243,6.769551078621730,1
33,333,5.0,1
58,433,5.0,1
37,86,5.0,1
45,54,5.0,1
8,8,5.0,1
0,311,5.0,1
1,291,5.0,1
43,304,5.0,1
26,53,5.0,1
9,322,5.0,1
65,385,6.366531544420410,1
13,388,5.0,1
14,184,5.0,1
46,291,5.0,1
49,326,5.0,1
62,229,5.0,1
27,226,5.0,1
56,411,7.568636235841010,1
54,121,5.050609993355090,1
12,251,5.0,1
39,327,5.0,1
22,181,5.267606240177030,1
65,28,5.522878745280340,1
43,406,5.823908740944320,1
59,24,5.0,1
41,381,5.0,1
61,251,5.0,1
66,67,6.795880017344080,1
59,43,5.0,1
67,120,5.0,1
56,157,6.823908740944320,1
34,269,5.0,1
34,342,5.0,1
26,326,5.0,1
4,266,5.0,1
3,36,5.0,1
14,70,5.0,1
29,431,5.0,1
62,251,5.795880017344080,1
11,435,5.4089353929735000,1
16,398,5.0,1
27,358,5.0,1
47,254,8.42021640338319,1
0,281,5.0,1
44,184,5.0,1
9,419,5.0,1
41,247,9.080921907623930,1
53,229,6.522878745280340,1
49,291,5.795880017344080,1
48,204,5.102372908709560,1
6,141,5.0,1
28,294,5.0,1
6,11,8.443697499232710,1
61,310,5.0,1
22,93,5.0,1
50,238,5.017728766960430,1
10,228,8.086186147616280,1
67,235,5.0,1
67,146,5.0,1
41,54,5.0,1
60,170,5.0,1
11,285,5.0,1
32,350,5.0,1
34,263,5.0,1
66,377,5.0,1
31,10,6.080921907623930,1
57,293,6.1938200260161100,1
56,430,6.657577319177790,1
1,250,5.0,1
14,127,5.6777807052660800,1
9,119,6.008773924307510,1
65,163,5.920818753952380,1
2,262,5.0,1
7,99,5.229147988357860,1
58,253,6.3872161432802600,1
11,235,5.0,1
46,164,5.0,1
13,133,5.0,1
28,98,5.327902142064280,1
12,293,5.0,1
26,63,5.0,1
67,351,5.0,1
19,24,5.0,1
12,136,5.0,1
67,369,5.0,1
50,101,5.0,1
7,121,5.568636235841010,1
52,20,5.0,1
50,370,5.0,1
3,255,5.0,1
29,48,5.920818753952380,1
27,57,5.0,1
27,416,5.366531544420410,1
3,203,5.0,1
12,286,5.0,1
34,152,5.769551078621730,1
2,433,5.0,1
9,295,5.0,1
10,46,5.0,1
9,169,5.0,1
1,126,5.0,1
49,233,6.180456064458130,1
3,332,5.0,1
54,407,5.0,1
55,268,5.0,1
46,273,5.0,1
57,357,8.060480747381380,1
38,35,5.0,1
62,113,5.0,1
40,202,6.327902142064280,1
25,370,5.0,1
18,330,5.0,1
33,203,5.0,1
11,66,5.0,1
55,243,5.0,1
13,125,5.0,1
5,202,5.045757490560680,1
22,341,5.0,1
43,160,5.187086643357140,1
37,298,8.040958607678910,1
50,262,5.0,1
62,171,5.0,1
4,123,9.214670164989230,1
22,146,7.136677139879540,1
34,138,5.0,1
59,300,5.0,1
55,393,5.0,1
12,235,5.0,1
20,107,6.119186407719210,1
64,167,5.6777807052660800,1
63,13,8.10790539730952,1
10,434,5.7447274948966900,1
0,426,5.0,1
49,94,5.481486060122110,1
45,169,5.0,1
44,358,6.468521082957750,1
25,164,5.0,1
19,438,5.920818753952380,1
64,34,5.0,1
52,301,5.0,1
18,203,5.0,1
15,259,5.5376020021010400,1
11,306,5.0,1
60,304,6.481486060122110,1
51,246,9.086186147616280,1
21,133,5.958607314841780,1
59,377,5.0,1
59,280,5.0,1
11,93,5.0,1
10,353,7.1938200260161100,1
59,94,5.823908740944320,1
55,44,6.267606240177030,1
36,244,5.5376020021010400,1
31,119,6.0655015487564300,1
3,78,5.0,1
15,83,5.0,1
31,132,5.0,1
25,104,5.0,1
15,288,5.0,1
12,426,5.0,1
38,216,5.0,1
4,240,5.0,1
13,406,5.0,1
6,265,5.0,1
0,216,5.853871964321760,1
0,56,6.050609993355090,1
19,400,6.200659450546420,1
58,68,6.3979400086720400,1
22,192,7.161150909262740,1
50,43,5.0,1
27,227,5.0,1
59,389,5.0,1
44,421,5.0,1
64,32,5.0,1
2,235,5.0,1
21,198,5.698970004336020,1
58,113,7.0915149811213500,1
9,185,5.0,1
26,241,6.221848749616360,1
54,261,5.0,1
33,297,5.0,1
28,15,6.4089353929735000,1
5,248,5.886056647693160,1
36,316,5.0,1
15,339,5.0,1
38,243,5.795880017344080,1
55,368,5.0,1
5,89,5.0,1
17,299,5.0,1
48,41,5.0,1
0,52,5.0,1
58,233,7.356547323513810,1
9,113,5.0,1
58,396,6.585026652029180,1
29,17,6.853871964321760,1
42,57,5.0,1
30,12,5.0,1
44,7,7.236572006437060,1
0,114,5.0,1
0,434,5.0,1
58,267,5.0,1
50,267,5.0,1
23,332,5.0,1
16,66,5.0,1
21,37,5.3979400086720400,1
57,343,5.366531544420410,1
48,384,5.0,1
63,329,5.0,1
31,204,7.3979400086720400,1
62,292,5.0,1
4,337,5.0,1
43,409,5.0,1
17,436,5.0,1
35,422,5.0,1
44,127,6.4089353929735000,1
48,50,5.0,1
31,379,5.040958607678910,1
9,418,5.0,1
67,312,5.0,1
23,47,5.0,1
58,179,6.455931955649720,1
48,191,5.0,1
19,163,8.318758762624410,1
15,175,6.229147988357860,1
43,181,5.0,1
44,124,5.0,1
55,293,5.0,1
17,399,5.5376020021010400,1
25,169,5.0,1
15,99,5.0,1
2,124,5.0,1
42,230,5.0,1
38,428,5.0,1
41,184,5.0,1
61,92,5.0,1
13,383,5.0,1
10,395,7.431798275933010,1
31,130,5.920818753952380,1
39,27,5.0,1
23,391,5.0,1
38,156,5.721246399047170,1
45,330,5.0,1
33,123,5.0,1
39,432,5.0,1
37,206,7.886056647693160,1
32,96,5.0,1
51,195,5.0,1
19,255,5.657577319177790,1
25,405,5.0,1
33,119,5.0,1
17,195,6.0,1
66,185,5.0,1
52,294,8.148741651280930,1
5,438,5.0,1
62,190,5.0,1
12,116,5.0,1
2,316,5.0,1
44,437,6.795880017344080,1
24,381,5.0,1
19,141,5.0,1
48,400,5.0,1
4,292,5.0,1
1,232,5.0,1
4,151,5.0,1
7,122,5.275724130399210,1
33,132,5.0,1
38,82,5.0,1
14,407,5.017728766960430,1
21,11,6.2076083105017500,1
41,38,7.327902142064280,1
62,257,5.0,1
47,137,6.508638306165730,1
15,147,6.292429823902060,1
16,260,6.00436480540245,1
20,395,5.309803919971490,1
45,379,5.0,1
52,342,5.0,1
67,239,5.0,1
10,414,5.0,1
45,395,5.0,1
17,248,6.366531544420410,1
48,338,5.327902142064280,1
44,287,5.0,1
30,387,5.0,1
34,69,5.0,1
56,79,6.468521082957750,1
5,427,5.0,1
58,265,6.657577319177790,1
56,136,5.657577319177790,1
44,120,6.180456064458130,1
9,188,5.0,1
36,385,6.251811972993800,1
63,362,7.698970004336020,1
23,58,5.0,1
63,219,6.7447274948966900,1
34,111,5.0,1
42,86,5.0,1
29,433,5.327902142064280,1
51,359,5.0,1
34,41,5.0,1
54,387,5.0,1
33,131,5.0,1
54,92,5.0,1
0,312,5.0,1
32,89,5.0,1
63,239,5.0,1
7,425,5.0,1
26,306,5.0,1
23,179,5.0,1
3,321,5.0,1
39,328,5.055517327849830,1
20,123,5.0,1
61,56,5.0,1
8,74,5.0,1
43,398,5.0,1
51,158,5.0,1
62,60,5.0,1
47,141,5.0,1
46,263,6.698970004336020,1
22,384,6.795880017344080,1
8,4,5.0,1
30,233,5.0,1
57,429,7.376750709602100,1
15,44,5.0,1
60,285,5.0,1
28,16,5.275724130399210,1
41,323,5.0,1
58,314,5.0,1
13,85,5.0,1
43,136,5.0,1
0,429,5.0,1
23,10,5.0,1
21,435,5.0,1
52,360,5.823908740944320,1
41,441,5.0,1
60,119,5.481486060122110,1
66,154,6.853871964321760,1
32,48,5.0,1
6,353,5.0,1
5,206,5.0,1
43,291,5.0,1
31,397,5.42021640338319,1
50,266,5.0,1
67,194,5.0,1
19,436,5.0,1
13,98,5.0,1
56,271,7.552841968657780,1
54,144,5.0,1
22,112,6.356547323513810,1
41,180,6.823908740944320,1
26,24,5.0,1
8,181,5.0,1
37,397,5.0,1
21,104,5.0,1
50,64,5.0,1
36,18,5.0,1
59,255,5.0,1
29,31,5.0,1
19,336,6.2441251443275100,1
50,129,5.0,1
10,81,5.769551078621730,1
35,275,5.0,1
49,42,6.031517051446070,1
20,232,5.0,1
15,208,5.0,1
63,385,5.769551078621730,1
66,5,6.1938200260161100,1
60,294,5.508638306165730,1
61,314,5.0,1
33,218,5.0,1
59,368,5.0,1
25,230,5.0,1
40,211,6.00436480540245,1
67,258,5.0,1
4,428,5.0,1
66,143,5.0,1
5,101,5.958607314841780,1
11,13,5.958607314841780,1
39,22,5.0,1
56,240,7.154901959985740,1
63,71,5.0,1
52,118,5.0,1
11,187,5.0,1
37,409,5.0,1
47,365,5.0,1
11,339,5.0,1
25,363,5.0,1
0,234,5.0,1
55,194,5.0,1
27,54,5.0,1
14,426,6.0,1
26,303,5.0,1
62,407,5.0,1
5,286,5.0,1
24,50,5.0,1
15,372,5.0,1
18,316,5.0,1
32,250,5.309803919971490,1
60,104,5.200659450546420,1
6,125,5.0,1
41,121,5.0,1
14,361,5.0,1
20,3,5.0,1
1,59,5.0,1
17,183,5.0,1
50,191,5.0,1
65,190,5.0,1
59,101,5.0,1
15,228,5.698970004336020,1
60,440,6.187086643357140,1
56,151,7.045757490560680,1
27,106,5.0,1
25,345,5.0,1
17,317,5.0,1
0,183,5.0,1
62,440,5.0,1
53,13,6.236572006437060,1
33,18,5.0,1
30,81,5.0,1
5,94,5.0,1
65,276,5.0,1
47,376,5.0,1
62,213,5.0,1
0,7,5.0,1
14,341,5.0,1
11,369,5.0,1
8,1,5.0,1
0,390,5.0,1
12,238,5.0,1
52,51,5.0,1
66,312,5.0,1
47,179,5.552841968657780,1
18,37,5.0,1
10,378,5.568636235841010,1
66,317,5.0,1
62,72,5.0,1
65,388,5.0,1
31,107,8.468521082957750,1
53,324,5.619788758288390,1
1,112,5.0,1
9,276,5.0,1
27,349,5.0,1
2,138,5.0,1
51,270,5.0,1
56,312,5.0,1
51,397,5.0,1
1,88,5.0,1
54,254,5.0,1
22,376,5.292429823902060,1
60,205,7.236572006437060,1
4,194,5.0,1
33,238,5.0,1
52,346,6.1249387366083,1
6,343,5.0,1
5,193,5.0,1
62,42,5.0,1
13,298,5.508638306165730,1
67,16,5.0,1
45,67,5.0,1
10,16,8.823908740944320,1
14,272,5.0,1
43,45,7.0,1
59,193,5.0,1
18,304,5.0,1
38,137,5.552841968657780,1
58,303,5.0,1
22,76,5.568636235841010,1
27,55,5.0,1
45,327,5.0,1
63,143,5.0,1
4,318,5.0,1
4,117,9.920818753952380,1
3,82,6.431798275933010,1
46,111,5.119186407719210,1
26,40,5.0,1
24,6,5.0,1
54,377,5.0,1
33,124,5.0,1
53,382,5.301029995663980,1
2,319,5.0,1
17,23,5.0,1
31,27,7.1487416512809200,1
3,42,5.0,1
48,185,5.0,1
61,81,5.187086643357140,1
46,369,5.0,1
34,156,6.657577319177790,1
27,284,5.0,1
21,223,5.6020599913279600,1
12,410,5.886056647693160,1
33,397,5.0,1
49,265,6.443697499232710,1
13,292,5.0,1
39,24,5.0,1
57,4,6.136677139879540,1
27,242,5.0,1
32,360,5.0,1
59,317,7.0655015487564300,1
62,37,5.0,1
4,271,5.0,1
36,384,6.795880017344080,1
5,194,5.0,1
57,16,6.0,1
18,222,5.0,1
46,197,5.823908740944320,1
19,87,5.0,1
22,255,6.468521082957750,1
41,332,5.0,1
60,234,6.522878745280340,1
24,175,5.0,1
59,53,5.0,1
42,255,5.0,1
53,87,5.823908740944320,1
63,351,5.6020599913279600,1
31,177,6.431798275933010,1
53,40,5.0,1
35,115,5.0,1
14,98,5.0,1
52,247,5.0,1
11,204,7.267606240177030,1
27,197,5.301029995663980,1
66,146,5.0,1
62,316,5.0,1
53,43,5.0,1
19,40,5.0,1
36,358,7.698970004336020,1
4,202,5.0,1
44,76,5.0,1
61,425,5.0,1
36,31,7.3872161432802600,1
46,361,5.0,1
44,439,8.292429823902060,1
9,229,6.795880017344080,1
14,333,5.0,1
31,310,5.229147988357860,1
36,395,6.721246399047170,1
46,225,5.0,1
41,271,5.0,1
60,296,5.568636235841010,1
20,186,5.0,1
47,268,5.0,1
15,266,5.0,1
32,298,8.721246399047170,1
27,385,5.0,1
21,161,6.086186147616280,1
48,378,5.638272163982410,1
21,384,5.0,1
9,375,5.0,1
8,410,5.0,1
28,343,5.0,1
26,69,5.0,1
46,134,5.0,1
46,53,5.0,1
60,133,5.769551078621730,1
0,294,5.823908740944320,1
0,310,5.0,1
23,340,5.0,1
15,40,5.0,1
44,237,7.292429823902060,1
30,176,5.0,1
47,1,6.657577319177790,1
45,355,6.508638306165730,1
31,332,8.275724130399210,1
46,255,5.0,1
25,207,5.0,1
4,377,5.0,1
52,184,5.0,1
63,83,5.0,1
27,41,5.0,1
34,373,5.318758762624410,1
21,374,5.0,1
2,392,5.0,1
55,350,5.0,1
11,247,5.0,1
12,330,5.0,1
33,118,5.0,1
4,112,9.602059991327960,1
38,341,5.0,1
55,71,6.508638306165730,1
50,132,5.0,1
36,193,6.173925197299170,1
5,208,5.0,1
14,133,5.823908740944320,1
67,49,5.0,1
36,52,5.7447274948966900,1
53,201,7.267606240177030,1
43,282,5.0,1
11,107,5.0,1
24,353,5.0,1
6,281,5.0,1
65,344,5.0,1
41,31,6.2076083105017500,1
12,326,5.0,1
33,86,5.0,1
1,102,7.0915149811213500,1
41,209,5.0,1
32,44,5.0,1
40,337,5.6777807052660800,1
17,97,5.0,1
15,279,5.0,1
6,7,7.638272163982410,1
11,209,5.0,1
46,6,5.0,1
35,158,5.0,1
35,206,5.0,1
28,55,5.0,1
48,212,5.0,1
35,281,5.0,1
52,186,5.0,1
11,194,5.0,1
19,140,5.0,1
56,285,5.0,1
51,313,5.0,1
46,284,5.0,1
41,70,6.886056647693160,1
26,94,5.0,1
28,64,5.0,1
36,220,5.0,1
35,402,5.0,1
0,159,7.107905397309520,1
53,71,5.0,1
5,64,7.2441251443275100,1
0,232,5.0,1
31,38,7.795880017344080,1
15,331,5.0,1
33,191,5.0,1
27,191,5.0,1
4,283,5.0,1
29,316,5.0,1
36,130,5.0,1
50,104,5.0,1
23,40,5.0,1
5,47,5.0,1
22,321,5.0,1
13,108,5.0,1
46,397,5.0,1
12,282,5.0,1
36,241,5.0,1
65,169,5.0,1
58,361,5.455931955649720,1
34,2,5.0,1
48,193,5.0,1
63,376,5.698970004336020,1
19,437,6.236572006437060,1
7,330,5.0,1
28,5,5.920818753952380,1
45,133,5.0,1
32,200,8.698970004336020,1
32,329,5.161150909262740,1
39,351,5.0,1
23,5,5.0,1
45,7,6.154901959985740,1
58,176,5.356547323513810,1
25,252,5.0,1
56,107,7.853871964321760,1
27,218,6.050609993355090,1
41,339,5.0,1
55,126,5.698970004336020,1
59,243,5.0,1
34,259,5.0,1
19,165,6.236572006437060,1
15,120,5.130768280269020,1
47,2,5.0,1
39,354,5.4089353929735000,1
54,290,5.0,1
66,417,8.346787486224660,1
57,157,8.744727494896690,1
8,6,5.0,1
15,358,5.42021640338319,1
48,60,5.0,1
48,241,5.958607314841780,1
45,115,5.0,1
57,97,6.823908740944320,1
63,400,5.638272163982410,1
1,408,5.0,1
59,49,5.0,1
3,10,5.0,1
8,60,5.0,1
5,139,5.036212172654440,1
38,178,5.0,1
40,269,5.0,1
2,304,5.0,1
56,404,9.050609993355090,1
8,193,5.0,1
18,62,5.0,1
56,55,9.494850021680090,1
37,152,5.0,1
33,44,5.0,1
36,250,5.0,1
47,4,5.0,1
10,238,8.00436480540245,1
9,221,5.0,1
62,439,5.0,1
43,418,5.0,1
56,298,8.744727494896690,1
29,295,5.721246399047170,1
53,115,5.0,1
66,92,5.0,1
63,231,5.0,1
48,344,5.0,1
67,33,5.0,1
51,19,5.0,1
28,340,5.0,1
14,120,9.55284196865778,1
6,384,5.6777807052660800,1
20,144,5.0,1
34,189,5.0,1
4,147,5.0,1
32,222,5.0,1
6,305,5.0,1
43,98,5.0,1
53,92,6.2441251443275100,1
5,186,5.508638306165730,1
38,359,5.0,1
43,119,5.0,1
15,192,5.0,1
66,302,5.0,1
8,306,5.0,1
65,294,5.0,1
1,249,5.0,1
66,270,5.0,1
66,284,5.0,1
19,363,5.0,1
54,249,5.0,1
27,230,5.0,1
17,261,5.0,1
9,437,5.42021640338319,1
4,277,5.0,1
39,375,5.0,1
51,218,5.0,1
51,200,5.0,1
34,102,5.376750709602100,1
54,75,5.0,1
11,117,5.0,1
45,32,5.0,1
54,199,5.0,1
6,263,5.0,1
32,160,7.958607314841780,1
57,412,6.481486060122110,1
49,251,6.698970004336020,1
38,264,5.0,1
7,298,5.0,1
27,2,8.080921907623930,1
45,184,5.0,1
11,153,6.795880017344080,1
55,424,5.0,1
26,0,5.0,1
38,68,5.0,1
53,271,5.698970004336020,1
57,86,7.00436480540245,1
37,14,6.167491087293760,1
4,228,5.0,1
47,30,6.481486060122110,1
14,402,5.0,1
50,256,5.2076083105017500,1
42,152,5.0,1
60,317,5.0,1
60,243,5.585026652029180,1
10,110,5.0,1
41,293,5.585026652029180,1
18,292,5.0,1
64,218,5.769551078621730,1
25,155,5.0,1
9,167,5.0,1
3,81,5.769551078621730,1
33,405,5.0,1
44,6,7.309803919971490,1
0,440,5.0,1
53,287,5.0,1
8,405,5.0,1
55,363,5.886056647693160,1
33,151,5.0,1
43,128,5.0,1
4,324,5.0,1
49,70,5.481486060122110,1
44,4,5.0,1
7,252,5.0,1
6,124,5.0,1
38,151,5.0,1
58,365,7.2441251443275100,1
66,30,5.0,1
61,153,5.0,1
19,191,6.886056647693160,1
38,51,5.251811972993800,1
63,95,5.0,1
39,156,6.494850021680090,1
67,278,5.0,1
33,440,5.0,1
30,279,5.0,1
18,257,6.040958607678910,1
39,356,5.958607314841780,1
6,162,7.508638306165730,1
46,283,5.0,1
40,212,6.508638306165730,1
38,3,5.0,1
26,80,5.0,1
0,335,5.0,1
41,232,5.0,1
51,43,5.0,1
16,55,5.0,1
65,248,5.468521082957750,1
59,132,5.0,1
43,177,5.301029995663980,1
13,128,5.0,1
18,199,6.958607314841780,1
56,333,8.602059991327960,1
54,362,5.0,1
43,93,5.0,1
25,50,5.0,1
31,292,8.00436480540245,1
43,361,5.0,1
25,274,5.0,1
8,391,5.0,1
9,152,5.0,1
43,382,5.0,1
43,96,5.0,1
25,176,5.0,1
7,329,5.0,1
59,249,5.0,1
45,314,5.0,1
12,109,5.0,1
30,262,5.0,1
26,160,6.0,1
41,304,5.721246399047170,1
0,435,5.0,1
51,6,5.468521082957750,1
7,280,5.0,1
2,344,5.920818753952380,1
4,288,5.0,1
17,99,5.0,1
0,53,6.494850021680090,1
20,363,5.0,1
65,154,5.161150909262740,1
60,178,5.886056647693160,1
24,152,5.0,1
27,327,5.0,1
35,393,5.0,1
66,383,6.0,1
30,425,5.0,1
54,161,5.0,1
21,362,5.0,1
33,141,5.0,1
57,222,5.886056647693160,1
63,262,5.455931955649720,1
27,441,5.0,1
41,82,5.443697499232710,1
9,374,5.0,1
58,389,6.552841968657780,1
33,29,5.0,1
57,60,5.0,1
14,157,5.1249387366083,1
7,10,5.0,1
57,212,5.0,1
31,437,6.795880017344080,1
26,104,5.0,1
9,329,5.0,1
61,221,5.0,1
11,212,5.0,1
40,247,6.070581074285710,1
49,238,5.3979400086720400,1
53,58,6.070581074285710,1
18,317,5.0,1
11,256,5.0,1
13,377,5.0,1
31,342,5.7447274948966900,1
40,246,5.958607314841780,1
57,389,5.6777807052660800,1
59,403,5.619788758288390,1
23,219,5.0,1
32,415,5.0,1
42,2,5.0,1
0,375,5.0,1
48,227,5.075720713938120,1
48,139,5.0,1
8,100,5.0,1
59,44,5.6777807052660800,1
30,318,5.0,1
12,381,5.0,1
9,387,5.0,1
58,116,7.142667503568730,1
30,59,5.0,1
48,398,5.0,1
57,149,5.958607314841780,1
44,213,5.0,1
61,61,5.0,1
45,167,5.568636235841010,1
45,213,5.0,1
44,385,6.2839966563652000,1
52,405,5.0,1
60,385,7.008773924307510,1
7,394,5.958607314841780,1
51,328,5.481486060122110,1
42,132,5.0,1
67,222,5.0,1
26,180,5.0,1
16,103,5.0,1
60,277,6.2441251443275100,1
52,284,5.0,1
36,55,7.443697499232710,1
30,219,5.0,1
59,112,5.292429823902060,1
51,7,5.0,1
8,353,5.0,1
47,264,7.0,1
40,173,5.0,1
32,62,5.920818753952380,1
58,197,6.795880017344080,1
8,55,5.0,1
20,167,5.0,1
46,394,5.958607314841780,1
22,370,5.0,1
44,269,5.6777807052660800,1
19,285,5.0,1
10,293,5.0,1
1,61,5.0,1
23,135,5.0,1
31,257,6.0,1
59,68,5.0,1
35,104,5.0,1
1,295,5.0,1
11,372,5.0,1
42,291,5.0,1
4,305,6.327902142064280,1
38,91,5.180456064458130,1
6,224,5.552841968657780,1
60,241,6.443697499232710,1
16,63,5.0,1
2,322,5.0,1
48,22,5.0,1
62,108,5.0,1
42,296,5.0,1
31,427,6.0,1
4,370,5.0,1
26,420,5.0,1
11,315,5.0,1
55,348,5.0,1
58,81,7.086186147616280,1
39,267,5.0,1
52,98,5.0,1
41,61,5.0,1
58,297,6.075720713938120,1
39,109,5.0,1
61,18,5.0,1
44,321,6.026872146400300,1
37,135,5.0,1
35,300,5.0,1
31,100,5.346787486224660,1
54,131,5.0,1
62,66,5.0,1
39,69,5.0,1
13,251,5.0,1
18,211,5.0,1
19,181,6.3872161432802600,1
38,224,6.886056647693160,1
22,10,6.920818753952380,1
11,273,5.0,1
45,206,8.187086643357140,1
10,201,6.568636235841010,1
64,178,5.0,1
62,55,5.568636235841010,1
54,115,5.2839966563652000,1
23,213,5.0,1
61,435,5.0,1
48,190,5.0,1
9,206,8.102372908709560,1
11,211,5.0,1
36,218,5.376750709602100,1
57,154,5.853871964321760,1
5,191,5.823908740944320,1
47,102,8.031517051446060,1
9,422,5.070581074285710,1
52,125,5.0,1
7,169,5.0,1
21,206,5.886056647693160,1
57,348,5.0,1
14,220,5.0,1
51,31,5.0,1
18,229,5.0,1
28,352,6.119186407719210,1
7,101,5.0,1
58,183,8.568636235841010,1
3,216,5.0,1
55,43,5.0,1
2,318,5.0,1
44,179,5.657577319177790,1
36,76,5.0,1
3,349,5.0,1
54,142,5.0,1
38,205,5.0,1
30,274,5.0,1
67,430,7.2076083105017500,1
31,299,8.468521082957750,1
32,77,5.0,1
33,205,5.0,1
50,202,5.0,1
19,167,6.356547323513810,1
43,138,5.0,1
28,431,5.0,1
49,162,5.0,1
3,6,5.0,1
13,197,5.0,1
0,11,5.0,1
27,103,7.823908740944320,1
27,92,5.0,1
42,239,5.0,1
43,315,5.0,1
2,440,8.638272163982410,1
42,393,5.0,1
44,12,6.920818753952380,1
2,429,7.2441251443275100,1
49,80,5.0,1
50,275,5.0,1
30,21,5.0,1
26,215,5.0,1
67,28,5.0,1
10,38,6.455931955649720,1
34,161,5.0,1
29,408,5.0,1
47,294,5.0,1
42,18,5.0,1
64,219,5.0,1
20,208,5.0,1
48,27,5.0,1
47,66,5.0,1
9,267,5.0,1
52,132,5.0,1
31,242,7.356547323513810,1
54,12,5.0,1
33,366,5.0,1
30,372,5.0,1
36,175,6.142667503568730,1
66,369,6.2076083105017500,1
31,339,6.619788758288390,1
57,51,6.292429823902060,1
16,173,5.0,1
23,131,5.0,1
65,380,5.795880017344080,1
21,132,6.026872146400300,1
10,358,5.376750709602100,1
12,119,5.0,1
28,133,5.823908740944320,1
58,408,6.6020599913279600,1
50,28,5.0,1
59,127,5.0,1
66,124,5.0,1
4,121,9.638272163982410,1
45,439,6.026872146400300,1
52,357,5.0,1
52,119,5.0,1
59,336,5.0,1
34,76,5.0,1
40,373,5.0,1
12,28,5.346787486224660,1
36,339,6.494850021680090,1
10,191,6.443697499232710,1
20,315,5.0,1
19,414,5.0,1
11,264,5.0,1
35,84,8.119186407719210,1
65,346,5.0,1
59,425,6.113509274827520,1
17,372,5.0,1
6,380,5.0,1
55,59,5.0,1
1,36,5.0,1
45,26,5.0,1
63,59,5.0,1
16,244,8.443697499232710,1
13,68,5.0,1
66,28,7.060480747381380,1
4,175,5.657577319177790,1
21,113,9.318758762624410,1
22,22,5.0,1
3,139,5.0,1
3,165,5.0,1
22,214,9.275724130399210,1
3,426,5.0,1
54,434,5.0,1
47,313,5.0,1
56,208,7.376750709602100,1
52,25,5.0,1
14,354,5.0,1
26,388,5.0,1
23,309,5.0,1
39,435,5.0,1
13,265,5.0,1
16,290,5.0,1
18,306,5.0,1
50,417,5.0,1
28,334,6.769551078621730,1
63,205,6.619788758288390,1
15,234,5.0,1
49,99,7.167491087293760,1
18,107,5.0,1
67,144,5.0,1
4,192,5.0,1
42,179,5.0,1
50,406,5.0,1
21,99,5.0,1
62,123,5.0,1
62,118,5.0,1
63,85,5.318758762624410,1
41,191,5.6020599913279600,1
0,125,5.0,1
65,96,5.0,1
5,217,5.657577319177790,1
54,322,5.0,1
1,33,5.0,1
48,343,8.602059991327960,1
47,79,6.356547323513810,1
44,55,5.0,1
1,8,5.0,1
48,297,5.0,1
66,76,5.0,1
43,4,6.026872146400300,1
47,37,7.086186147616280,1
9,234,5.0,1
5,150,5.0,1
43,268,5.0,1
7,371,5.0,1
10,94,5.0,1
21,116,9.2839966563652,1
16,270,5.0,1
7,7,5.585026652029180,1
42,25,5.0,1
8,143,5.366531544420410,1
67,17,5.0,1
63,86,5.0,1
64,113,5.0,1
57,106,5.0,1
22,230,5.0,1
65,54,5.0,1
66,125,5.920818753952380,1
64,298,5.075720713938120,1
2,332,5.0,1
6,15,7.443697499232710,1
55,427,5.0,1
44,174,5.0,1
43,390,7.6777807052660800,1
22,179,9.292429823902060,1
33,213,5.0,1
17,33,5.0,1
7,111,5.0,1
45,346,5.0,1
29,344,5.920818753952380,1
46,192,5.0,1
31,271,6.431798275933010,1
59,104,5.0,1
8,316,5.0,1
24,348,8.508638306165730,1
21,211,5.0,1
61,298,8.346787486224660,1
45,273,5.0,1
57,73,5.0,1
2,205,8.301029995663980,1
54,64,5.0,1
34,220,5.0,1
40,122,5.638272163982410,1
12,346,5.0,1
30,403,5.0,1
19,198,5.0,1
46,68,5.0,1
65,278,5.0,1
11,69,5.0,1
52,243,5.251811972993800,1
14,268,5.0,1
34,177,5.0,1
32,142,5.0,1
67,176,5.0,1
52,75,5.853871964321760,1
46,71,5.0,1
56,20,5.337242168318430,1
48,356,5.0,1
46,70,5.0,1
17,318,5.0,1
22,182,5.0,1
39,409,6.0,1
63,256,5.0,1
48,76,5.3872161432802600,1
26,73,5.0,1
12,310,5.0,1
46,9,5.0,1
64,239,5.0,1
53,12,6.795880017344080,1
13,321,5.0,1
8,406,5.0,1
48,61,5.0,1
32,428,5.0,1
54,88,5.0,1
40,34,5.0,1
25,33,5.0,1
54,272,5.0,1
65,383,5.0,1
36,381,5.0,1
57,234,6.3872161432802600,1
38,329,5.0,1
66,409,5.657577319177790,1
7,146,5.0,1
38,285,5.0,1
52,153,5.0,1
17,435,5.0,1
19,235,5.769551078621730,1
6,391,5.7447274948966900,1
1,210,5.6020599913279600,1
54,45,5.0,1
8,233,5.0,1
48,184,5.0,1
53,400,7.0,1
49,411,5.0,1
12,367,5.0,1
48,187,5.0,1
59,156,5.0,1
65,71,5.0,1
41,266,6.017728766960430,1
5,341,6.455931955649720,1
9,309,5.0,1
67,300,5.0,1
50,333,5.0,1
13,418,5.0,1
16,437,6.113509274827520,1
6,211,5.0,1
32,67,5.0,1
10,200,6.376750709602100,1
33,354,5.0,1
58,263,5.0,1
3,386,5.229147988357860,1
66,128,5.0,1
10,88,6.619788758288390,1
38,230,5.0,1
35,243,5.0,1
44,46,6.0,1
16,337,5.0,1
61,419,5.698970004336020,1
28,266,5.0,1
60,168,8.958607314841780,1
24,119,5.0,1
5,317,5.0,1
43,400,5.0,1
54,352,5.0,1
13,421,5.0,1
64,225,5.0,1
7,396,5.0,1
67,357,5.0,1
21,329,5.0,1
23,236,5.0,1
20,28,5.0,1
56,328,5.0,1
18,170,5.0,1
59,23,5.853871964321760,1
49,397,5.0,1
60,103,6.022276394711150,1
59,135,5.0,1
13,145,5.0,1
61,347,5.0,1
41,344,5.0,1
61,433,5.0,1
59,372,5.0,1
26,325,5.0,1
27,90,5.0,1
33,84,5.0,1
51,134,5.0,1
9,43,5.0,1
67,436,5.0,1
43,201,5.236572006437060,1
17,167,9.102372908709560,1
51,352,5.0,1
32,257,5.0,1
11,429,5.0,1
64,253,5.0,1
21,268,5.0,1
19,240,5.0,1
50,203,5.0,1
29,165,5.886056647693160,1
19,2,5.0,1
5,290,5.0,1
53,293,5.886056647693160,1
13,392,5.0,1
9,158,8.086186147616280,1
20,214,5.0,1
40,107,5.0,1
61,102,5.853871964321760,1
36,435,5.0,1
21,388,5.0,1
37,106,5.0,1
24,105,5.0,1
53,242,5.259637310505760,1
38,288,6.6777807052660800,1
22,145,5.0,1
21,438,5.0,1
31,345,8.09151498112135,1
6,175,5.0,1
3,91,5.0,1
64,155,5.0,1
53,430,8.638272163982410,1
6,436,5.0,1
46,104,5.0,1
65,7,7.853871964321760,1
46,380,5.0,1
59,431,5.0,1
36,344,5.0,1
46,410,5.0,1
34,405,6.136677139879540,1
59,245,5.0,1
47,283,5.508638306165730,1
36,92,5.0,1
4,316,5.0,1
5,157,5.0,1
0,305,5.585026652029180,1
18,291,5.0,1
65,161,5.7447274948966900,1
15,171,5.0,1
16,391,5.7447274948966900,1
23,19,5.0,1
30,166,5.0,1
63,290,5.481486060122110,1
22,141,5.0,1
4,392,5.0,1
52,208,5.0,1
60,21,5.619788758288390,1
16,143,5.0,1
44,222,5.0,1
22,402,5.161150909262740,1
28,244,7.0655015487564300,1
15,250,5.0,1
41,107,5.3979400086720400,1
56,300,9.602059991327960,1
66,97,5.494850021680090,1
13,67,5.0,1
38,331,5.0,1
34,170,5.0,1
10,4,9.958607314841780,1
13,350,5.0,1
24,252,5.0,1
59,190,5.0,1
40,357,5.0,1
27,177,5.0,1
42,302,5.0,1
15,60,5.0,1
32,294,5.552841968657780,1
11,348,5.0,1
21,165,5.6777807052660800,1
6,293,5.0,1
18,68,5.0,1
16,246,9.259637310505760,1
21,271,5.0,1
27,407,5.0,1
52,210,5.0,1
29,275,6.0,1
64,158,5.0,1
19,248,8.040958607678910,1
53,282,5.0,1
18,321,5.0,1
59,146,5.0,1
41,250,5.0,1
66,88,5.886056647693160,1
50,199,7.455931955649720,1
23,168,5.0,1
42,278,5.0,1
52,83,6.096910013008060,1
46,411,5.0,1
4,58,5.0,1
32,53,5.0,1
13,407,5.0,1
54,425,5.0,1
52,74,7.3872161432802600,1
19,212,5.0,1
50,209,5.0,1
12,215,5.0,1
19,90,5.0,1
67,420,5.0,1
47,170,6.060480747381380,1
21,43,5.0,1
17,206,5.0,1
32,182,5.0,1
34,276,5.0,1
59,256,5.0,1
32,404,5.0,1
50,201,5.0,1
61,245,5.0,1
32,255,5.0,1
2,396,7.795880017344080,1
18,337,5.0,1
58,232,7.508638306165730,1
11,57,5.0,1
35,219,5.0,1
24,399,5.0,1
66,301,5.0,1
29,2,5.795880017344080,1
63,390,5.0,1
48,66,5.0,1
18,198,8.136677139879540,1
34,410,6.522878745280340,1
21,356,6.481486060122110,1
59,381,5.0,1
13,112,5.0,1
12,389,5.958607314841780,1
40,204,8.431798275933010,1
34,311,5.0,1
12,128,5.050609993355090,1
7,186,5.0,1
63,419,6.698970004336020,1
44,324,5.522878745280340,1
2,297,7.568636235841010,1
18,129,5.853871964321760,1
11,197,5.0,1
37,201,7.823908740944320,1
24,33,5.0,1
31,188,5.7447274948966900,1
31,137,7.008773924307510,1
54,222,5.0,1
6,49,5.0,1
51,159,5.0,1
5,314,5.0,1
7,14,5.0,1
4,415,5.0,1
13,5,5.0,1
10,161,5.5376020021010400,1
48,102,5.0,1
55,165,7.022276394711150,1
46,89,5.920818753952380,1
29,99,5.698970004336020,1
37,80,5.0,1
27,200,7.886056647693160,1
40,20,8.040958607678910,1
45,252,5.0,1
7,76,5.0,1
11,105,5.0,1
48,244,5.0,1
13,92,5.0,1
25,143,5.0,1
11,138,5.0,1
22,26,5.0,1
57,62,5.0,1
38,320,5.0,1
13,205,5.0,1
36,45,5.0,1
16,162,6.045757490560680,1
16,158,6.070581074285710,1
45,36,6.1249387366083,1
53,9,6.060480747381380,1
21,117,9.327902142064280,1
37,1,5.0,1
25,319,5.0,1
60,209,5.096910013008060,1
35,429,5.0,1
47,148,6.6020599913279600,1
39,135,6.0,1
45,1,6.096910013008060,1
38,196,5.698970004336020,1
31,116,6.494850021680090,1
17,238,5.853871964321760,1
14,19,5.0,1
36,423,5.0,1
9,96,5.0,1
39,118,5.0,1
54,13,5.0,1
5,303,6.958607314841780,1
30,361,5.0,1
61,296,5.0,1
57,256,5.0,1
50,216,5.0,1
37,122,5.0,1
61,67,5.0,1
21,17,5.0,1
15,151,7.275724130399210,1
17,302,5.0,1
17,54,5.0,1
46,352,5.0,1
20,106,5.0,1
40,256,5.886056647693160,1
20,168,5.0,1
58,49,7.638272163982410,1
63,88,5.0,1
45,208,5.0,1
26,60,5.0,1
21,392,5.0,1
58,369,5.6020599913279600,1
63,17,5.721246399047170,1
34,11,5.795880017344080,1
5,187,5.0,1
53,410,5.0,1
16,193,6.481486060122110,1
65,67,5.0,1
41,26,5.0,1
3,272,5.0,1
41,253,5.0,1
50,188,5.0,1
10,92,5.0,1
34,56,5.0,1
9,389,5.0,1
54,153,5.0,1
39,252,5.0,1
21,413,5.346787486224660,1
33,75,5.0,1
29,139,5.0,1
12,88,5.0,1
66,325,7.309803919971490,1
31,154,6.136677139879540,1
58,227,7.187086643357140,1
14,409,5.657577319177790,1
27,264,5.0,1
9,289,5.0,1
23,421,5.0,1
34,121,5.0,1
51,24,5.0,1
26,375,5.0,1
20,267,6.638272163982410,1
3,178,5.0,1
51,179,5.0,1
16,382,6.619788758288390,1
47,435,5.0,1
11,364,5.0,1
20,378,7.6020599913279600,1
44,61,5.0,1
13,24,5.0,1
47,56,6.036212172654440,1
37,284,5.0,1
21,427,5.0,1
40,315,5.0,1
46,238,5.0,1
36,406,5.0,1
3,389,5.0,1
5,138,5.0,1
41,301,5.0,1
0,399,5.0,1
40,233,5.00436480540245,1
61,317,5.0,1
45,139,5.0,1
56,196,7.920818753952380,1
46,17,5.0,1
16,109,5.0,1
10,61,5.0,1
32,31,5.0,1
52,292,5.0,1
26,378,5.0,1
5,398,5.0,1
40,215,5.1249387366083,1
36,441,5.585026652029180,1
59,279,5.0,1
9,291,5.0,1
21,425,5.619788758288390,1
59,367,5.0,1
48,218,5.0,1
30,85,5.0,1
31,186,7.958607314841780,1
32,13,5.0,1
35,19,5.0,1
44,57,5.0,1
7,247,5.0,1
26,275,5.0,1
10,2,9.200659450546420,1
50,62,5.0,1
12,397,5.080921907623930,1
25,323,5.0,1
36,164,7.920818753952380,1
9,172,5.0,1
18,83,5.0,1
62,152,5.0,1
32,414,5.0,1
31,35,7.795880017344080,1
0,16,5.0,1
59,230,5.0,1
38,145,5.0,1
25,309,5.0,1
34,359,5.0,1
35,103,7.585026652029180,1
28,407,5.958607314841780,1
3,353,5.0,1
28,96,5.301029995663980,1
21,125,5.0,1
52,155,5.0,1
21,257,5.0,1
52,427,5.552841968657780,1
65,76,5.0,1
28,271,5.0,1
27,111,5.0,1
48,62,5.0,1
45,342,5.0,1
53,125,5.0,1
39,98,5.0,1
64,109,5.0,1
35,205,8.236572006437060,1
0,101,5.0,1
54,134,5.0,1
8,324,5.0,1
33,172,5.0,1
12,192,5.0,1
52,138,5.0,1
50,318,5.0,1
32,224,5.0,1
21,10,7.214670164989230,1
9,1,5.017728766960430,1
18,296,5.0,1
41,97,5.0,1
48,136,5.0,1
25,434,5.0,1
60,58,5.7447274948966900,1
35,199,5.0,1
66,191,6.0915149811213500,1
14,207,5.102372908709560,1
9,150,5.0,1
18,33,5.0,1
48,380,6.6777807052660800,1
7,215,5.0,1
6,186,5.0,1
46,1,5.0,1
60,358,7.0915149811213500,1
19,47,5.0,1
19,292,5.0,1
33,133,5.0,1
56,42,5.638272163982410,1
45,295,5.0,1
25,334,5.0,1
27,283,5.0,1
44,39,6.619788758288390,1
55,300,6.657577319177790,1
0,431,5.3979400086720400,1
50,244,5.0,1
5,223,5.214670164989230,1
54,353,5.0,1
29,248,7.6020599913279600,1
15,39,6.920818753952380,1
67,226,5.0,1
54,130,5.0,1
43,238,5.958607314841780,1
22,103,8.443697499232710,1
67,133,5.0,1
15,431,5.0,1
67,343,5.0,1
20,181,5.0,1
58,106,5.022276394711150,1
7,233,5.0,1
30,75,5.0,1
40,117,5.769551078621730,1
54,84,5.0,1
16,300,5.0,1
55,398,5.0,1
7,309,5.0,1
24,408,5.0,1
41,7,5.045757490560680,1
46,131,5.0,1
50,305,5.0,1
52,190,5.5376020021010400,1
20,166,5.0,1
52,122,5.0,1
31,416,5.6777807052660800,1
19,233,5.823908740944320,1
38,343,5.0,1
53,194,7.013228265733760,1
38,60,5.0,1
65,201,7.468521082957750,1
38,350,5.0,1
62,203,5.0,1
26,248,5.7447274948966900,1
62,369,5.0,1
61,133,5.0,1
55,223,5.0,1
52,416,5.0,1
50,382,5.0,1
53,21,5.0,1
60,195,8.958607314841780,1
33,328,5.0,1
10,140,7.585026652029180,1
33,261,5.0,1
58,390,6.795880017344080,1
54,349,5.0,1
60,228,5.0,1
50,376,5.0,1
62,313,5.0,1
27,3,6.236572006437060,1
32,71,7.022276394711150,1
2,292,5.0,1
29,173,5.0,1
13,429,5.0,1
12,230,5.0,1
48,246,5.0,1
36,345,5.200659450546420,1
35,441,5.0,1
20,26,6.0,1
34,314,5.0,1
17,257,5.6777807052660800,1
22,107,5.0,1
5,117,5.657577319177790,1
52,179,5.0,1
14,111,5.173925197299170,1
15,394,5.0,1
34,285,5.0,1
19,29,6.086186147616280,1
12,203,5.2076083105017500,1
28,238,6.376750709602100,1
13,71,5.0,1
37,353,5.0,1
46,19,5.0,1
7,200,5.0,1
5,73,5.0,1
7,292,5.0,1
17,188,5.0,1
17,345,5.0,1
56,123,9.113509274827520,1
19,32,5.0,1
24,264,5.0,1
14,189,6.346787486224660,1
54,435,5.0,1
13,9,5.0,1
41,77,5.0,1
44,233,5.2076083105017500,1
19,4,5.823908740944320,1
43,353,5.0,1
18,397,5.0,1
6,167,5.0,1
32,308,5.0,1
40,396,6.443697499232710,1
49,335,6.886056647693160,1
34,154,5.886056647693160,1
49,30,6.4089353929735000,1
37,387,5.0,1
6,303,5.0,1
9,371,5.0,1
2,269,7.075720713938120,1
49,352,5.0,1
21,189,5.0,1
27,143,5.0,1
45,301,5.0,1
27,189,5.920818753952380,1
31,115,5.958607314841780,1
45,306,5.0,1
14,224,5.638272163982410,1
23,1,5.0,1
45,304,5.0,1
17,2,10.0,1
27,281,5.0,1
5,209,5.0,1
19,172,5.886056647693160,1
12,89,5.0,1
38,410,5.522878745280340,1
18,411,5.0,1
33,157,5.0,1
18,34,5.0,1
3,296,7.853871964321760,1
9,414,5.0,1
39,292,5.0,1
8,216,5.0,1
50,365,5.0,1
6,173,5.0,1
48,52,5.0,1
40,290,5.0,1
29,304,6.6777807052660800,1
44,399,5.0,1
57,10,7.119186407719210,1
7,155,5.0,1
63,100,5.0,1
26,271,5.0,1
34,50,5.0,1
57,417,7.0,1
49,366,7.221848749616360,1
6,204,8.769551078621730,1
35,116,6.096910013008060,1
40,104,5.0,1
48,268,5.0,1
45,34,5.1487416512809200,1
24,155,5.0,1
65,256,5.585026652029180,1
58,61,5.0,1
64,362,5.0,1
58,99,8.309803919971490,1
45,369,5.0,1
12,40,5.0,1
19,97,5.0,1
10,108,5.0,1
27,42,5.0,1
0,195,5.0,1
10,309,5.0,1
63,170,5.0,1
1,98,5.0,1
12,314,5.0,1
51,22,5.0,1
40,405,6.221848749616360,1
24,344,5.455931955649720,1
28,401,5.769551078621730,1
43,423,5.0,1
34,423,5.0,1
59,32,5.0,1
51,107,5.0,1
41,355,6.161150909262740,1
55,324,5.0,1
55,356,8.130768280269020,1
36,53,7.698970004336020,1
7,134,5.0,1
42,416,5.0,1
2,163,8.638272163982410,1
5,319,5.0,1
17,185,5.0,1
29,151,6.431798275933010,1
65,353,5.4089353929735000,1
30,354,5.0,1
20,393,5.0,1
61,376,5.0,1
49,322,5.0,1
8,107,5.0,1
16,16,6.337242168318430,1
17,314,5.0,1
12,352,5.0,1
1,263,5.0,1
12,110,5.0,1
15,300,5.0,1
33,36,5.0,1
47,25,5.0,1
13,117,5.0,1
32,284,5.0,1
24,2,5.0,1
4,398,5.0,1
23,242,5.0,1
2,45,6.886056647693160,1
45,363,6.236572006437060,1
42,243,5.0,1
45,174,5.0,1
8,310,5.0,1
56,176,5.568636235841010,1
17,425,6.958607314841780,1
12,386,6.292429823902060,1
25,128,5.0,1
54,380,5.0,1
52,361,5.0,1
26,233,5.0,1
48,312,5.0,1
55,340,5.0,1
59,10,5.0,1
30,344,5.0,1
34,256,5.0,1
33,224,5.0,1
42,141,5.0,1
7,269,5.455931955649720,1
37,433,5.0,1
50,441,5.0,1
67,418,5.0,1
20,216,5.0,1
58,324,5.0,1
21,151,5.0,1
40,282,7.455931955649720,1
5,261,5.0,1
35,334,5.0,1
5,281,5.0,1
18,168,5.0,1
54,63,5.0,1
61,161,8.040958607678910,1
15,353,5.0,1
0,303,6.102372908709560,1
44,255,5.0,1
30,188,5.0,1
15,206,9.494850021680090,1
57,210,6.638272163982410,1
25,262,5.0,1
41,387,6.040958607678910,1
59,349,5.0,1
62,416,5.0,1
64,286,5.0,1
57,192,7.886056647693160,1
33,386,5.0,1
44,403,6.309803919971490,1
39,46,5.0,1
29,226,7.958607314841780,1
22,413,6.6777807052660800,1
44,204,6.537602002101040,1
39,209,5.0,1
29,47,5.721246399047170,1
5,18,5.0,1
50,162,5.0,1
7,230,5.0,1
63,274,5.0,1
36,15,5.0,1
23,424,5.0,1
58,219,7.2441251443275100,1
9,391,5.0,1
62,350,5.0,1
13,328,5.0,1
12,336,5.0,1
55,143,5.0,1
7,54,5.376750709602100,1
18,237,5.0,1
3,372,5.0,1
24,274,5.0,1
39,336,5.0,1
16,395,5.0,1
20,50,5.0,1
52,354,5.0,1
16,149,6.568636235841010,1
26,92,5.0,1
11,345,5.0,1
34,398,5.0,1
1,41,5.0,1
2,401,7.5376020021010400,1
57,379,5.0,1
14,245,5.251811972993800,1
25,18,5.0,1
46,362,5.0,1
6,128,5.0,1
18,0,5.0,1
34,174,5.0,1
39,359,5.0,1
40,0,5.0,1
41,420,5.0,1
54,303,5.0,1
48,365,5.0,1
62,409,5.0,1
41,144,5.0,1
24,171,5.0,1
9,179,7.013228265733760,1
27,383,5.0,1
60,115,5.0,1
1,421,5.0,1
15,356,8.1249387366083,1
67,127,5.0,1
39,192,5.0,1
23,329,5.0,1
34,54,5.0,1
41,68,6.42021640338319,1
44,394,5.3979400086720400,1
39,89,5.0,1
30,407,5.0,1
20,426,5.0,1
43,375,5.0,1
56,395,8.744727494896690,1
11,358,5.0,1
64,281,5.0,1
13,342,5.0,1
12,38,5.0,1
52,99,5.795880017344080,1
27,129,5.0,1
51,440,5.0,1
48,154,5.0,1
64,294,5.0,1
27,20,5.0,1
41,369,5.0,1
5,181,5.0,1
6,190,5.0,1
28,0,6.2839966563652000,1
38,335,5.0,1
23,384,5.0,1
64,409,5.0,1
63,360,6.6020599913279600,1
16,76,5.0,1
10,69,5.0,1
56,388,7.045757490560680,1
23,119,5.0,1
49,272,5.0,1
34,183,5.0,1
22,306,5.0,1
1,159,8.431798275933010,1
61,363,5.0,1
35,338,5.0,1
34,164,5.0,1
25,192,5.0,1
46,413,5.0,1
56,115,5.958607314841780,1
39,195,5.0,1
61,284,5.0,1
4,287,5.0,1
14,412,5.0,1
37,345,5.0,1
34,120,5.0,1
11,318,5.0,1
12,80,5.0,1
25,8,5.0,1
50,206,5.0,1
16,373,5.0,1
17,352,5.0,1
31,262,6.638272163982410,1
43,53,5.0,1
55,61,5.0,1
67,391,5.0,1
11,307,5.0,1
46,178,6.221848749616360,1
8,110,5.0,1
55,396,5.0,1
36,364,5.0,1
34,35,7.366531544420410,1
9,353,5.0,1
2,63,9.0268721464003,1
10,166,8.853871964321760,1
31,185,7.920818753952380,1
21,305,5.0,1
6,4,6.080921907623930,1
13,273,5.0,1
54,221,5.0,1
43,270,5.0,1
16,121,5.568636235841010,1
11,130,6.721246399047170,1
58,160,8.698970004336020,1
8,168,5.0,1
11,297,7.958607314841780,1
5,163,5.187086643357140,1
67,162,5.0,1
41,118,5.0,1
23,201,5.0,1
7,245,5.619788758288390,1
1,236,5.0,1
23,347,5.0,1
44,418,5.552841968657780,1
46,280,5.0,1
36,440,5.0,1
60,333,5.0,1
0,81,9.292429823902060,1
39,127,6.958607314841780,1
54,190,5.0,1
11,432,5.0,1
15,139,6.7447274948966900,1
63,338,8.036212172654440,1
54,414,5.0,1
42,168,5.0,1
63,377,5.0,1
61,250,5.0,1
55,439,7.00436480540245,1
21,245,5.42021640338319,1
23,285,5.0,1
48,214,6.552841968657780,1
48,90,5.0,1
45,300,6.431798275933010,1
8,349,5.0,1
53,428,7.187086643357140,1
23,420,5.0,1
36,59,7.136677139879540,1
46,117,5.0,1
39,379,5.0,1
22,383,5.0,1
10,268,5.2076083105017500,1
7,36,5.0,1
36,425,5.0,1
20,142,5.0,1
22,84,8.744727494896690,1
9,102,5.7447274948966900,1
37,323,5.0,1
60,232,6.154901959985740,1
27,146,5.0,1
23,257,5.0,1
34,378,5.0,1
39,308,5.0,1
62,383,5.0,1
66,285,5.0,1
64,382,5.0,1
53,370,5.698970004336020,1
42,269,5.0,1
19,17,5.0,1
4,259,5.0,1
16,281,5.337242168318430,1
32,288,5.0,1
3,381,5.0,1
59,362,5.0,1
46,336,5.0,1
3,130,5.0,1
67,93,5.0,1
19,332,6.7447274948966900,1
43,94,5.0,1
19,25,5.0,1
43,376,5.0,1
28,366,5.0,1
0,123,5.0,1
47,333,5.585026652029180,1
43,171,5.0,1
3,393,5.0,1
45,366,5.0,1
2,356,8.346787486224660,1
63,179,5.0,1
51,116,5.0,1
58,407,6.721246399047170,1
44,252,6.443697499232710,1
11,87,5.0,1
33,155,5.0,1
33,47,5.0,1
27,326,5.0,1
26,389,5.42021640338319,1
40,372,5.0,1
40,55,5.0,1
36,302,5.0,1
53,279,5.494850021680090,1
60,139,5.0,1
37,381,5.0,1
21,45,5.0,1
21,134,5.0,1
13,185,5.0,1
30,161,5.0,1
37,160,5.022276394711150,1
23,382,5.0,1
33,376,5.0,1
24,120,5.0,1
40,73,5.0,1
44,112,5.619788758288390,1
48,436,5.0,1
24,182,5.0,1
59,160,5.0,1
22,199,5.4089353929735000,1
32,341,5.0,1
27,184,5.0,1
35,326,5.0,1
17,122,6.481486060122110,1
53,403,6.508638306165730,1
9,319,5.0,1
10,408,5.0,1
36,303,5.0,1
55,204,7.6020599913279600,1
15,164,5.0,1
25,432,5.0,1
16,329,5.0,1
43,179,5.267606240177030,1
34,53,5.0,1
62,263,5.0,1
51,208,5.0,1
8,415,5.0,1
34,241,5.0,1
34,141,5.0,1
49,191,5.0,1
35,30,5.0,1
25,103,5.0,1
20,160,7.3979400086720400,1
4,411,5.0,1
8,93,5.0,1
37,312,5.0,1
6,192,5.920818753952380,1
23,411,5.0,1
11,145,5.0,1
10,248,8.494850021680090,1
65,295,5.0,1
66,103,7.376750709602100,1
22,375,5.0,1
20,281,5.0,1
67,41,5.0,1
24,235,5.0,1
58,140,6.552841968657780,1
38,204,5.0,1
22,67,5.0,1
4,300,5.0,1
10,297,5.292429823902060,1
23,130,5.0,1
27,113,5.0,1
42,39,5.0,1
60,5,6.7447274948966900,1
34,175,5.823908740944320,1
21,262,5.0,1
55,266,5.267606240177030,1
43,306,5.0,1
16,319,5.0,1
51,68,5.0,1
8,203,5.0,1
59,63,5.0,1
53,205,9.292429823902060,1
65,414,5.0,1
47,167,7.552841968657780,1
28,150,5.958607314841780,1
65,399,5.0,1
5,128,5.0,1
7,430,5.0,1
30,268,5.0,1
26,42,5.0,1
52,130,5.0,1
44,10,7.1249387366083,1
46,182,5.031517051446070,1
1,327,5.0,1
61,370,5.0,1
57,153,6.537602002101040,1
43,317,5.0,1
18,208,5.0,1
29,434,5.356547323513810,1
62,21,5.0,1
18,108,5.0,1
40,84,9.173925197299170,1
47,334,7.468521082957750,1
13,325,5.0,1
27,37,5.0,1
33,212,5.0,1
34,365,5.0,1
48,215,5.0,1
14,323,5.0,1
56,238,7.552841968657780,1
59,203,5.0,1
8,25,5.0,1
58,123,8.148741651280930,1
15,84,7.886056647693160,1
61,375,5.0,1
17,47,5.0,1
57,186,6.2076083105017500,1
37,408,5.0,1
14,406,5.494850021680090,1
34,379,5.0,1
48,203,6.119186407719210,1
16,339,5.0,1
22,79,5.494850021680090,1
62,106,5.0,1
26,310,5.0,1
1,132,5.0,1
60,6,7.346787486224660,1
56,108,7.6777807052660800,1
47,262,5.0,1
18,104,5.0,1
50,102,6.0,1
46,54,5.0,1
37,272,5.0,1
3,401,6.886056647693160,1
19,168,6.309803919971490,1
5,63,6.366531544420410,1
25,270,5.0,1
20,221,5.0,1
48,363,5.0,1
23,142,5.0,1
43,435,5.0,1
31,29,7.251811972993800,1
56,92,5.0,1
65,203,6.537602002101040,1
66,24,5.0,1
52,314,5.0,1
50,387,5.0,1
48,262,5.0,1
41,352,6.040958607678910,1
23,207,5.0,1
30,277,5.0,1
54,385,5.0,1
66,352,7.0915149811213500,1
59,213,5.0,1
43,42,5.0,1
37,250,5.0,1
36,129,5.0,1
7,40,5.0,1
66,169,5.698970004336020,1
27,352,5.0,1
17,392,5.0,1
51,337,5.0,1
6,371,5.0,1
64,385,5.0,1
30,175,5.0,1
0,36,5.075720713938120,1
2,338,5.0,1
46,374,5.0,1
40,226,5.920818753952380,1
45,101,5.0,1
40,420,5.0,1
48,255,5.0,1
51,127,5.0,1
48,410,5.0,1
18,179,5.0,1
13,93,5.0,1
21,279,5.0,1
32,211,5.0,1
31,308,5.309803919971490,1
38,281,5.0,1
63,433,5.376750709602100,1
63,384,5.6020599913279600,1
49,83,5.769551078621730,1
38,251,5.0,1
8,130,5.0,1
30,72,5.0,1
37,49,5.0,1
24,288,6.259637310505760,1
54,291,5.0,1
14,218,6.0915149811213500,1
33,195,5.0,1
66,202,6.508638306165730,1
9,296,5.0,1
22,13,7.431798275933010,1
27,162,5.0,1
7,6,5.698970004336020,1
23,20,5.0,1
4,338,5.0,1
63,146,5.0,1
18,351,5.0,1
33,429,5.0,1
26,274,5.0,1
39,78,5.0,1
0,142,5.0,1
31,191,8.769551078621730,1
26,216,5.0,1
0,104,5.0,1
48,80,6.040958607678910,1
27,310,5.0,1
56,280,5.508638306165730,1
16,314,5.0,1
11,385,5.0,1
46,133,5.0,1
28,94,5.2076083105017500,1
26,101,5.5376020021010400,1
18,219,5.0,1
37,344,5.0,1
18,376,5.0,1
38,84,6.173925197299170,1
30,31,5.0,1
62,410,5.0,1
39,61,5.0,1
59,310,7.080921907623930,1
5,370,5.0,1
18,250,5.200659450546420,1
9,372,5.0,1
35,32,5.0,1
24,326,5.823908740944320,1
55,67,5.0,1
59,185,5.0,1
61,4,5.0,1
18,4,5.886056647693160,1
45,210,5.920818753952380,1
54,232,5.0,1
32,208,5.6777807052660800,1
63,196,6.200659450546420,1
23,399,5.0,1
44,202,5.455931955649720,1
5,42,5.0,1
29,102,5.494850021680090,1
37,199,5.0,1
6,385,5.0,1
18,189,5.0,1
59,119,5.853871964321760,1
39,56,5.0,1
36,233,7.0,1
18,8,5.0,1
26,50,5.0,1
54,52,5.0,1
39,206,6.823908740944320,1
8,123,5.0,1
64,35,5.0,1
59,244,5.0,1
25,94,5.0,1
5,271,5.0,1
38,355,5.0,1
53,69,5.0,1
60,152,6.327902142064280,1
28,264,5.251811972993800,1
16,133,6.920818753952380,1
49,236,6.2839966563652000,1
28,120,6.619788758288390,1
1,296,5.0,1
42,406,5.0,1
67,273,5.0,1
66,112,5.0,1
6,113,5.0,1
20,179,5.920818753952380,1
30,386,5.481486060122110,1
45,46,5.638272163982410,1
45,281,5.0,1
0,361,6.161150909262740,1
43,396,5.0,1
35,431,5.0,1
52,183,5.0,1
64,21,5.0,1
26,334,5.0,1
62,253,5.0,1
13,139,5.0,1
4,416,5.0,1
56,41,6.769551078621730,1
44,78,5.5376020021010400,1
25,127,5.0,1
0,341,8.022276394711150,1
58,137,6.455931955649720,1
29,132,5.0,1
51,355,5.0,1
21,353,5.0,1
13,379,5.0,1
43,381,5.0,1
33,58,5.0,1
33,431,5.0,1
29,37,6.7447274948966900,1
51,57,5.0,1
18,354,5.0,1
7,201,5.0,1
9,66,5.0,1
45,13,6.318758762624410,1
58,74,5.0,1
20,191,5.0,1
17,182,5.0,1
14,134,5.568636235841010,1
47,192,6.3979400086720400,1
35,3,7.107905397309520,1
60,403,5.721246399047170,1
25,292,5.0,1
43,36,5.6020599913279600,1
47,89,5.0,1
42,232,5.0,1
61,319,5.0,1
17,68,5.0,1
48,392,5.958607314841780,1
28,268,5.0,1
15,354,5.0,1
18,206,6.585026652029180,1
66,82,5.0,1
22,49,7.119186407719210,1
29,53,5.3979400086720400,1
49,390,5.0,1
66,27,7.508638306165730,1
34,21,5.0,1
5,245,5.0,1
49,222,5.958607314841780,1
48,328,5.0,1
41,20,5.0,1
30,57,5.0,1
65,94,5.0,1
67,81,5.0,1
49,3,5.0,1
58,126,6.050609993355090,1
35,436,5.0,1
20,85,5.0,1
65,430,6.086186147616280,1
52,291,5.0,1
58,359,5.0,1
61,87,5.0,1
40,129,7.853871964321760,1
19,60,5.0,1
54,408,5.0,1
12,195,5.0,1
56,373,7.366531544420410,1
30,389,5.0,1
13,291,5.0,1
66,303,6.327902142064280,1
38,337,5.0,1
50,215,5.0,1
33,221,5.0,1
54,389,5.0,1
46,344,5.0,1
24,289,6.568636235841010,1
28,67,5.301029995663980,1
20,5,5.0,1
44,372,5.823908740944320,1
48,404,6.013228265733760,1
29,268,6.130768280269020,1
20,6,5.0,1
10,366,6.060480747381380,1
21,380,5.0,1
64,436,5.0,1
1,413,5.552841968657780,1
45,200,8.55284196865778,1
16,336,5.0,1
9,156,5.0,1
22,382,5.0,1
58,277,5.0,1
32,68,5.0,1
2,80,6.958607314841780,1
17,219,5.275724130399210,1
42,101,5.0,1
66,102,7.920818753952380,1
26,349,5.0,1
40,273,5.522878745280340,1
67,71,5.346787486224660,1
38,88,5.0,1
56,319,5.0,1
42,41,5.0,1
39,366,5.0,1
14,59,5.0,1
36,158,7.958607314841780,1
32,94,5.0,1
8,422,5.0,1
67,199,5.0,1
20,256,5.0,1
11,30,5.0,1
62,357,5.0,1
58,186,5.958607314841780,1
61,380,5.0,1
60,47,5.0,1
57,139,5.0,1
37,48,5.0,1
30,194,5.0,1
39,245,5.0,1
2,329,5.431798275933010,1
6,195,5.481486060122110,1
54,315,5.0,1
10,406,5.0,1
6,381,5.0,1
38,250,5.0,1
13,83,5.0,1
51,375,5.0,1
51,378,5.0,1
66,428,6.42021640338319,1
60,245,5.070581074285710,1
45,122,5.0,1
43,152,5.508638306165730,1
3,238,5.0,1
5,214,5.0,1
15,87,5.0,1
36,257,5.0,1
54,172,5.0,1
55,370,5.0,1
0,158,6.267606240177030,1
48,288,5.0,1
44,186,5.0,1
55,440,8.200659450546420,1
15,38,5.0,1
34,381,5.0,1
51,356,5.0,1
37,405,5.0,1
18,382,5.0,1
37,4,6.040958607678910,1
53,79,7.026872146400300,1
52,101,5.795880017344080,1
5,16,5.0,1
25,237,5.0,1
25,393,5.0,1
15,77,5.0,1
46,152,5.0,1
37,125,5.0,1
33,400,5.0,1
67,248,5.0,1
64,407,5.0,1
32,394,5.0,1
23,143,5.0,1
3,205,5.0,1
31,149,7.552841968657780,1
57,364,5.6777807052660800,1
18,377,5.0,1
28,124,5.0,1
8,36,5.0,1
15,132,5.275724130399210,1
26,352,5.0,1
5,264,5.0,1
33,185,7.721246399047170,1
54,73,5.0,1
3,307,5.0,1
58,313,5.0,1
60,344,5.0,1
17,6,10.602059991328000,1
21,139,5.958607314841780,1
55,149,5.0,1
29,154,6.552841968657780,1
65,331,5.0,1
41,204,5.886056647693160,1
49,79,5.0,1
2,189,6.886056647693160,1
40,162,6.886056647693160,1
49,210,5.0,1
51,96,5.0,1
35,276,5.0,1
36,363,5.0,1
1,188,5.0,1
15,399,5.0,1
31,202,7.958607314841780,1
4,402,5.0,1
17,326,5.0,1
66,252,6.958607314841780,1
57,329,5.0,1
25,97,5.0,1
22,368,7.853871964321760,1
9,76,5.0,1
33,32,5.0,1
40,415,7.568636235841010,1
30,285,5.0,1
54,429,5.0,1
51,428,5.0,1
66,245,6.698970004336020,1
4,349,5.0,1
30,180,5.0,1
51,348,5.0,1
41,333,5.0,1
61,399,5.0,1
55,102,8.823908740944320,1
52,111,5.769551078621730,1
32,304,5.0,1
34,245,5.0,1
3,333,5.0,1
25,31,5.0,1
63,2,5.142667503568730,1
51,17,5.0,1
20,358,5.0,1
50,105,5.0,1
30,132,5.0,1
24,359,5.0,1
51,400,5.0,1
19,67,5.920818753952380,1
18,361,5.0,1
40,363,7.795880017344080,1
8,364,5.0,1
4,143,5.0,1
2,155,5.853871964321760,1
31,181,6.2441251443275100,1
56,385,8.958607314841780,1
4,319,5.0,1
46,222,5.0,1
41,128,5.0,1
43,47,5.0,1
41,260,5.721246399047170,1
20,161,7.142667503568730,1
38,146,5.0,1
32,199,5.366531544420410,1
36,323,5.508638306165730,1
26,331,5.0,1
20,404,5.0,1
24,93,5.0,1
52,97,5.0,1
66,84,7.318758762624410,1
20,391,5.0,1
54,0,5.0,1
30,133,5.0,1
24,277,5.0,1
42,419,5.0,1
57,202,6.958607314841780,1
58,218,6.552841968657780,1
14,367,5.0,1
66,142,5.0,1
24,298,5.4089353929735000,1
20,74,5.468521082957750,1
32,401,6.494850021680090,1
45,279,5.0,1
31,31,8.431798275933010,1
3,339,5.0,1
54,122,5.301029995663980,1
67,329,5.0,1
66,248,7.086186147616280,1
34,151,5.619788758288390,1
22,287,6.4089353929735000,1
45,373,5.0,1
39,204,7.657577319177790,1
65,316,5.0,1
25,381,5.0,1
56,156,7.769551078621730,1
39,430,5.0,1
19,297,7.267606240177030,1
50,97,5.0,1
51,360,5.0,1
21,229,5.0,1
56,332,8.886056647693160,1
39,87,5.0,1
13,428,5.0,1
44,230,5.0,1
24,219,5.0,1
19,242,5.0,1
22,418,8.387216143280270,1
22,219,7.795880017344080,1
13,0,5.0,1
20,4,5.0,1
34,281,5.0,1
14,163,5.619788758288390,1
9,144,5.0,1
48,123,5.130768280269020,1
53,259,5.0,1
26,16,5.795880017344080,1
48,70,5.769551078621730,1
2,295,7.823908740944320,1
29,183,6.036212172654440,1
27,76,5.0,1
25,27,5.0,1
42,108,5.0,1
20,22,5.0,1
39,42,5.0,1
35,72,5.0,1
20,272,5.0,1
5,20,5.619788758288390,1
65,26,5.0,1
54,156,5.0,1
42,137,5.0,1
33,67,5.0,1
26,67,5.0,1
66,41,5.0,1
17,285,6.3872161432802600,1
52,328,5.0,1
41,34,5.0,1
28,35,5.5376020021010400,1
17,242,5.0,1
35,175,6.161150909262740,1
64,323,5.0,1
22,108,5.0,1
20,324,5.958607314841780,1
29,399,6.173925197299170,1
50,293,5.0,1
20,268,5.0,1
2,257,5.0,1
28,365,6.130768280269020,1
63,272,5.0,1
67,29,5.0,1
38,328,5.0,1
45,10,6.275724130399210,1
60,95,5.769551078621730,1
5,159,5.301029995663980,1
23,7,5.0,1
37,179,5.0,1
61,248,5.0,1
9,38,5.0,1
67,335,5.0,1
15,240,5.0,1
40,142,5.0,1
20,137,5.0,1
63,281,5.0,1
50,317,5.0,1
62,128,5.0,1
41,377,5.0,1
25,165,5.0,1
20,327,5.0,1
31,277,5.251811972993800,1
14,417,5.0,1
60,92,5.0,1
41,397,5.0,1
28,86,5.0,1
67,311,5.0,1
0,422,5.0,1
26,177,5.0,1
40,359,5.0,1
45,410,5.481486060122110,1
61,32,5.0,1
61,19,5.0,1
15,156,5.958607314841780,1
40,324,5.0,1
4,249,5.0,1
14,208,5.0,1
22,247,9.086186147616280,1
38,19,5.0,1
38,316,5.0,1
16,172,5.0,1
13,51,5.0,1
49,163,5.0,1
3,120,5.0,1
13,339,5.0,1
1,171,5.0,1
21,414,6.200659450546420,1
57,243,6.455931955649720,1
55,180,5.318758762624410,1
15,246,6.236572006437060,1
37,390,5.0,1
12,148,5.0,1
63,53,5.0,1
27,63,5.0,1
57,242,5.2839966563652000,1
55,271,5.0,1
32,215,5.0,1
25,256,5.0,1
28,57,5.0,1
14,131,5.0,1
24,390,5.0,1
20,387,5.3872161432802600,1
16,128,6.443697499232710,1
2,49,5.0,1
26,209,5.0,1
22,102,9.698970004336020,1
5,129,5.455931955649720,1
59,439,5.3979400086720400,1
3,343,5.0,1
59,293,5.0,1
1,377,5.0,1
4,10,6.42021640338319,1
37,378,5.0,1
29,300,5.619788758288390,1
41,229,7.102372908709560,1
14,203,5.4089353929735000,1
22,200,8.602059991327960,1
34,234,5.0,1
6,146,5.0,1
51,272,5.0,1
54,54,5.0,1
56,293,8.920818753952380,1
4,63,5.0,1
47,391,6.229147988357860,1
14,286,5.0,1
27,9,8.744727494896690,1
64,236,5.0,1
55,104,5.0,1
52,299,5.0,1
44,286,5.0,1
46,108,5.0,1
28,276,5.0,1
52,435,5.0,1
63,355,7.552841968657780,1
18,311,5.0,1
12,216,5.0,1
34,351,5.0,1
19,308,5.0,1
23,438,5.0,1
34,356,5.0,1
64,90,5.0,1
9,9,6.0655015487564300,1
16,102,6.292429823902060,1
42,228,5.0,1
11,334,5.0,1
41,416,5.0,1
30,102,5.0,1
2,283,5.0,1
52,288,5.0,1
12,411,5.0,1
37,316,5.0,1
55,48,5.0,1
10,422,5.0,1
51,427,5.0,1
4,251,5.795880017344080,1
47,399,7.721246399047170,1
13,95,5.0,1
45,73,5.0,1
36,192,5.0,1
47,417,6.769551078621730,1
59,89,5.920818753952380,1
7,61,5.0,1
11,323,5.0,1
38,233,5.0,1
51,100,5.0,1
25,312,5.0,1
7,79,5.2839966563652000,1
24,430,5.0,1
23,49,5.0,1
43,417,5.0,1
13,344,5.0,1
2,365,6.443697499232710,1
42,327,5.0,1
67,35,5.0,1
13,182,5.0,1
47,437,7.455931955649720,1
57,270,6.3872161432802600,1
13,157,5.0,1
10,66,5.0,1
32,122,5.0,1
30,14,5.0,1
38,192,5.0,1
34,143,5.0,1
15,5,6.552841968657780,1
37,133,5.0,1
54,363,5.0,1
25,286,5.0,1
54,301,5.0,1
9,11,5.958607314841780,1
3,28,5.0,1
41,27,5.568636235841010,1
41,375,5.00436480540245,1
30,47,5.0,1
54,281,5.0,1
26,399,5.0,1
30,366,5.0,1
10,305,5.886056647693160,1
37,208,5.0,1
62,109,5.0,1
66,374,5.0,1
1,316,5.0,1
64,105,5.0,1
10,396,8.698970004336020,1
3,363,5.0,1
56,276,5.0,1
57,133,6.318758762624410,1
31,81,7.356547323513810,1
16,146,5.0,1
56,277,6.0915149811213500,1
48,94,5.173925197299170,1
61,349,5.0,1
41,404,6.013228265733760,1
16,104,6.769551078621730,1
31,422,8.187086643357140,1
25,410,5.0,1
38,385,5.481486060122110,1
26,55,5.0,1
39,169,5.0,1
7,105,5.5376020021010400,1
8,75,5.0,1
15,440,5.0,1
61,5,5.0,1
55,367,5.0,1
3,49,5.0,1
39,146,5.0,1
23,274,5.0,1
2,339,5.0,1
44,97,7.026872146400300,1
7,195,5.0,1
51,175,5.0,1
61,402,5.0,1
29,156,6.356547323513810,1
23,144,5.0,1
64,68,5.0,1
59,138,6.356547323513810,1
43,111,5.568636235841010,1
55,282,6.1938200260161100,1
15,205,9.568636235841010,1
46,87,5.0,1
58,273,5.0,1
35,106,5.0,1
12,51,5.0,1
38,315,5.0,1
16,432,5.0,1
31,276,5.0,1
1,224,5.0,1
37,370,5.0,1
61,66,5.0,1
42,95,5.0,1
47,80,5.920818753952380,1
37,20,5.0,1
62,159,5.0,1
62,116,5.0,1
8,101,5.769551078621730,1
32,109,5.0,1
4,28,5.0,1
6,17,5.0,1
1,127,5.187086643357140,1
14,88,5.337242168318430,1
40,297,8.2518119729938,1
45,409,6.154901959985740,1
9,408,5.0,1
24,269,5.0,1
26,383,5.0,1
8,227,5.0,1
5,222,5.0,1
13,312,5.0,1
13,156,5.0,1
12,142,5.0,1
3,170,5.0,1
60,338,7.017728766960430,1
60,204,6.920818753952380,1
44,239,7.036212172654440,1
57,198,5.619788758288390,1
57,187,6.301029995663980,1
13,45,5.0,1
2,407,5.0,1
5,21,5.346787486224660,1
30,409,5.0,1
55,3,5.309803919971490,1
33,280,5.0,1
39,111,5.0,1
1,268,5.0,1
52,36,5.301029995663980,1
45,39,5.585026652029180,1
49,318,5.0,1
20,25,5.0,1
17,205,9.167491087293760,1
10,416,6.769551078621730,1
4,279,5.0,1
2,95,5.886056647693160,1
64,160,5.0,1
28,192,6.309803919971490,1
40,352,5.301029995663980,1
27,370,5.0,1
22,139,5.823908740944320,1
35,178,5.0,1
53,413,7.045757490560680,1
14,228,5.0,1
49,1,5.657577319177790,1
11,347,5.0,1
67,61,5.0,1
63,361,6.221848749616360,1
31,199,7.920818753952380,1
66,335,5.0,1
31,206,7.346787486224660,1
61,101,5.0,1
43,352,5.0,1
11,376,5.0,1
34,362,5.0,1
48,282,5.0,1
10,235,5.0,1
37,109,5.0,1
22,378,5.0,1
35,141,5.0,1
38,283,5.0,1
38,383,5.0,1
31,72,6.275724130399210,1
13,247,5.0,1
44,248,6.7447274948966900,1
55,53,5.0,1
18,368,5.0,1
14,156,5.552841968657780,1
20,46,5.0,1
20,33,5.0,1
44,69,5.0,1
6,8,7.443697499232710,1
59,355,5.0,1
23,349,5.0,1
39,272,5.0,1
52,189,5.0,1
65,24,5.0,1
65,220,5.0,1
38,388,5.0,1
23,262,5.0,1
60,380,5.698970004336020,1
17,89,5.823908740944320,1
20,436,5.0,1
54,426,5.0,1
12,91,5.0,1
50,8,5.0,1
29,387,7.267606240177030,1
32,145,5.0,1
51,215,5.0,1
54,198,5.0,1
49,151,5.0,1
15,381,5.0,1
6,432,5.0,1
21,350,5.0,1
26,335,5.0,1
33,352,5.0,1
64,13,5.0,1
40,23,7.568636235841010,1
49,179,5.0,1
64,98,5.0,1
12,255,5.022276394711150,1
54,119,5.096910013008060,1
45,259,5.0,1
19,351,6.251811972993800,1
7,13,5.0,1
67,323,5.0,1
31,33,6.769551078621730,1
65,254,5.0,1
34,310,5.0,1
65,281,5.0,1
16,385,6.698970004336020,1
7,360,5.0,1
29,200,7.275724130399210,1
44,392,5.0,1
12,233,5.0,1
8,180,5.0,1
21,272,5.0,1
5,83,5.0,1
66,408,5.0,1
14,125,5.6020599913279600,1
25,191,5.0,1
31,170,7.619788758288390,1
1,280,5.0,1
46,232,5.0,1
36,139,5.0,1
67,4,5.0,1
0,92,6.040958607678910,1
52,136,5.0,1
41,289,5.0,1
10,327,5.0,1
0,166,5.0,1
33,267,5.0,1
29,93,5.920818753952380,1
36,212,5.0,1
18,128,5.5376020021010400,1
50,339,5.0,1
33,388,5.0,1
33,384,5.0,1
16,419,7.086186147616280,1
38,122,9.200659450546420,1
15,341,5.0,1
14,278,5.0,1
55,122,5.0,1
26,5,6.107905397309520,1
8,396,5.0,1
3,208,5.0,1
0,184,5.0,1
16,409,6.958607314841780,1
62,309,5.0,1
29,128,5.0,1
35,151,5.0,1
57,185,5.0,1
16,400,5.7447274948966900,1
5,228,5.0,1
67,426,5.0,1
17,270,5.0,1
26,207,5.0,1
66,347,7.853871964321760,1
23,154,5.0,1
21,9,6.638272163982410,1
23,337,5.0,1
54,39,5.0,1
49,155,5.0,1
36,179,6.022276394711150,1
44,335,5.0,1
44,28,5.0,1
40,42,5.0,1
13,54,5.0,1
60,121,5.236572006437060,1
5,24,5.0,1
24,335,5.0,1
12,61,5.0,1
60,214,5.5376020021010400,1
35,240,5.0,1
5,424,6.7447274948966900,1
5,174,6.136677139879540,1
12,388,5.0,1
23,173,5.0,1
67,353,5.0,1
50,24,5.0,1
31,290,7.455931955649720,1
51,202,5.0,1
2,15,7.886056647693160,1
0,380,5.443697499232710,1
41,154,5.0,1
25,279,5.0,1
67,178,5.0,1
18,357,5.0,1
42,397,5.0,1
21,398,5.0,1
5,22,5.0,1
2,79,7.2839966563652000,1
27,179,6.017728766960430,1
21,373,5.0,1
38,160,5.508638306165730,1
9,401,5.0,1
13,147,5.0,1
25,386,5.0,1
13,366,5.0,1
35,49,5.0,1
66,411,5.0,1
5,127,5.481486060122110,1
43,182,5.0,1
15,392,5.0,1
29,423,6.236572006437060,1
58,306,5.0,1
37,16,5.346787486224660,1
42,164,5.0,1
66,324,5.0,1
14,271,5.0,1
66,226,6.537602002101040,1
47,169,8.481486060122110,1
54,183,5.0,1
17,418,5.0,1
2,40,5.0,1
27,334,5.0,1
11,406,5.0,1
64,255,5.0,1
58,293,6.4089353929735000,1
33,98,5.0,1
19,105,5.0,1
16,105,5.853871964321760,1
57,33,5.0,1
51,319,5.0,1
54,231,5.0,1
56,202,9.366531544420410,1
17,244,5.0,1
64,2,5.0,1
28,357,8.920818753952380,1
66,422,7.657577319177790,1
53,207,9.602059991327960,1
3,0,5.0,1
49,59,5.0,1
4,426,5.0,1
4,438,5.0,1
53,305,7.0,1
50,381,5.0,1
67,203,5.0,1
12,312,5.0,1
15,411,5.0,1
61,336,5.0,1
1,433,5.0,1
49,262,5.508638306165730,1
66,109,5.0,1
60,212,5.102372908709560,1
3,347,5.0,1
42,220,5.0,1
67,372,5.0,1
26,23,5.0,1
44,282,6.318758762624410,1
14,359,5.075720713938120,1
3,374,5.0,1
17,236,5.0,1
44,277,5.0,1
27,339,5.0,1
4,328,5.0,1
54,1,5.0,1
62,264,5.0,1
27,187,5.0,1
8,149,5.0,1
63,118,5.0,1
38,0,5.0,1
35,9,8.221848749616360,1
28,370,5.0,1
4,169,5.0,1
48,419,5.0,1
40,70,5.0,1
60,250,5.136677139879540,1
58,288,6.187086643357140,1
19,217,5.0,1
25,12,5.0,1
15,280,5.0,1
16,42,5.0,1
50,80,5.0,1
51,301,5.0,1
27,89,5.0,1
23,16,5.0,1
56,287,7.376750709602100,1
3,172,5.0,1
58,304,7.769551078621730,1
52,373,5.0,1
6,282,5.0,1
1,279,5.0,1
30,434,5.0,1
24,224,6.055517327849830,1
40,118,5.958607314841780,1
18,225,5.0,1
21,124,5.0,1
39,315,5.0,1
34,148,5.0,1
17,359,5.0,1
3,118,5.0,1
40,321,5.0,1
61,302,5.0,1
31,436,5.096910013008060,1
28,392,5.657577319177790,1
25,268,5.0,1
27,130,5.0,1
44,302,5.0,1
59,150,5.0,1
9,307,5.0,1
21,331,5.0,1
53,345,5.431798275933010,1
21,193,5.0,1
0,31,5.0,1
26,357,5.0,1
22,312,5.0,1
22,362,6.070581074285710,1
15,401,5.0,1
16,388,5.0,1
50,136,5.0,1
8,84,5.0,1
18,210,5.920818753952380,1
35,176,5.0,1
31,128,5.769551078621730,1
33,272,5.0,1
30,433,5.0,1
17,295,5.0,1
19,231,5.0,1
19,410,5.0,1
34,58,5.0,1
53,139,5.0,1
15,42,5.0,1
52,123,5.0,1
17,0,5.0,1
29,292,5.886056647693160,1
33,302,5.0,1
35,157,5.0,1
41,198,5.0,1
25,11,5.0,1
14,374,5.2076083105017500,1
45,212,6.4089353929735000,1
38,162,5.309803919971490,1
59,343,5.0,1
25,281,5.0,1
31,82,5.0,1
64,383,5.0,1
41,368,5.522878745280340,1
29,253,6.187086643357140,1
37,332,5.0,1
13,341,5.0,1
52,277,5.0,1
42,322,5.0,1
42,323,5.0,1
49,334,5.376750709602100,1
33,210,5.0,1
10,90,5.0,1
41,356,6.236572006437060,1
0,387,5.376750709602100,1
49,365,5.0,1
16,375,5.0,1
2,426,5.0,1
11,202,5.0,1
9,218,5.795880017344080,1
8,82,5.0,1
49,261,5.0,1
37,134,5.0,1
28,339,5.0,1
22,316,5.0,1
57,397,5.0,1
46,40,5.0,1
58,31,7.886056647693160,1
12,428,5.0,1
27,315,5.0,1
1,239,5.0,1
21,90,5.0,1
37,302,5.0,1
11,95,5.0,1
57,176,7.259637310505760,1
31,319,5.3979400086720400,1
29,326,5.0,1
54,212,5.0,1
59,322,5.0,1
7,390,5.0,1
37,431,5.0,1
6,262,5.0,1
25,21,5.0,1
64,23,5.0,1
59,268,5.0,1
39,112,5.0,1
8,238,5.0,1
61,417,6.346787486224660,1
49,41,5.7447274948966900,1
3,412,5.0,1
42,428,5.0,1
38,403,5.376750709602100,1
1,282,5.0,1
34,51,5.0,1
52,106,5.0,1
21,299,5.0,1
43,63,5.0,1
12,245,5.2076083105017500,1
32,191,5.0,1
4,250,5.7447274948966900,1
42,222,5.0,1
62,134,5.0,1
55,95,5.0,1
54,310,5.0,1
52,253,5.0,1
11,357,5.0,1
45,153,6.130768280269020,1
64,63,5.0,1
42,301,5.0,1
7,257,5.0,1
67,51,5.0,1
26,262,5.0,1
55,0,5.0,1
28,128,5.113509274827520,1
42,384,5.0,1
45,408,5.522878745280340,1
22,86,5.0,1
42,149,5.0,1
61,199,5.0,1
7,383,5.0,1
19,317,5.0,1
7,59,7.638272163982410,1
31,298,7.5376020021010400,1
23,398,5.0,1
60,419,5.0655015487564300,1
47,201,8.455931955649720,1
17,48,5.0,1
22,393,5.0,1
9,110,5.0,1
13,410,5.0,1
35,417,5.0,1
49,257,5.0,1
50,258,5.0,1
18,11,7.229147988357860,1
16,427,6.0,1
59,200,5.0,1
4,226,5.0,1
30,376,5.0,1
60,270,5.236572006437060,1
33,204,5.0,1
46,430,5.0,1
11,405,5.0,1
2,217,6.795880017344080,1
65,418,5.0,1
54,239,5.0,1
4,0,5.0,1
11,222,5.0,1
23,59,5.0,1
27,78,5.0,1
5,393,5.0,1
35,277,5.0,1
29,127,6.0915149811213500,1
47,115,5.0,1
61,120,5.0,1
63,365,5.0,1
63,391,7.086186147616280,1
44,317,6.853871964321760,1
43,236,5.0,1
65,243,5.0,1
9,298,7.3872161432802600,1
56,376,8.050609993355090,1
63,220,5.0,1
28,427,5.721246399047170,1
52,340,5.0,1
1,40,5.0,1
35,382,5.0,1
38,411,5.0,1
51,114,5.0,1
54,237,7.00436480540245,1
27,25,5.0,1
6,390,5.0,1
24,221,5.0,1
22,260,5.0,1
13,37,5.0,1
31,286,5.455931955649720,1
3,336,5.0,1
29,189,7.318758762624410,1
26,365,5.0,1
43,227,5.0,1
59,140,5.6777807052660800,1
5,267,5.0,1
53,364,5.0,1
38,367,5.0,1
53,258,6.886056647693160,1
22,31,5.0,1
11,178,5.0,1
43,195,5.0,1
0,89,6.920818753952380,1
50,343,5.0,1
48,354,5.0,1
60,219,6.229147988357860,1
2,73,7.886056647693160,1
35,161,5.0,1
50,280,5.0,1
12,71,5.0,1
61,346,5.0,1
29,342,5.0,1
14,145,5.0,1
32,217,6.259637310505760,1
40,378,5.0,1
10,35,5.0,1
60,269,5.0,1
35,279,5.0,1
10,252,5.0,1
33,247,5.0,1
38,181,5.0,1
27,72,5.0,1
1,99,5.0,1
25,166,5.0,1
57,274,5.853871964321760,1
42,213,5.0,1
42,20,5.0,1
17,255,5.0,1
42,16,5.0,1
36,195,7.026872146400300,1
29,289,5.568636235841010,1
55,29,5.0,1
33,380,5.0,1
64,377,5.0,1
56,426,6.552841968657780,1
6,246,5.958607314841780,1
44,198,5.0,1
65,84,5.920818753952380,1
61,8,5.0,1
13,119,5.0,1
33,12,5.0,1
35,91,5.0,1
59,109,6.173925197299170,1
26,342,5.0,1
65,207,6.251811972993800,1
46,375,5.522878745280340,1
29,155,5.638272163982410,1
14,52,5.0,1
21,319,5.0,1
48,169,5.0,1
63,407,5.075720713938120,1
58,161,8.065501548756430,1
61,190,6.136677139879540,1
54,154,5.0,1
34,79,5.0,1
63,105,5.0,1
57,413,7.6020599913279600,1
58,14,6.698970004336020,1
50,309,5.0,1
21,239,5.0,1
56,223,8.619788758288390,1
63,297,5.795880017344080,1
48,317,5.0,1
55,17,5.0,1
43,339,5.0,1
43,206,5.0,1
57,47,5.455931955649720,1
34,75,5.0,1
6,100,5.0,1
2,379,5.468521082957750,1
39,314,5.0,1
65,263,5.0,1
40,203,7.455931955649720,1
62,221,5.0,1
37,325,5.0,1
61,173,5.0,1
2,376,5.0,1
12,262,5.0,1
16,425,5.698970004336020,1
37,262,5.0,1
59,205,5.0,1
40,389,9.148741651280930,1
9,39,5.823908740944320,1
25,173,5.0,1
43,20,5.494850021680090,1
17,232,5.0,1
12,58,5.0,1
52,298,5.0,1
27,204,7.853871964321760,1
57,22,5.0,1
7,261,5.0,1
45,4,5.356547323513810,1
5,177,5.376750709602100,1
14,329,5.0,1
57,410,5.0,1
0,286,5.0,1
27,308,5.0,1
32,227,5.494850021680090,1
18,366,5.0,1
26,302,5.0,1
65,57,5.0,1
7,345,6.292429823902060,1
38,412,5.0,1
62,122,5.0,1
59,54,5.0,1
58,344,7.096910013008060,1
61,131,5.0,1
63,350,5.0,1
46,188,5.0,1
58,104,7.376750709602100,1
12,285,5.0,1
47,246,6.638272163982410,1
14,126,5.0,1
8,119,5.0,1
19,145,5.0,1
6,107,5.0,1
10,86,6.552841968657780,1
20,329,6.481486060122110,1
31,136,5.161150909262740,1
36,118,5.721246399047170,1
22,252,5.522878745280340,1
43,432,5.0,1
23,277,5.0,1
18,112,5.154901959985740,1
18,378,5.0,1
17,15,10.337242168318400,1
7,175,5.0,1
52,267,5.619788758288390,1
7,197,5.0,1
60,151,6.552841968657780,1
38,308,5.0,1
59,292,5.0,1
33,128,5.0,1
22,120,5.7447274948966900,1
9,355,7.096910013008060,1
55,116,5.0,1
51,271,5.0,1
66,220,5.0,1
39,84,7.346787486224660,1
24,304,5.0,1
21,240,5.0,1
17,58,5.0,1
53,114,5.045757490560680,1
41,425,5.180456064458130,1
9,370,5.0,1
41,321,5.0,1
37,301,5.0,1
18,216,5.0,1
3,293,5.0,1
37,157,7.920818753952380,1
34,280,5.0,1
50,281,5.0,1
20,319,5.0,1
14,49,5.795880017344080,1
18,407,5.0,1
18,146,5.522878745280340,1
62,85,5.0,1
14,57,5.0,1
53,86,6.3979400086720400,1
43,142,5.0,1
59,265,5.0,1
8,344,5.337242168318430,1
49,354,5.0,1
20,396,5.0,1
33,175,5.0,1
34,150,5.0,1
35,246,5.0,1
1,209,5.0,1
49,284,5.0,1
55,171,5.0,1
38,61,5.0,1
11,342,5.0,1
53,301,5.0,1
4,20,5.0,1
40,160,5.508638306165730,1
6,431,5.0,1
59,114,5.853871964321760,1
47,227,5.619788758288390,1
28,310,5.0,1
3,431,5.0,1
36,21,5.0,1
41,370,5.0,1
54,438,5.0,1
40,216,5.292429823902060,1
51,251,5.0,1
19,258,6.698970004336020,1
45,329,5.0,1
41,164,5.337242168318430,1
15,417,5.0,1
48,273,5.0,1
0,420,5.0,1
3,387,5.0,1
15,247,6.251811972993800,1
44,212,5.0,1
54,328,5.0,1
67,1,5.0,1
14,418,5.0,1
23,250,5.0,1
7,235,5.0,1
47,118,6.468521082957750,1
56,321,6.337242168318430,1
29,147,5.455931955649720,1
52,151,5.0,1
37,233,5.0,1
36,197,5.356547323513810,1
42,370,5.0,1
14,175,5.376750709602100,1
53,327,6.585026652029180,1
13,99,5.0,1
35,212,5.0,1
8,46,5.0,1
45,158,5.958607314841780,1
67,27,5.0,1
59,427,5.0,1
13,105,5.0,1
59,233,5.0,1
35,0,5.0,1
7,102,5.0,1
56,81,8.086186147616280,1
46,308,8.958607314841780,1
8,11,5.0,1
19,18,5.0,1
15,287,5.0,1
15,370,5.0,1
48,240,6.031517051446070,1
14,104,5.0,1
38,280,5.0,1
3,213,5.0,1
10,7,10.244125144327500,1
35,328,5.0,1
61,278,5.0,1
60,65,5.0,1
50,32,5.0,1
63,432,5.494850021680090,1
41,354,5.0,1
19,202,6.769551078621730,1
26,294,5.0,1
52,437,5.0,1
14,249,6.958607314841780,1
10,356,5.42021640338319,1
40,235,5.0,1
39,134,6.1938200260161100,1
0,256,6.42021640338319,1
21,81,5.0,1
39,421,5.0,1
5,51,5.0,1
39,58,5.0,1
14,53,5.0,1
41,309,5.0,1
51,48,5.0,1
56,429,8.920818753952380,1
50,177,5.0,1
12,374,5.0,1
25,437,5.0,1
13,274,5.0,1
44,228,5.886056647693160,1
4,322,5.0,1
24,312,5.0,1
9,223,5.0,1
6,214,5.920818753952380,1
24,172,6.42021640338319,1
31,40,6.022276394711150,1
41,53,5.468521082957750,1
2,389,6.468521082957750,1
12,273,5.0,1
22,332,5.0,1
45,411,5.0,1
32,179,7.337242168318430,1
11,341,5.0,1
36,33,5.0,1
54,416,5.0,1
44,196,7.0655015487564300,1
30,337,5.0,1
40,111,5.0,1
12,52,5.0,1
50,430,5.0,1
6,88,5.0,1
3,403,7.2441251443275100,1
15,185,5.0,1
5,345,5.958607314841780,1
21,237,5.0,1
49,317,5.0,1
10,350,5.0,1
65,156,6.568636235841010,1
6,295,5.0,1
6,285,5.0,1
19,176,5.376750709602100,1
48,247,5.0,1
34,37,6.356547323513810,1
23,377,5.0,1
9,369,5.0,1
36,360,7.013228265733760,1
15,351,5.0,1
19,343,5.494850021680090,1
65,259,5.0,1
17,213,5.0,1
19,95,5.0,1
20,425,5.0,1
44,404,5.0,1
8,266,5.0,1
57,276,5.0,1
24,342,6.6020599913279600,1
34,318,5.0,1
15,47,5.0,1
12,2,5.107905397309520,1
58,371,5.0,1
45,91,5.0,1
41,11,5.42021640338319,1
53,118,5.0,1
10,287,5.0,1
50,391,5.0,1
67,240,5.0,1
0,325,6.6020599913279600,1
60,155,5.698970004336020,1
18,49,5.0,1
4,120,8.958607314841780,1
55,399,5.0,1
3,154,5.0,1
36,318,5.0,1
4,51,5.0,1
57,338,6.721246399047170,1
54,155,5.0,1
52,345,5.4089353929735000,1
27,280,5.0,1
39,168,5.0,1
16,269,5.0,1
36,227,6.920818753952380,1
57,162,9.657577319177790,1
41,314,5.0,1
15,224,5.0,1
33,382,5.0,1
30,294,5.0,1
13,314,5.0,1
50,424,5.0,1
18,187,5.0,1
7,377,6.154901959985740,1
21,345,5.0,1
35,404,5.0,1
35,208,5.0,1
57,304,8.259637310505760,1
32,302,5.0,1
47,386,7.481486060122110,1
57,123,5.619788758288390,1
5,380,5.431798275933010,1
2,150,6.443697499232710,1
14,421,5.0,1
37,52,5.0,1
26,297,5.0,1
0,241,5.0,1
2,182,5.6020599913279600,1
23,199,5.6020599913279600,1
24,414,5.0,1
18,289,5.0,1
56,304,9.187086643357140,1
35,170,5.0,1
20,174,8.080921907623930,1
56,198,6.040958607678910,1
28,118,5.0,1
29,112,5.0,1
62,132,5.0,1
28,171,5.657577319177790,1
19,115,5.0,1
44,86,6.443697499232710,1
60,181,5.0,1
18,254,5.0,1
45,16,5.522878745280340,1
20,217,5.0,1
55,418,5.6777807052660800,1
6,41,5.5376020021010400,1
5,323,6.113509274827520,1
18,399,5.0,1
65,49,5.769551078621730,1
57,96,6.920818753952380,1
64,114,5.0,1
67,108,5.0,1
49,375,5.0,1
39,40,5.0,1
49,131,5.0,1
15,374,5.0,1
26,360,5.0,1
3,58,5.0,1
53,224,6.522878745280340,1
66,389,6.236572006437060,1
37,33,5.0,1
13,53,5.468521082957750,1
21,218,6.275724130399210,1
33,279,5.0,1
65,8,7.823908740944320,1
40,438,5.568636235841010,1
34,233,5.0,1
66,137,6.853871964321760,1
12,199,5.0,1
31,237,8.455931955649720,1
38,287,5.0,1
29,190,6.619788758288390,1
54,162,5.0,1
12,208,5.0,1
25,224,5.0,1
7,50,5.0,1
3,438,5.0,1
0,167,5.0,1
35,37,5.0,1
54,186,5.0,1
8,236,5.0,1
43,384,6.2839966563652000,1
37,377,5.0,1
9,89,5.0,1
41,140,5.0,1
56,162,8.481486060122110,1
13,349,5.0,1
38,46,5.0,1
19,147,5.0,1
28,375,6.356547323513810,1
8,40,5.0,1
30,303,5.0,1
36,392,6.481486060122110,1
36,58,6.886056647693160,1
10,288,5.638272163982410,1
38,26,5.0,1
55,395,5.619788758288390,1
53,65,5.0,1
9,195,5.0,1
42,315,8.537602002101040,1
46,76,5.0,1
40,19,8.0,1
12,345,5.0,1
9,87,5.0,1
42,339,5.0,1
51,21,5.0,1
28,31,5.638272163982410,1
8,401,5.0,1
64,108,5.0,1
34,274,5.0,1
63,325,6.886056647693160,1
0,156,5.0,1
31,83,8.522878745280340,1
49,204,5.0,1
16,139,5.0,1
22,162,9.086186147616280,1
9,252,5.0,1
65,123,7.0,1
39,90,5.0,1
9,321,5.0,1
63,254,5.7447274948966900,1
21,369,5.0,1
64,308,5.0,1
50,169,5.0,1
19,236,7.3979400086720400,1
5,4,5.6020599913279600,1
7,116,5.958607314841780,1
8,120,5.0,1
15,19,5.0,1
26,392,5.0,1
64,235,5.0,1
5,379,6.096910013008060,1
35,309,5.0,1
53,57,5.568636235841010,1
58,386,7.6777807052660800,1
30,215,5.0,1
20,296,5.0,1
39,149,5.0,1
49,235,5.0,1
45,397,6.327902142064280,1
58,287,5.026872146400300,1
32,9,5.0,1
61,202,6.920818753952380,1
0,284,5.0,1
29,83,7.309803919971490,1
20,342,5.0,1
59,56,5.0,1
40,157,7.638272163982410,1
38,119,9.173925197299170,1
11,22,5.0,1
5,435,5.0,1
15,174,5.0,1
41,280,5.0,1
3,99,5.0,1
26,351,5.0,1
46,207,5.0,1
9,413,5.070581074285710,1
61,252,5.0,1
10,269,5.638272163982410,1
55,82,5.0,1
63,65,5.0,1
9,405,5.0,1
45,257,5.0,1
53,294,6.026872146400300,1
20,170,5.769551078621730,1
39,23,5.0,1
6,402,5.0,1
28,321,5.0,1
22,430,7.920818753952380,1
48,14,5.0,1
15,254,5.0,1
32,253,5.0,1
1,194,5.0,1
43,58,5.0,1
0,322,6.7447274948966900,1
10,369,5.0,1
49,76,5.0,1
3,259,5.0,1
44,105,6.853871964321760,1
63,139,5.1487416512809200,1
19,283,5.0,1
62,293,5.0,1
44,146,5.0,1
30,381,5.0,1
2,320,5.0,1
6,264,5.0,1
19,323,5.0,1
16,350,5.0,1
16,438,5.0,1
41,113,5.0,1
26,13,6.443697499232710,1
17,308,5.0,1
18,204,6.585026652029180,1
60,278,6.920818753952380,1
51,128,5.0,1
55,432,5.0,1
17,76,5.0,1
47,378,5.0,1
57,110,5.638272163982410,1
65,359,5.0,1
3,107,5.0,1
52,58,5.0,1
13,320,5.0,1
42,287,5.0,1
26,2,5.0,1
60,90,5.0,1
65,439,6.008773924307510,1
32,386,6.346787486224660,1
65,386,7.022276394711150,1
59,142,5.0,1
8,109,5.0,1
57,331,5.0,1
64,5,5.0,1
49,121,5.0,1
52,425,5.0,1
36,294,5.0,1
52,315,5.0,1
21,285,5.0,1
37,102,6.585026652029180,1
13,146,5.0,1
56,53,9.795880017344080,1
36,301,5.0,1
45,134,5.0,1
0,8,5.0,1
37,101,5.0,1
26,371,5.0,1
10,17,5.0,1
18,95,5.0,1
14,72,5.0,1
58,282,5.0,1
23,158,5.0,1
43,185,5.0,1
23,284,5.0,1
55,318,5.0,1
27,253,5.0,1
45,52,5.431798275933010,1
14,99,5.0,1
34,214,5.431798275933010,1
45,22,5.0,1
37,58,5.0,1
7,413,5.0,1
65,105,5.0,1
32,155,5.0,1
66,173,6.366531544420410,1
49,193,8.468521082957750,1
45,400,5.0,1
66,152,6.455931955649720,1
20,290,5.366531544420410,1
9,331,5.0,1
59,272,5.42021640338319,1
64,319,5.0,1
15,183,5.0,1
19,393,6.6020599913279600,1
21,41,5.0,1
23,210,5.0,1
18,39,6.167491087293760,1
44,406,6.522878745280340,1
22,401,5.431798275933010,1
66,68,6.142667503568730,1
48,4,5.0,1
18,66,5.0,1
2,229,6.455931955649720,1
36,248,6.769551078621730,1
49,402,6.508638306165730,1
5,348,5.0,1
63,406,5.251811972993800,1
22,151,6.161150909262740,1
62,296,5.0,1
35,262,5.0,1
25,426,5.0,1
36,174,5.7447274948966900,1
18,139,5.0,1
55,344,5.0,1
35,432,5.0,1
58,15,6.769551078621730,1
39,380,5.0,1
60,81,5.638272163982410,1
9,82,5.0,1
59,394,6.267606240177030,1
42,75,5.0,1
39,322,5.0,1
41,114,5.0,1
38,32,5.0,1
7,114,6.200659450546420,1
63,399,5.7447274948966900,1
48,249,5.0,1
32,209,5.769551078621730,1
13,417,5.0,1
66,129,5.0,1
62,204,5.0,1
24,297,5.0,1
28,106,5.0,1
22,434,5.0,1
19,150,5.0,1
54,312,5.0,1
49,123,5.0,1
2,233,5.0,1
36,30,5.0,1
58,138,6.267606240177030,1
40,344,5.0,1
40,425,5.0,1
17,400,5.431798275933010,1
7,179,5.698970004336020,1
56,66,7.522878745280340,1
10,209,5.0,1
16,351,5.0,1
48,13,5.0,1
45,261,5.0,1
63,144,5.0,1
2,349,5.958607314841780,1
58,200,6.958607314841780,1
65,43,5.0,1
33,64,5.0,1
35,437,6.2441251443275100,1
63,269,5.0,1
48,259,5.0,1
33,27,5.0,1
49,252,5.0,1
32,43,5.0,1
51,338,5.0,1
58,262,6.292429823902060,1
61,383,5.0,1
31,45,5.0,1
40,289,5.0,1
27,4,8.602059991327960,1
48,326,6.292429823902060,1
21,273,5.0,1
50,358,5.0,1
19,370,5.0,1
67,406,5.0,1
60,23,6.522878745280340,1
59,283,5.6020599913279600,1
52,372,5.0,1
55,201,7.698970004336020,1
40,292,5.0,1
6,52,5.0,1
67,288,5.0,1
13,206,5.0,1
3,425,5.0,1
32,146,5.552841968657780,1
55,285,6.638272163982410,1
28,257,5.0,1
46,35,5.0,1
43,331,5.0,1
58,305,7.886056647693160,1
4,344,5.0,1
43,198,5.0,1
18,145,5.0,1
14,277,5.0,1
41,257,5.0,1
6,187,5.0,1
12,204,7.080921907623930,1
29,206,7.920818753952380,1
38,163,5.1938200260161100,1
7,72,5.0,1
7,42,5.0,1
29,322,5.0,1
20,155,5.0,1
33,308,5.0,1
53,349,5.886056647693160,1
33,129,5.0,1
6,388,5.0,1
62,26,5.0,1
8,289,5.0,1
49,159,5.0,1
45,383,5.0,1
7,73,5.0,1
12,358,7.050609993355090,1
50,185,5.0,1
1,292,5.0,1
65,174,5.0,1
6,18,5.0,1
44,367,5.0,1
6,410,6.508638306165730,1
16,420,5.0,1
63,344,5.0,1
55,392,5.0,1
43,359,5.0,1
43,125,5.0,1
43,200,6.7447274948966900,1
47,130,6.920818753952380,1
44,346,5.0,1
29,52,5.6777807052660800,1
11,135,5.0,1
46,31,5.0,1
31,415,8.18045606445813,1
19,390,5.0,1
5,212,5.0,1
36,398,5.0,1
29,415,5.795880017344080,1
47,200,8.167491087293760,1
57,405,5.0,1
39,126,6.638272163982410,1
53,54,5.638272163982410,1
12,400,6.309803919971490,1
43,115,5.0,1
65,299,5.0,1
50,364,5.0,1
28,387,6.886056647693160,1
52,363,5.0,1
30,441,5.0,1
24,99,5.619788758288390,1
27,21,5.0,1
48,322,6.568636235841010,1
10,372,5.0,1
17,66,5.0,1
34,242,5.0,1
45,192,5.0,1
49,313,5.0,1
7,415,5.0,1
21,439,7.6020599913279600,1
22,124,6.008773924307510,1
26,170,5.0,1
19,432,5.920818753952380,1
27,263,5.0,1
8,243,5.0,1
31,253,8.455931955649720,1
2,395,5.920818753952380,1
35,191,5.0,1
60,299,5.0,1
33,398,5.0,1
22,11,7.7447274948966900,1
34,417,5.0,1
21,286,5.0,1
24,104,5.0,1
11,387,5.0,1
53,350,5.0,1
50,393,5.0,1
0,438,5.0,1
17,11,6.050609993355090,1
0,72,6.7447274948966900,1
47,125,7.173925197299170,1
7,149,5.0,1
9,441,5.0,1
18,253,5.0,1
16,10,7.0,1
5,322,6.251811972993800,1
20,13,5.0,1
37,267,5.0,1
66,115,5.0,1
15,236,5.0,1
16,26,5.0,1
17,283,5.0,1
45,176,5.0,1
1,394,5.0,1
61,54,5.0,1
52,370,5.0,1
36,315,5.0,1
29,195,7.119186407719210,1
67,287,5.0,1
3,162,5.0,1
27,223,5.0,1
6,209,5.0,1
20,369,5.6020599913279600,1
50,312,5.0,1
58,205,7.0915149811213500,1
66,70,6.522878745280340,1
17,245,5.0,1
13,77,5.0,1
2,377,5.958607314841780,1
51,342,5.0,1
53,151,5.721246399047170,1
29,303,6.060480747381380,1
33,348,5.0,1
17,438,5.468521082957750,1
37,138,5.0,1
17,321,5.0,1
57,152,6.2441251443275100,1
21,128,5.0,1
36,352,6.180456064458130,1
1,243,5.0,1
31,168,8.136677139879540,1
43,430,5.6777807052660800,1
13,214,5.0,1
57,14,6.568636235841010,1
24,146,5.0,1
38,257,5.0,1
67,384,5.0,1
45,266,5.698970004336020,1
3,48,5.0,1
21,199,5.366531544420410,1
42,140,5.0,1
20,310,5.0,1
46,264,5.0,1
59,273,5.0,1
52,352,5.0,1
14,149,5.0,1
62,6,5.346787486224660,1
15,304,5.0,1
29,42,6.431798275933010,1
5,340,6.42021640338319,1
56,359,6.886056647693160,1
58,48,6.721246399047170,1
4,236,5.0,1
20,330,6.229147988357860,1
16,148,6.508638306165730,1
19,225,5.259637310505760,1
29,84,6.920818753952380,1
67,36,5.0,1
28,296,5.0,1
62,111,5.0,1
25,121,5.0,1
16,1,6.769551078621730,1
47,26,5.0,1
48,211,5.0,1
64,318,5.0,1
49,383,5.0,1
62,215,5.886056647693160,1
8,124,5.0,1
33,39,5.0,1
65,132,7.040958607678910,1
41,136,5.0,1
0,37,5.0,1
8,15,5.0,1
59,409,5.0,1
57,160,8.638272163982410,1
2,158,9.102372908709560,1
36,401,5.0,1
31,101,5.958607314841780,1
31,275,5.0,1
5,87,5.619788758288390,1
60,257,5.0,1
39,259,5.0,1
12,412,5.0,1
57,249,5.0,1
19,325,5.721246399047170,1
48,39,5.0,1
56,60,7.721246399047170,1
46,194,6.366531544420410,1
50,314,5.0,1
18,78,5.0,1
16,347,5.0,1
37,176,5.0,1
11,277,5.0,1
27,323,5.0,1
36,200,6.657577319177790,1
62,242,5.0,1
67,40,5.0,1
37,68,5.0,1
28,92,5.0,1
16,399,5.6020599913279600,1
50,190,5.0,1
3,379,5.0,1
1,378,5.0,1
47,348,5.443697499232710,1
7,356,5.0,1
25,57,5.0,1
12,206,6.619788758288390,1
25,86,5.0,1
24,341,8.619788758288390,1
52,61,7.008773924307510,1
19,281,6.070581074285710,1
28,104,6.481486060122110,1
54,280,5.0,1
48,372,5.0,1
44,13,6.455931955649720,1
3,77,5.0,1
31,273,5.0,1
21,292,5.0,1
31,295,6.142667503568730,1
26,106,5.0,1
28,382,5.958607314841780,1
8,102,5.0,1
38,284,5.0,1
19,162,8.958607314841780,1
17,258,5.42021640338319,1
52,10,5.0,1
28,396,5.494850021680090,1
66,108,6.173925197299170,1
49,340,6.275724130399210,1
58,149,8.853871964321760,1
48,18,5.0,1
39,402,5.0,1
24,316,5.0,1
49,305,6.0,1
59,423,5.0,1
21,20,5.0,1
32,70,5.5376020021010400,1
26,28,5.0,1
4,313,5.0,1
41,325,6.552841968657780,1
48,198,5.0,1
40,228,6.055517327849830,1
36,188,5.0,1
4,59,5.0,1
61,260,5.0,1
46,324,5.0,1
38,327,5.0,1
58,151,7.327902142064280,1
18,439,5.0,1
64,162,5.0,1
10,278,5.0,1
3,276,5.0,1
23,77,5.0,1
13,294,5.0,1
7,409,5.0,1
56,21,5.0,1
31,54,7.229147988357860,1
31,291,7.619788758288390,1
14,40,5.0,1
53,61,5.0,1
22,96,5.0,1
51,187,5.0,1
14,397,5.346787486224660,1
4,235,5.0,1
10,13,10.443697499232700,1
52,13,5.0,1
53,336,5.0,1
44,364,6.537602002101040,1
56,371,7.376750709602100,1
47,243,5.0,1
36,365,5.327902142064280,1
27,49,5.0,1
19,143,5.0,1
54,332,5.0,1
1,28,5.0,1
21,290,5.0,1
11,80,5.0,1
18,18,5.0,1
55,314,5.0,1
10,344,5.0,1
8,185,6.886056647693160,1
22,170,5.0,1
7,85,5.0,1
21,170,5.0,1
58,255,6.376750709602100,1
38,208,5.0,1
61,33,5.0,1
48,3,5.0,1
62,27,5.0,1
40,271,5.0,1
3,325,5.0,1
67,332,5.0,1
32,228,5.0,1
8,175,5.0,1
60,272,5.468521082957750,1
22,190,6.431798275933010,1
29,0,7.318758762624410,1
50,166,5.7447274948966900,1
0,54,6.013228265733760,1
62,370,5.0,1
47,139,5.0,1
8,87,5.0,1
46,412,5.0,1
60,225,5.3872161432802600,1
17,151,5.431798275933010,1
64,170,5.0,1
11,295,5.0,1
63,240,5.0,1
8,142,5.0,1
53,67,5.309803919971490,1
65,361,5.0,1
35,56,5.0,1
57,213,7.42021640338319,1
19,380,6.2441251443275100,1
32,12,5.0,1
20,193,5.0,1
5,65,6.259637310505760,1
39,323,5.0,1
3,92,5.0,1
33,225,5.0,1
46,15,5.0,1
65,405,5.0,1
65,73,5.0,1
29,177,6.522878745280340,1
30,383,5.0,1
38,392,5.0,1
43,427,5.0,1
9,265,5.0,1
0,28,5.0,1
34,406,5.0,1
67,294,5.0,1
50,167,5.0,1
16,377,5.0,1
27,244,5.0,1
37,94,5.0,1
56,299,8.769551078621730,1
17,356,6.4089353929735000,1
33,52,5.0,1
46,286,5.0,1
60,72,5.055517327849830,1
43,141,5.0,1
51,163,5.0,1
0,221,5.0,1
13,420,5.0,1
43,289,5.0,1
1,255,5.0,1
8,159,5.0,1
15,383,5.0,1
3,285,5.0,1
56,267,6.327902142064280,1
47,117,6.251811972993800,1
58,326,5.0,1
50,346,5.0,1
31,86,5.0,1
40,395,5.0,1
6,231,5.0,1
36,367,5.638272163982410,1
39,405,5.0,1
33,271,5.0,1
65,413,5.638272163982410,1
7,90,5.346787486224660,1
7,166,5.0,1
18,38,5.0,1
56,50,7.568636235841010,1
52,102,5.0,1
39,417,5.0,1
0,144,5.0,1
56,128,6.537602002101040,1
49,314,5.0,1
35,317,5.0,1
62,174,5.0,1
54,230,5.0,1
62,146,5.0,1
33,209,5.0,1
59,420,8.102372908709560,1
41,63,5.0,1
10,244,6.958607314841780,1
43,424,5.0,1
58,234,7.920818753952380,1
18,97,5.0,1
67,25,5.0,1
62,421,5.0,1
27,297,7.508638306165730,1
62,331,5.0,1
53,252,7.376750709602100,1
41,202,5.3979400086720400,1
3,252,5.0,1
23,356,5.0,1
58,268,7.173925197299170,1
3,230,5.0,1
66,247,6.337242168318430,1
12,294,5.0,1
62,250,5.0,1
8,282,5.0,1
56,24,7.698970004336020,1
62,373,5.0,1
23,93,5.0,1
35,26,5.0,1
53,264,7.0,1
38,161,5.0,1
24,367,6.698970004336020,1
23,301,5.0,1
49,201,5.200659450546420,1
40,158,6.823908740944320,1
25,185,5.0,1
45,179,5.0,1
53,316,5.0,1
27,11,5.0,1
63,199,5.552841968657780,1
24,394,5.0,1
65,378,5.0,1
29,245,6.769551078621730,1
5,46,5.0,1
56,241,8.537602002101040,1
3,295,9.022276394711150,1
33,250,5.0,1
38,128,5.0,1
28,245,6.173925197299170,1
66,210,8.207608310501750,1
60,399,5.568636235841010,1
5,405,5.0,1
25,259,5.0,1
52,422,5.0,1
6,219,5.0,1
36,66,5.0,1
28,292,5.251811972993800,1
57,0,7.958607314841780,1
27,291,5.0,1
53,103,5.00436480540245,1
9,58,5.0,1
14,233,5.0,1
41,264,5.0,1
24,355,5.0,1
66,153,7.031517051446070,1
59,106,5.0,1
16,161,6.136677139879540,1
57,155,5.6777807052660800,1
30,281,5.0,1
20,87,5.0,1
66,167,6.200659450546420,1
39,16,7.585026652029180,1
63,158,8.187086643357140,1
56,390,6.130768280269020,1
1,222,5.0,1
50,240,5.0,1
0,332,6.6777807052660800,1
45,368,6.036212172654440,1
30,64,5.0,1
11,414,5.0,1
9,250,5.0,1
23,148,5.0,1
51,205,5.0,1
34,106,5.0,1
57,26,5.0,1
62,348,5.0,1
23,184,5.0,1
60,156,7.086186147616280,1
67,0,5.0,1
10,360,5.0,1
53,171,6.431798275933010,1
38,417,5.0,1
33,281,5.0,1
41,106,5.0,1
2,408,6.585026652029180,1
10,380,6.180456064458130,1
14,428,5.0,1
53,214,6.638272163982410,1
49,23,5.0,1
33,93,5.0,1
47,105,5.0,1
54,422,5.0,1
59,147,5.0,1
19,373,6.346787486224660,1
34,429,5.0,1
13,15,5.0,1
51,44,5.0,1
8,412,5.0,1
30,263,5.0,1
40,185,5.0,1
26,99,5.0,1
3,117,5.0,1
61,177,5.0,1
59,364,7.013228265733760,1
33,316,5.0,1
23,432,5.0,1
15,59,5.0,1
6,227,5.920818753952380,1
67,22,5.0,1
59,258,5.0,1
54,361,5.0,1
23,400,5.0,1
21,188,5.0,1
45,163,5.795880017344080,1
38,2,5.0,1
37,249,5.0,1
11,301,5.0,1
38,1,5.0,1
61,366,5.0,1
33,395,5.0,1
50,171,5.0,1
8,348,5.0,1
15,239,5.0,1
20,440,5.0,1
59,191,5.0,1
12,362,5.267606240177030,1
39,388,5.0,1
57,128,5.0,1
34,290,5.0,1
44,224,6.1938200260161100,1
52,192,5.0,1
48,369,5.214670164989230,1
34,302,5.0,1
35,231,5.0,1
11,28,5.0,1
16,272,5.0,1
17,20,6.2441251443275100,1
52,194,5.0,1
6,66,5.0,1
49,85,5.0,1
30,94,5.0,1
64,431,5.0,1
28,308,5.0,1
60,12,7.187086643357140,1
60,366,5.6777807052660800,1
19,312,5.0,1
32,126,5.0,1
61,382,5.0,1
11,271,5.0,1
2,145,5.0,1
59,266,5.0,1
28,212,5.0,1
42,200,5.0,1
54,299,5.0,1
37,371,5.0,1
15,226,6.267606240177030,1
30,404,5.0,1
20,230,5.0,1
41,388,5.0,1
29,23,5.0,1
61,96,5.0,1
32,363,5.0,1
58,374,6.187086643357140,1
45,407,5.0,1
46,59,5.0,1
39,411,5.0,1
47,157,7.795880017344080,1
48,353,5.0,1
20,228,5.0,1
2,256,5.0,1
37,416,6.657577319177790,1
8,66,5.0,1
50,389,5.275724130399210,1
22,55,5.0,1
59,121,5.721246399047170,1
36,254,6.102372908709560,1
43,194,5.0,1
19,35,6.552841968657780,1
29,290,6.337242168318430,1
1,410,5.0,1
34,394,5.0,1
28,255,5.0,1
56,370,5.657577319177790,1
4,74,5.0,1
9,300,5.0,1
35,144,5.0,1
52,257,5.0,1
13,184,5.0,1
22,419,8.468521082957750,1
66,351,8.075720713938120,1
7,100,5.0,1
17,212,7.0655015487564300,1
62,39,5.0,1
24,43,5.0,1
63,208,5.259637310505760,1
15,237,5.0,1
45,322,5.0,1
51,243,5.0,1
46,82,5.0,1
42,378,5.0,1
52,389,5.0,1
25,353,5.0,1
57,131,5.619788758288390,1
48,166,5.0,1
8,213,5.0,1
67,39,5.0,1
15,136,5.958607314841780,1
6,255,5.0,1
17,7,10.337242168318400,1
41,91,5.0,1
0,323,6.657577319177790,1
15,86,5.0,1
21,333,5.0,1
56,62,5.0,1
50,9,5.0,1
59,165,5.0,1
25,408,5.0,1
11,299,5.0,1
37,352,5.0,1
41,125,5.0,1
30,121,8.920818753952380,1
50,362,5.0,1
39,425,5.0,1
12,43,5.0,1
51,434,5.0,1
35,343,5.0,1
51,97,5.0,1
63,341,5.0,1
0,225,5.0,1
46,275,5.0,1
19,122,5.0,1
34,124,5.0,1
2,364,6.7447274948966900,1
17,307,5.0,1
42,330,5.0,1
0,237,5.0,1
47,151,7.356547323513810,1
61,83,5.795880017344080,1
0,139,5.0,1
52,264,5.0,1
55,423,5.0,1
55,132,5.619788758288390,1
5,382,5.0,1
31,201,7.455931955649720,1
4,244,5.0,1
5,305,5.5376020021010400,1
62,130,5.0,1
29,346,6.107905397309520,1
64,392,5.0,1
57,42,6.2441251443275100,1
27,421,5.0,1
67,326,5.0,1
7,293,5.0,1
58,194,6.522878745280340,1
18,353,5.0,1
8,280,5.0,1
65,85,5.6020599913279600,1
32,397,5.0,1
23,81,5.0,1
46,46,5.0,1
15,53,5.0,1
10,68,5.0,1
51,374,5.0,1
7,27,6.795880017344080,1
5,114,6.2839966563652000,1
34,307,5.0,1
25,333,5.0,1
54,274,5.0,1
22,215,5.0,1
44,160,6.251811972993800,1
26,432,5.0,1
3,43,5.0,1
50,70,5.0,1
37,393,5.0,1
3,171,5.0,1
67,170,5.0,1
65,282,5.0,1
0,85,5.0,1
8,38,5.0,1
44,341,6.0915149811213500,1
64,316,5.0,1
40,379,5.0,1
16,315,5.0,1
17,56,5.0,1
12,319,5.0,1
53,375,5.6777807052660800,1
16,116,5.0,1
22,303,7.508638306165730,1
23,336,5.0,1
54,91,5.0,1
15,315,5.0,1
11,262,5.0,1
24,15,5.0,1
52,381,5.0,1
61,9,5.0,1
9,184,5.0,1
40,277,6.050609993355090,1
59,38,6.1938200260161100,1
25,76,5.0,1
56,369,6.920818753952380,1
31,28,7.6020599913279600,1
37,386,5.886056647693160,1
19,57,5.0,1
63,69,5.0,1
56,179,6.4089353929735000,1
11,248,6.508638306165730,1
50,263,5.0,1
11,98,5.0,1
34,30,5.0,1
46,389,5.0,1
62,286,5.0,1
18,149,5.0,1
38,110,5.0,1
1,169,5.0,1
22,12,6.508638306165730,1
15,20,5.0,1
6,365,5.0,1
46,262,5.0,1
2,366,5.823908740944320,1
43,16,5.568636235841010,1
22,203,8.017728766960430,1
49,279,5.309803919971490,1
51,165,5.0,1
33,28,5.0,1
63,378,5.0,1
0,264,5.0,1
18,380,5.0,1
60,413,5.0,1
65,137,7.119186407719210,1
1,253,5.0,1
57,273,5.0,1
21,83,5.0,1
20,58,5.0,1
44,217,5.853871964321760,1
36,295,5.0,1
4,405,5.0,1
55,244,5.443697499232710,1
50,218,5.0,1
60,424,7.6777807052660800,1
24,114,5.0,1
64,276,5.0,1
2,153,5.4089353929735000,1
66,331,5.0,1
10,197,5.0,1
2,216,5.356547323513810,1
7,203,5.0,1
22,390,7.7447274948966900,1
4,86,5.0,1
60,313,5.4089353929735000,1
58,21,7.2441251443275100,1
15,26,5.0,1
34,181,5.0,1
52,306,5.0,1
28,363,5.0,1
60,356,6.823908740944320,1
24,150,5.0,1
53,202,6.508638306165730,1
64,284,8.55284196865778,1
19,158,9.193820026016110,1
52,12,5.0,1
57,207,9.67778070526608,1
49,359,5.6020599913279600,1
8,190,5.0,1
62,58,5.0,1
27,151,5.0,1
65,340,5.0,1
32,231,5.0,1
42,398,5.0,1
62,405,5.0,1
44,176,6.522878745280340,1
44,147,5.0,1
23,125,5.0,1
37,163,5.958607314841780,1
38,431,5.0,1
20,132,5.0,1
62,217,5.0,1
32,434,6.1938200260161100,1
20,428,5.0,1
13,297,5.0,1
36,319,5.0,1
28,26,5.0,1
60,421,5.886056647693160,1
16,404,6.161150909262740,1
21,130,6.356547323513810,1
43,332,5.0,1
17,140,7.259637310505760,1
22,23,5.0,1
62,176,5.0,1
44,37,5.920818753952380,1
16,184,5.0,1
45,305,5.0,1
33,74,5.0,1
61,422,5.0,1
8,403,5.0,1
18,166,5.920818753952380,1
45,237,5.0,1
44,14,6.823908740944320,1
37,226,5.0,1
25,114,5.0,1
18,127,6.055517327849830,1
17,376,5.0,1
7,226,5.0,1
25,144,5.0,1
26,434,5.0,1
59,26,5.0,1
49,266,5.0,1
44,411,5.0,1
62,194,5.0,1
14,330,5.0,1
59,0,6.060480747381380,1
30,320,5.0,1
49,86,5.7447274948966900,1
14,181,5.1938200260161100,1
8,330,5.0,1
65,62,5.0,1
53,352,6.221848749616360,1
35,303,5.0,1
41,287,5.0,1
51,326,5.0,1
55,106,5.0,1
16,335,5.0,1
19,224,5.0,1
40,320,5.0,1
40,179,5.0,1
66,223,8.0268721464003,1
59,158,5.0,1
14,179,5.958607314841780,1
49,171,5.214670164989230,1
5,416,7.259637310505760,1
20,299,5.0,1
42,390,5.0,1
17,340,5.0,1
34,184,5.0,1
54,140,5.0,1
23,401,5.0,1
5,313,5.0,1
14,280,5.0,1
65,129,6.619788758288390,1
16,222,5.552841968657780,1
8,121,5.0,1
1,76,5.0,1
4,188,5.0,1
25,78,5.0,1
57,424,5.795880017344080,1
22,236,5.0,1
53,260,7.187086643357140,1
30,58,5.0,1
3,37,5.0,1
39,295,5.0,1
26,316,5.0,1
38,253,5.267606240177030,1
4,386,5.431798275933010,1
26,117,9.244125144327510,1
39,352,5.0,1
10,319,5.0,1
14,362,5.0,1
3,198,5.0,1
33,80,6.1938200260161100,1
40,366,5.0,1
56,11,8.075720713938120,1
40,147,5.0,1
32,45,5.0,1
41,396,5.0,1
16,150,6.346787486224660,1
53,290,6.721246399047170,1
32,292,5.0,1
1,70,5.0,1
45,100,5.0,1
40,145,5.0,1
5,192,5.0,1
30,95,5.0,1
19,371,6.167491087293760,1
53,77,5.920818753952380,1
49,426,5.0,1
62,434,5.0,1
64,49,5.0,1
20,209,5.0,1
64,84,5.585026652029180,1
36,264,5.0,1
7,81,6.337242168318430,1
62,49,5.0,1
13,402,5.0,1
45,24,5.0,1
52,191,5.0,1
61,26,5.0,1
53,274,5.958607314841780,1
60,8,7.301029995663980,1
30,51,5.0,1
67,346,5.0,1
64,55,5.0,1
53,110,5.585026652029180,1
6,112,5.0,1
27,314,5.0,1
55,6,6.2839966563652000,1
9,421,5.0,1
44,227,5.0,1
52,296,7.356547323513810,1
24,350,8.142667503568730,1
60,166,6.698970004336020,1
16,202,5.0,1
33,48,5.0,1
13,190,5.0,1
53,184,6.173925197299170,1
43,369,5.0,1
31,337,5.638272163982410,1
59,356,5.0,1
18,279,5.0,1
37,321,5.0,1
8,128,5.0,1
17,21,6.337242168318430,1
31,370,5.886056647693160,1
27,6,8.229147988357860,1
48,79,5.853871964321760,1
67,90,5.0,1
42,425,5.229147988357860,1
55,209,5.0,1
61,360,5.0,1
21,219,5.0,1
11,356,6.443697499232710,1
11,234,5.0,1
6,32,5.0,1
30,127,5.0,1
10,70,5.920818753952380,1
4,269,5.0,1
37,39,5.657577319177790,1
6,274,5.0,1
49,185,5.638272163982410,1
60,85,5.229147988357860,1
59,370,5.0,1
57,297,9.102372908709560,1
58,290,7.5376020021010400,1
36,203,8.113509274827520,1
5,1,5.795880017344080,1
21,51,5.0,1
38,438,7.920818753952380,1
37,256,5.0,1
25,291,5.0,1
31,409,6.167491087293760,1
18,132,6.568636235841010,1
23,345,5.0,1
20,431,5.0,1
64,386,5.0,1
8,144,5.0,1
5,298,5.0,1
23,110,5.0,1
26,415,5.0,1
23,11,5.0,1
22,339,5.0,1
45,254,5.6777807052660800,1
51,298,5.0,1
3,330,5.0,1
24,276,5.0,1
28,333,5.327902142064280,1
54,124,5.0,1
19,183,5.0,1
36,202,7.795880017344080,1
26,428,5.0,1
43,130,5.0,1
3,439,5.0,1
45,170,5.0,1
30,343,5.0,1
58,353,5.886056647693160,1
23,2,5.0,1
25,193,5.0,1
31,80,8.017728766960430,1
3,68,7.920818753952380,1
13,222,5.0,1
60,22,5.154901959985740,1
56,71,6.292429823902060,1
16,0,5.638272163982410,1
7,288,5.0,1
47,304,5.0,1
34,125,5.7447274948966900,1
2,1,7.1249387366083,1
18,268,5.0,1
24,248,5.0,1
20,48,5.0,1
35,96,5.0,1
12,419,5.0,1
3,51,5.0,1
54,94,5.0,1
63,138,5.0,1
35,297,7.6020599913279600,1
28,107,6.568636235841010,1
4,22,5.0,1
7,301,5.0,1
10,417,5.508638306165730,1
35,224,5.0,1
62,154,5.0,1
14,77,5.0,1
56,424,7.251811972993800,1
54,133,5.0,1
29,353,5.638272163982410,1
31,365,8.275724130399210,1
63,90,5.0,1
13,285,5.0,1
35,284,5.0,1
40,47,5.468521082957750,1
24,372,6.795880017344080,1
62,312,5.0,1
28,8,6.638272163982410,1
20,185,5.0,1
22,129,8.18045606445813,1
53,108,6.494850021680090,1
26,75,5.0,1
11,313,5.0,1
41,16,5.161150909262740,1
7,300,5.0,1
11,266,5.0,1
20,362,5.0,1
34,425,5.0,1
22,417,8.318758762624410,1
8,375,5.0,1
14,75,5.0,1
42,22,5.0,1
1,439,5.698970004336020,1
4,262,5.0,1
9,46,5.0,1
30,267,5.0,1
2,64,8.823908740944320,1
46,57,5.0,1
59,5,5.075720713938120,1
19,440,5.0,1
55,383,5.0,1
59,152,5.0,1
10,437,8.397940008672040,1
58,430,6.026872146400300,1
9,48,5.0,1
55,33,5.0,1
20,202,5.0,1
66,6,7.346787486224660,1
39,15,7.886056647693160,1
6,258,5.853871964321760,1
23,322,5.0,1
9,56,5.0,1
37,19,5.0,1
35,330,5.0,1
30,196,5.0,1
62,323,5.0,1
10,260,6.431798275933010,1
40,95,5.0,1
15,303,5.0,1
7,251,5.0,1
3,62,8.2839966563652,1
30,440,5.0,1
32,362,5.552841968657780,1
39,175,6.4089353929735000,1
40,428,5.0,1
5,414,5.0,1
15,80,5.0,1
66,120,5.0,1
20,413,5.0,1
49,439,6.568636235841010,1
17,135,8.161150909262740,1
4,131,5.0,1
1,420,5.0,1
53,170,5.958607314841780,1
40,397,6.537602002101040,1
51,86,5.0,1
64,182,5.0,1
63,91,5.0,1
61,205,8.42021640338319,1
40,422,5.0,1
40,267,5.0,1
24,291,7.7447274948966900,1
33,107,5.0,1
56,0,8.920818753952380,1
56,159,8.67778070526608,1
2,102,9.161150909262740,1
47,15,6.468521082957750,1
28,2,5.0655015487564300,1
16,203,5.431798275933010,1
17,45,6.2441251443275100,1
12,47,5.0,1
50,325,5.0,1
46,206,5.0,1
49,307,5.0,1
26,74,5.0,1
23,85,5.0,1
39,212,5.0,1
42,66,5.0,1
16,383,5.0,1
33,33,5.0,1
50,178,5.0,1
41,283,5.0,1
36,68,5.0,1
57,342,5.0,1
19,10,7.236572006437060,1
47,335,6.080921907623930,1
3,288,5.0,1
49,364,5.6777807052660800,1
41,50,5.6777807052660800,1
60,160,8.193820026016110,1
26,345,5.0,1
9,177,5.431798275933010,1
22,17,5.0,1
63,192,6.455931955649720,1
57,235,5.443697499232710,1
45,436,5.0,1
25,43,5.0,1
59,382,5.0,1
48,345,6.050609993355090,1
64,317,5.0,1
51,387,5.0,1
67,261,5.0,1
15,179,5.0,1
10,430,5.0,1
31,114,5.920818753952380,1
63,215,5.0,1
46,428,5.0,1
10,188,5.0,1
25,339,5.0,1
1,200,8.318758762624410,1
63,337,5.0,1
18,215,5.0,1
47,165,8.040958607678910,1
3,16,5.0,1
60,185,6.443697499232710,1
21,323,5.0,1
53,19,5.0,1
40,268,5.0,1
18,385,5.0,1
51,99,5.0,1
12,103,6.017728766960430,1
57,136,5.508638306165730,1
52,403,6.2076083105017500,1
57,384,5.494850021680090,1
15,252,5.0,1
19,349,5.552841968657780,1
20,104,5.0,1
7,349,6.337242168318430,1
36,255,7.769551078621730,1
33,190,5.0,1
34,341,5.0,1
19,142,5.0,1
41,273,5.0,1
51,212,5.0,1
23,133,5.0,1
57,100,5.568636235841010,1
2,298,8.09151498112135,1
11,108,5.0,1
14,16,6.060480747381380,1
21,340,5.0,1
51,389,5.0,1
22,180,7.356547323513810,1
25,160,5.0,1
26,250,6.537602002101040,1
6,314,5.0,1
19,254,5.0,1
35,200,8.09151498112135,1
21,293,5.0,1
59,393,5.031517051446070,1
53,394,6.136677139879540,1
1,278,5.0,1
31,378,6.958607314841780,1
4,404,5.0,1
20,115,5.0,1
22,32,5.0,1
54,175,5.0,1
20,2,5.0,1
66,363,5.0,1
19,118,5.0,1
21,123,6.853871964321760,1
7,440,5.0,1
27,345,5.0,1
27,410,5.0,1
35,405,5.0,1
66,8,7.2839966563652000,1
66,441,5.455931955649720,1
58,281,5.585026652029180,1
28,356,8.193820026016110,1
46,237,5.0,1
46,105,5.0,1
1,418,6.2076083105017500,1
37,197,5.0,1
66,397,5.0,1
2,126,6.795880017344080,1
31,236,7.721246399047170,1
15,50,5.0,1
44,20,8.119186407719210,1
63,437,6.327902142064280,1
52,87,5.0,1
58,79,5.0,1
60,200,6.886056647693160,1
32,2,5.0,1
67,30,5.0,1
25,210,5.0,1
17,136,9.468521082957750,1
24,132,5.0,1
4,231,5.0,1
9,145,5.0,1
41,224,5.229147988357860,1
44,395,5.346787486224660,1
26,149,5.0,1
24,23,5.0,1
8,244,5.0,1
40,304,5.0,1
25,247,5.0,1
65,241,7.309803919971490,1
21,21,5.0,1
23,188,5.0,1
22,267,5.0,1
34,84,5.0,1
36,243,6.552841968657780,1
43,401,5.0,1
50,234,5.0,1
39,415,5.0,1
22,82,5.0,1
62,2,5.0,1
46,13,5.0,1
41,158,6.6020599913279600,1
22,153,6.040958607678910,1
48,120,5.0,1
42,111,5.3872161432802600,1
26,410,5.0,1
39,130,6.1938200260161100,1
30,325,5.0,1
60,387,7.309803919971490,1
65,268,5.0,1
64,118,5.0,1
20,260,5.721246399047170,1
44,296,5.0,1
4,166,5.853871964321760,1
67,397,5.0,1
51,60,5.0,1
16,123,5.0,1
59,110,6.136677139879540,1
28,51,5.180456064458130,1
45,27,5.657577319177790,1
57,151,6.2839966563652000,1
11,268,5.0,1
48,205,5.0,1
55,254,5.0,1
14,122,9.721246399047170,1
34,100,5.0,1
42,62,5.0,1
41,15,5.086186147616280,1
62,22,5.0,1
45,58,5.0,1
61,178,5.0,1
30,177,5.0,1
13,82,5.0,1
13,316,5.0,1
64,241,5.0,1
1,379,5.0,1
53,291,5.920818753952380,1
18,185,5.0,1
33,389,5.0,1
54,369,5.0,1
6,134,5.0,1
25,337,5.0,1
16,81,5.0,1
2,370,5.0,1
56,33,6.585026652029180,1
61,109,5.0,1
1,358,8.040958607678910,1
8,67,5.0,1
55,249,5.0,1
9,302,5.0,1
31,380,7.161150909262740,1
27,145,5.0,1
3,324,5.0,1
30,435,5.0,1
37,427,5.0,1
33,425,6.301029995663980,1
50,81,5.0,1
12,288,5.0,1
6,382,5.0,1
19,135,5.0,1
37,30,5.0,1
53,426,5.619788758288390,1
64,295,5.0,1
15,66,5.0,1
46,390,5.0,1
56,85,6.481486060122110,1
20,95,5.0,1
3,280,5.0,1
8,81,5.0,1
41,418,6.096910013008060,1
51,386,5.0,1
32,247,5.585026652029180,1
51,87,5.0,1
27,202,6.251811972993800,1
0,122,5.0,1
30,106,5.0,1
17,228,5.508638306165730,1
55,290,5.0,1
20,118,5.0,1
28,123,5.958607314841780,1
43,149,5.0,1
37,376,5.0,1
24,164,5.0,1
5,272,5.0,1
60,395,6.657577319177790,1
43,106,5.0,1
35,355,5.0,1
16,137,8.221848749616360,1
9,430,6.301029995663980,1
25,195,5.0,1
3,327,5.0,1
14,236,5.0,1
67,333,5.0,1
58,416,5.698970004336020,1
20,347,5.958607314841780,1
50,158,5.0,1
9,170,5.0,1
55,371,5.0,1
38,97,5.0,1
3,300,5.0,1
11,302,5.0,1
23,30,5.0,1
14,302,5.0,1
9,245,5.0,1
22,25,5.0,1
19,291,5.0,1
19,27,5.455931955649720,1
27,14,8.958607314841780,1
60,329,5.0,1
26,296,5.0,1
55,79,5.2076083105017500,1
30,138,8.154901959985740,1
57,82,5.0,1
23,346,5.0,1
3,434,5.0,1
66,416,5.0,1
43,211,5.619788758288390,1
1,89,5.0,1
35,137,5.0,1
3,417,5.0,1
1,368,5.0,1
44,270,5.0,1
29,49,6.0,1
47,434,5.638272163982410,1
28,438,5.508638306165730,1
43,388,5.0,1
29,440,6.236572006437060,1
19,194,6.42021640338319,1
53,385,6.1249387366083,1
5,185,5.0,1
7,316,5.0,1
21,82,5.0,1
56,427,8.00436480540245,1
35,253,5.0,1
29,65,5.0,1
28,100,5.0,1
14,54,5.0,1
32,5,5.0,1
1,313,5.0,1
49,356,6.200659450546420,1
66,32,5.0,1
63,283,5.0,1
61,227,5.0,1
0,239,5.920818753952380,1
21,226,5.0,1
43,328,5.0,1
25,394,5.0,1
52,28,5.086186147616280,1
11,400,5.0,1
11,61,5.0,1
25,211,5.0,1
7,338,5.0,1
29,297,6.886056647693160,1
50,247,5.102372908709560,1
46,418,5.0,1
60,144,5.0,1
5,296,5.958607314841780,1
50,107,5.0,1
61,267,5.0,1
40,325,5.0,1
30,289,5.0,1
60,123,6.236572006437060,1
57,386,7.251811972993800,1
13,187,5.0,1
63,96,5.0,1
56,172,9.065501548756430,1
52,1,5.0,1
2,88,5.6020599913279600,1
59,108,5.0,1
38,133,5.0,1
3,134,5.0,1
49,69,5.0,1
6,291,5.346787486224660,1
25,254,5.0,1
50,334,5.0,1
10,359,5.657577319177790,1
41,108,5.455931955649720,1
8,53,5.0,1
2,57,5.431798275933010,1
16,259,7.6020599913279600,1
31,3,5.309803919971490,1
25,418,7.443697499232710,1
22,240,5.0,1
49,423,5.0,1
25,280,5.0,1
34,93,5.0,1
54,366,5.0,1
10,266,5.0,1
24,417,5.0,1
56,180,8.366531544420410,1
3,290,5.0,1
53,193,5.229147988357860,1
20,361,5.0,1
36,7,5.251811972993800,1
12,383,5.0,1
50,368,5.0,1
43,77,5.0,1
50,423,5.346787486224660,1
27,316,5.0,1
27,216,5.0,1
18,383,5.0,1
37,46,6.0,1
42,69,5.0,1
48,305,5.0,1
14,225,5.075720713938120,1
2,37,6.2441251443275100,1
23,417,5.0,1
31,162,8.267606240177030,1
3,245,5.0,1
11,263,5.0,1
30,183,5.0,1
31,213,7.2441251443275100,1
61,104,5.0,1
33,399,5.0,1
33,331,5.0,1
14,63,5.0,1
23,181,5.0,1
49,102,5.0,1
11,112,5.0,1
14,85,5.214670164989230,1
42,144,5.0,1
16,13,7.130768280269020,1
50,384,5.0,1
34,386,5.0,1
3,60,7.619788758288390,1
22,1,6.823908740944320,1
28,278,5.0,1
63,92,5.0,1
67,269,5.0,1
16,435,5.0,1
44,189,5.431798275933010,1
43,220,5.0,1
48,176,6.638272163982410,1
39,300,6.102372908709560,1
56,294,7.619788758288390,1
18,47,5.0,1
28,386,6.142667503568730,1
0,42,5.0,1
50,192,5.0,1
48,270,5.0,1
60,57,5.0,1
19,63,5.0,1
17,256,5.698970004336020,1
63,176,5.0,1
38,269,5.0,1
55,210,5.568636235841010,1
9,141,5.0,1
5,407,5.0,1
7,403,5.769551078621730,1
18,326,5.0,1
40,399,6.3872161432802600,1
59,137,5.0,1
24,143,5.0,1
5,402,6.6020599913279600,1
26,181,5.0,1
58,270,6.356547323513810,1
9,105,5.0,1
13,318,5.0,1
66,289,5.481486060122110,1
3,164,5.0,1
5,411,5.0,1
62,227,5.0,1
13,364,5.0,1
7,419,5.0,1
36,337,5.0,1
35,384,5.0,1
6,333,5.568636235841010,1
16,8,7.013228265733760,1
11,423,5.0,1
41,171,6.376750709602100,1
62,25,5.0,1
43,414,5.0,1
31,165,7.769551078621730,1
46,288,5.0,1
65,113,8.318758762624410,1
23,13,5.0,1
16,94,5.0,1
53,99,6.259637310505760,1
21,159,6.455931955649720,1
14,2,5.494850021680090,1
5,11,5.0,1
14,183,5.0,1
27,270,5.0,1
14,153,5.0,1
66,126,5.5376020021010400,1
33,152,5.0,1
29,199,7.292429823902060,1
15,362,5.0,1
24,0,5.0,1
24,361,5.0,1
35,308,5.0,1
12,249,5.0,1
15,330,5.0,1
33,135,5.0,1
9,69,5.0,1
56,389,7.0655015487564300,1
43,82,5.0,1
27,239,5.0,1
1,165,7.3872161432802600,1
43,362,5.292429823902060,1
26,202,5.259637310505760,1
11,167,5.0,1
26,206,5.0,1
60,363,5.214670164989230,1
60,242,5.0,1
44,251,6.086186147616280,1
53,1,6.508638306165730,1
28,84,8.494850021680090,1
43,70,5.0,1
51,224,5.0,1
33,264,5.0,1
39,324,5.0,1
65,199,5.0,1
62,303,5.0,1
24,325,5.0,1
14,263,5.0,1
23,105,5.0,1
12,379,5.0,1
52,166,5.0,1
42,119,5.0,1
41,330,5.0,1
59,351,5.0,1
0,394,5.0,1
19,59,5.0,1
22,177,6.657577319177790,1
0,230,5.0,1
29,73,5.0,1
58,256,5.0,1
5,82,5.795880017344080,1
17,368,5.0,1
57,245,5.142667503568730,1
49,339,5.0,1
6,199,5.958607314841780,1
20,171,5.0,1
18,245,5.0,1
64,428,5.0,1
62,356,5.481486060122110,1
8,288,5.0,1
9,390,5.102372908709560,1
37,404,5.0,1
43,166,5.721246399047170,1
50,147,5.0,1
23,12,5.0,1
43,334,5.0,1
65,11,6.823908740944320,1
50,75,5.0,1
41,294,5.958607314841780,1
8,234,5.0,1
1,51,5.0,1
1,91,5.0,1
19,339,5.0,1
46,309,8.823908740944320,1
53,123,5.481486060122110,1
11,183,5.0,1
9,377,5.0,1
16,147,5.0,1
50,302,5.0,1
24,360,5.0,1
44,229,5.0,1
28,147,5.2441251443275100,1
10,189,6.221848749616360,1
37,365,5.0,1
48,144,5.0,1
44,21,8.537602002101040,1
19,340,5.0,1
26,85,5.0,1
58,328,5.638272163982410,1
39,139,5.0,1
1,343,5.0,1
47,345,5.0,1
19,243,5.795880017344080,1
2,97,5.0,1
52,23,5.5376020021010400,1
45,290,5.0,1
15,14,7.0,1
63,151,6.259637310505760,1
28,279,5.0,1
10,213,5.0,1
23,300,5.0,1
49,101,6.585026652029180,1
12,321,5.0,1
48,58,5.301029995663980,1
5,347,5.0,1
48,53,5.346787486224660,1
19,344,5.0,1
52,347,5.0,1
46,220,5.0,1
60,237,5.292429823902060,1
8,126,5.0,1
24,290,5.0,1
17,388,5.0,1
35,280,5.0,1
23,164,5.0,1
8,204,5.4089353929735000,1
17,316,5.0,1
3,262,5.0,1
23,109,5.0,1
13,29,5.0,1
5,369,5.886056647693160,1
30,240,5.0,1
43,320,5.0,1
12,15,5.443697499232710,1
47,218,7.585026652029180,1
35,363,5.0,1
18,230,5.0,1
64,301,5.0,1
36,124,5.0,1
29,182,5.657577319177790,1
50,374,6.494850021680090,1
63,121,5.0,1
44,401,6.886056647693160,1
43,13,5.721246399047170,1
51,1,5.0,1
19,88,5.0,1
47,40,5.0,1
44,203,6.522878745280340,1
54,355,5.0,1
22,228,6.721246399047170,1
0,199,5.0,1
41,74,5.619788758288390,1
23,241,5.292429823902060,1
47,211,6.2076083105017500,1
9,207,6.318758762624410,1
14,384,5.0,1
46,365,5.0,1
32,21,5.0,1
38,277,5.0,1
53,150,5.0,1
34,407,5.0,1
11,14,5.958607314841780,1
32,107,5.0,1
39,176,5.0,1
10,276,5.0,1
1,164,8.292429823902060,1
19,36,5.958607314841780,1
48,229,5.0,1
19,359,6.376750709602100,1
63,431,5.0,1
0,18,5.0,1
43,112,5.0,1
0,231,5.0,1
0,9,5.0,1
17,172,5.0,1
40,249,5.0,1
60,66,5.0,1
53,429,7.376750709602100,1
28,311,5.0,1
47,63,5.0,1
37,73,5.0,1
56,346,7.7447274948966900,1
18,284,9.346787486224660,1
7,55,5.619788758288390,1
51,357,5.0,1
2,152,5.721246399047170,1
45,220,5.0,1
56,82,6.040958607678910,1
60,36,6.455931955649720,1
63,32,5.0,1
14,132,5.698970004336020,1
52,218,5.0,1
47,336,7.468521082957750,1
43,298,6.698970004336020,1
29,86,5.920818753952380,1
28,421,5.494850021680090,1
48,173,5.0,1
5,327,5.0,1
65,249,5.0,1
18,267,5.0,1
39,437,5.958607314841780,1
12,140,5.0,1
20,187,5.0,1
27,24,5.0,1
0,386,5.0,1
47,384,7.275724130399210,1
30,105,5.0,1
30,254,5.0,1
52,424,5.0,1
34,402,5.0,1
45,108,5.0,1
11,275,5.0,1
1,192,5.0,1
59,1,5.0,1
19,421,5.0,1
26,299,5.0,1
6,419,5.0,1
48,112,5.0,1
10,347,5.0,1
13,359,5.0,1
38,80,5.0,1
17,98,5.0,1
25,88,5.0,1
24,281,5.0,1
54,141,5.0,1
15,373,5.0,1
32,112,5.0,1
67,140,5.0,1
24,428,5.638272163982410,1
9,88,5.0,1
22,5,6.769551078621730,1
37,219,5.0,1
63,304,5.657577319177790,1
39,136,6.136677139879540,1
28,127,5.795880017344080,1
59,338,5.0,1
43,301,5.0,1
24,416,5.0,1
35,207,8.327902142064280,1
59,327,5.107905397309520,1
42,386,5.0,1
27,379,5.0,1
51,133,5.0,1
4,246,5.221848749616360,1
53,243,6.468521082957750,1
46,330,5.0,1
31,75,6.366531544420410,1
63,214,6.920818753952380,1
6,213,5.0,1
3,335,5.0,1
37,319,5.0,1
9,255,5.0,1
48,158,5.721246399047170,1
24,412,5.0,1
4,321,5.0,1
60,51,6.337242168318430,1
33,303,5.0,1
38,365,5.1938200260161100,1
2,53,5.0,1
1,14,5.0,1
6,54,5.0,1
23,165,5.0,1
17,279,5.0,1
9,139,5.0,1
32,318,5.0,1
13,74,5.0,1
23,122,5.0,1
29,96,6.443697499232710,1
5,119,5.769551078621730,1
54,305,5.0,1
58,7,6.795880017344080,1
60,125,6.136677139879540,1
48,15,5.0,1
48,145,5.0,1
26,57,5.0,1
49,234,5.0,1
53,392,6.698970004336020,1
3,89,5.0,1
36,278,5.0,1
65,95,5.0,1
33,184,6.0,1
64,245,5.0,1
14,130,6.568636235841010,1
11,47,5.0,1
51,390,5.0,1
14,254,5.0,1
33,30,5.0,1
55,203,6.508638306165730,1
36,25,6.107905397309520,1
67,249,5.0,1
14,258,5.0,1
61,168,5.431798275933010,1
19,133,5.0,1
49,104,5.0,1
41,350,5.0,1
53,17,5.0,1
47,354,6.075720713938120,1
59,438,5.0,1
58,325,5.013228265733760,1
48,258,5.0,1
24,423,5.0,1
41,69,5.0,1
29,376,6.2076083105017500,1
38,381,5.0,1
31,0,8.508638306165730,1
25,347,5.0,1
23,286,5.0,1
47,184,6.920818753952380,1
7,299,5.0,1
48,44,5.0,1
50,288,5.0,1
35,347,5.0,1
0,79,7.886056647693160,1
8,371,5.0,1
49,189,6.537602002101040,1
50,350,5.0,1
17,178,5.0,1
59,177,5.0,1
33,394,5.0,1
6,251,5.0,1
53,101,6.619788758288390,1
48,117,5.0,1
39,427,5.0,1
52,157,5.00436480540245,1
9,210,6.42021640338319,1
62,198,5.0,1
2,14,9.167491087293760,1
33,285,5.0,1
53,20,5.0,1
57,103,5.5376020021010400,1
46,219,5.0,1
53,439,7.920818753952380,1
23,259,5.0,1
0,432,5.0,1
51,306,5.0,1
32,291,5.0,1
33,343,5.0,1
25,283,5.0,1
64,337,5.0,1
17,165,5.0,1
0,188,5.0,1
56,100,7.136677139879540,1
46,316,8.346787486224660,1
15,109,5.0,1
47,119,6.6020599913279600,1
18,119,5.0,1
38,399,5.292429823902060,1
54,392,5.0,1
33,115,5.0,1
63,416,5.0,1
39,30,5.0,1
9,117,5.055517327849830,1
15,248,6.267606240177030,1
38,286,5.0,1
15,198,5.0,1
32,23,5.0,1
45,0,5.5376020021010400,1
42,240,5.0,1
22,300,6.638272163982410,1
16,363,6.045757490560680,1
13,218,5.0,1
16,118,5.0,1
21,146,5.0,1
1,425,5.0,1
22,239,5.0,1
51,254,5.0,1
2,220,6.0,1
22,94,5.552841968657780,1
50,411,5.0,1
14,89,6.376750709602100,1
34,344,5.0,1
11,360,5.0,1
7,346,6.455931955649720,1
5,440,5.0,1
45,193,5.0,1
36,368,6.366531544420410,1
1,20,5.0,1
24,273,5.0,1
0,249,5.0,1
27,120,5.0,1
40,102,8.619788758288390,1
27,105,5.0,1
21,441,5.0,1
18,413,6.853871964321760,1
43,126,5.0,1
7,214,5.309803919971490,1
66,227,6.537602002101040,1
18,1,5.0,1
31,203,8.148741651280930,1
0,3,5.0,1
51,315,5.0,1
9,165,5.5376020021010400,1
54,127,5.0,1
27,233,5.0,1
51,156,5.0,1
29,285,5.853871964321760,1
56,433,5.0,1
15,114,6.823908740944320,1
31,230,6.638272163982410,1
51,333,5.0,1
51,83,5.0,1
43,226,5.0,1
60,347,5.42021640338319,1
49,434,5.0,1
47,436,5.0,1
64,402,5.0,1
32,221,5.0,1
0,41,5.0,1
8,357,5.0,1
38,44,5.0,1
24,229,5.0,1
12,154,5.0,1
54,308,5.0,1
12,49,5.0,1
18,435,5.0,1
6,99,5.0,1
61,431,5.0,1
63,98,5.00436480540245,1
17,430,5.5376020021010400,1
46,267,6.107905397309520,1
15,437,6.585026652029180,1
19,260,6.318758762624410,1
58,235,7.920818753952380,1
53,248,7.161150909262740,1
67,400,5.0,1
31,87,5.1487416512809200,1
27,181,5.0,1
32,157,8.1249387366083,1
58,36,7.481486060122110,1
61,123,5.0,1
48,107,5.0,1
52,398,5.0,1
45,181,5.0,1
37,142,5.0,1
18,441,5.0,1
43,169,5.886056647693160,1
0,395,6.657577319177790,1
34,254,5.0,1
18,247,5.0,1
5,184,5.0,1
11,31,5.0,1
50,307,5.0,1
43,308,5.0,1
63,258,6.698970004336020,1
56,93,6.026872146400300,1
24,107,5.0,1
12,84,6.6020599913279600,1
2,62,5.958607314841780,1
24,299,5.0,1
35,346,5.0,1
12,292,5.0,1
52,165,5.0,1
53,66,5.0,1
57,375,6.236572006437060,1
33,435,5.0,1
50,19,5.0,1
14,294,5.0,1
23,338,5.0,1
27,266,5.0,1
22,354,5.356547323513810,1
22,397,6.7447274948966900,1
36,46,5.0,1
22,405,6.508638306165730,1
54,271,5.0,1
9,259,5.0,1
13,178,5.0,1
1,144,5.0,1
41,371,5.0,1
23,414,5.0,1
65,4,7.1249387366083,1
0,381,5.0,1
0,270,5.0,1
42,205,5.0,1
29,181,6.337242168318430,1
55,32,5.0,1
14,205,5.102372908709560,1
29,194,6.721246399047170,1
10,113,7.7447274948966900,1
11,230,5.0,1
29,193,5.920818753952380,1
7,228,5.0,1
23,112,5.0,1
29,343,5.0,1
12,14,6.522878745280340,1
2,196,6.585026652029180,1
65,236,5.0,1
51,70,5.0,1
0,130,5.0,1
9,106,5.0,1
28,60,5.0,1
64,121,5.0,1
35,14,8.67778070526608,1
46,115,5.0,1
3,200,5.0,1
43,290,5.0,1
36,434,5.619788758288390,1
60,249,5.0,1
37,144,5.0,1
8,271,5.0,1
50,400,5.0,1
31,14,5.494850021680090,1
15,196,5.0,1
12,131,5.0,1
8,251,5.0,1
18,214,7.920818753952380,1
66,232,5.853871964321760,1
14,403,5.0,1
64,77,5.0,1
63,289,5.2441251443275100,1
11,157,8.0,1
58,397,5.853871964321760,1
48,402,5.4089353929735000,1
11,96,5.0,1
36,149,5.920818753952380,1
7,234,5.0,1
63,22,5.0,1
8,380,5.0,1
19,314,5.0,1
58,119,7.337242168318430,1
13,221,5.0,1
66,208,6.376750709602100,1
55,94,5.0,1
50,377,5.0,1
35,156,6.1938200260161100,1
28,189,6.657577319177790,1
53,102,5.0,1
63,73,5.0,1
25,129,5.0,1
14,66,5.0,1
57,418,6.229147988357860,1
49,347,5.0,1
48,381,5.0,1
41,338,6.3872161432802600,1
16,309,5.0,1
10,301,5.0,1
14,43,5.585026652029180,1
66,359,7.638272163982410,1
49,135,5.0,1
12,187,5.0,1
60,74,5.886056647693160,1
26,227,5.0,1
39,25,5.0,1
42,204,5.0,1
26,107,5.698970004336020,1
43,89,5.0,1
20,241,5.0,1
44,377,5.0,1
27,348,5.0,1
18,52,5.0,1
29,33,5.0,1
8,29,5.0,1
7,256,5.0,1
1,18,5.0,1
12,368,5.0,1
44,261,5.0,1
5,331,5.0,1
42,399,5.0,1
26,119,9.0268721464003,1
10,165,5.0,1
27,70,5.0,1
33,54,5.0,1
16,170,5.0,1
26,421,5.0,1
24,354,5.0,1
22,271,5.0,1
63,366,5.0,1
58,57,7.522878745280340,1
16,249,5.0,1
64,44,5.0,1
10,133,7.481486060122110,1
10,147,5.0,1
5,239,5.920818753952380,1
33,330,5.0,1
7,88,5.823908740944320,1
38,440,5.823908740944320,1
21,24,5.0,1
42,379,5.0,1
58,109,5.5376020021010400,1
14,304,5.0,1
3,357,5.0,1
66,237,8.0,1
12,46,5.443697499232710,1
35,79,5.0,1
60,91,5.0,1
35,33,5.0,1
48,0,6.045757490560680,1
67,145,5.0,1
27,109,5.0,1
61,403,5.0,1
47,302,5.0,1
37,296,5.0,1
16,27,8.481486060122110,1
34,235,5.0,1
56,402,7.920818753952380,1
29,129,5.0,1
65,188,5.0,1
26,87,5.0,1
42,210,5.0,1
5,263,5.0,1
44,73,5.0,1
43,14,6.337242168318430,1
53,136,5.0,1
21,7,7.236572006437060,1
1,198,5.0,1
2,387,5.0,1
62,101,7.920818753952380,1
62,16,5.0,1
63,149,5.376750709602100,1
25,112,5.0,1
36,268,5.0,1
3,96,5.0,1
39,131,5.0,1
24,383,5.721246399047170,1
62,14,5.0,1
51,395,5.0,1
1,231,5.0,1
38,94,5.0,1
17,395,5.0,1
1,201,8.443697499232710,1
30,98,5.0,1
10,413,7.508638306165730,1
39,326,5.0,1
4,414,5.0,1
34,228,5.0,1
66,361,7.443697499232710,1
59,153,5.0,1
19,169,6.6020599913279600,1
57,416,5.0,1
33,373,5.0,1
52,260,5.0,1
6,137,6.443697499232710,1
30,385,5.0,1
33,15,5.0,1
23,423,5.0,1
65,441,5.0,1
64,334,5.0,1
37,210,6.443697499232710,1
20,249,5.0,1
51,3,5.0,1
43,429,5.0,1
19,406,5.0,1
40,26,5.0,1
47,327,5.920818753952380,1
40,4,8.494850021680090,1
1,293,5.0,1
8,277,5.0,1
17,415,8.2518119729938,1
42,177,6.537602002101040,1
40,237,6.080921907623930,1
19,38,7.267606240177030,1
58,342,5.0,1
5,38,5.0,1
0,339,7.568636235841010,1
23,129,5.0,1
21,243,5.0,1
35,358,5.0,1
57,280,5.0,1
35,159,5.0,1
13,385,5.0,1
42,109,5.0,1
22,27,7.161150909262740,1
44,276,5.0,1
54,211,5.0,1
18,152,5.0,1
30,173,5.0,1
48,435,5.0,1
34,47,5.0,1
36,201,7.366531544420410,1
54,270,5.0,1
2,52,5.0,1
23,50,5.0,1
7,189,5.721246399047170,1
63,326,5.0,1
3,202,5.0,1
43,351,5.0,1
18,134,6.356547323513810,1
50,53,5.0,1
41,322,5.0,1
27,401,5.0,1
57,374,5.301029995663980,1
21,267,5.0,1
20,103,5.0,1
6,104,5.769551078621730,1
38,231,5.0,1
27,422,5.0,1
30,339,5.0,1
33,344,5.0,1
43,67,5.0,1
62,15,5.0,1
5,324,6.221848749616360,1
17,126,9.070581074285710,1
35,98,5.0,1
32,309,5.0,1
52,113,5.0,1
22,54,5.0,1
37,194,5.0,1
34,173,5.0,1
1,43,5.0,1
33,76,5.0,1
21,411,5.0,1
65,176,5.0,1
5,399,5.0,1
39,224,5.0,1
1,170,5.0,1
45,182,5.0,1
30,360,5.0,1
55,281,5.0,1
64,398,5.0,1
12,133,5.0,1
18,153,5.0,1
50,96,5.0,1
54,145,5.0,1
17,432,5.154901959985740,1
7,302,5.0,1
9,293,5.0,1
5,312,5.0,1
63,120,5.0,1
45,6,6.42021640338319,1
2,109,5.0,1
50,2,5.0,1
27,389,5.0,1
30,341,5.0,1
46,373,5.0,1
13,253,5.0,1
0,299,5.0,1
13,244,5.0,1
16,274,5.0,1
39,253,5.0,1
16,35,7.119186407719210,1
11,208,5.0,1
8,187,5.0,1
4,79,5.5376020021010400,1
1,185,5.0,1
21,336,5.0,1
51,78,5.0,1
36,397,5.0,1
46,129,5.0,1
66,322,5.0,1
35,434,5.0,1
9,4,5.853871964321760,1
34,178,5.0,1
10,329,5.0,1
59,122,6.096910013008060,1
63,177,5.0,1
36,287,5.0,1
40,426,6.346787486224660,1
45,2,5.0,1
8,303,5.0,1
20,93,5.0,1
33,283,5.0,1
14,420,5.0,1
48,283,5.0,1
59,111,5.251811972993800,1
2,190,5.0,1
60,110,5.022276394711150,1
19,361,6.161150909262740,1
24,438,5.0,1
24,296,5.0,1
11,330,5.0,1
34,118,5.0,1
40,53,5.0,1
48,325,6.161150909262740,1
9,83,5.0,1
34,163,5.0,1
51,361,5.0,1
47,14,6.275724130399210,1
49,268,5.0,1
35,366,5.0,1
29,163,7.886056647693160,1
24,401,6.2076083105017500,1
20,131,5.0,1
31,267,7.5376020021010400,1
18,258,5.0,1
20,75,5.0,1
10,363,5.431798275933010,1
65,301,5.0,1
12,45,6.481486060122110,1
59,180,5.0,1
1,306,5.0,1
2,84,8.236572006437060,1
13,106,5.0,1
22,235,5.0,1
3,192,5.0,1
35,169,5.0,1
42,262,5.0,1
23,408,5.0,1
50,137,5.508638306165730,1
55,360,5.0,1
12,111,5.0,1
32,38,5.0,1
60,337,5.795880017344080,1
66,405,5.0,1
25,222,5.0,1
45,221,5.5376020021010400,1
26,37,5.7447274948966900,1
62,206,5.0,1
24,11,5.0,1
45,44,6.136677139879540,1
25,82,5.0,1
19,232,5.638272163982410,1
21,169,5.356547323513810,1
52,77,5.0,1
25,93,5.0,1
26,41,5.0,1
27,309,5.0,1
20,62,5.0,1
18,404,5.0,1
58,26,5.0,1
8,433,5.0,1
25,55,5.0,1
16,73,5.0,1
59,271,5.0,1
48,124,5.0,1
57,138,5.0,1
28,22,5.0,1
60,258,5.0,1
33,71,5.0,1
5,432,5.0,1
5,153,5.0,1
0,330,7.045757490560680,1
30,324,5.0,1
58,212,5.958607314841780,1
35,211,5.0,1
10,241,8.086186147616280,1
3,348,5.0,1
43,140,5.0,1
62,340,5.0,1
50,286,5.0,1
59,50,5.0,1
48,55,5.337242168318430,1
32,416,5.0,1
53,98,6.769551078621730,1
33,106,5.0,1
28,285,5.0,1
13,335,5.0,1
10,364,5.0,1
51,164,5.0,1
4,350,5.0,1
54,420,5.0,1
23,376,5.0,1
45,207,7.522878745280340,1
58,98,5.657577319177790,1
15,422,5.0,1
47,120,7.214670164989230,1
24,214,5.0,1
1,213,5.0,1
19,387,6.886056647693160,1
29,288,5.6777807052660800,1
50,61,5.0,1
26,402,5.0,1
7,0,5.552841968657780,1
60,289,5.221848749616360,1
55,51,5.0,1
40,130,7.154901959985740,1
16,352,6.721246399047170,1
35,25,5.0,1
39,293,5.0,1
35,320,5.0,1
28,374,5.0,1
27,378,5.0,1
50,231,5.0,1
33,307,5.0,1
26,386,6.036212172654440,1
41,47,5.0,1
3,61,8.075720713938120,1
21,178,5.0,1
26,113,9.267606240177030,1
33,95,5.0,1
43,374,5.0,1
57,57,6.050609993355090,1
35,299,5.0,1
38,69,5.0,1
25,411,5.0,1
44,256,5.0,1
14,201,6.154901959985740,1
39,390,5.0,1
64,142,5.0,1
35,209,5.0,1
7,308,5.0,1
17,71,5.0,1
48,266,5.0,1
57,231,5.0,1
63,302,5.0,1
37,50,5.0,1
67,136,5.0,1
44,83,6.096910013008060,1
14,39,7.346787486224660,1
10,143,5.0,1
52,321,5.0,1
50,226,5.0,1
28,256,5.0,1
22,320,5.0,1
40,88,5.0,1
33,55,5.0,1
0,278,5.0,1
21,6,7.050609993355090,1
35,133,5.0,1
26,205,5.0,1
62,29,5.0,1
13,35,5.0,1
14,129,5.920818753952380,1
19,104,5.6777807052660800,1
37,358,5.0,1
26,422,5.0,1
52,228,5.0,1
11,177,5.0,1
43,167,5.638272163982410,1
42,426,5.0,1
66,327,7.769551078621730,1
19,208,5.769551078621730,1
55,101,5.0,1
12,271,5.0,1
16,70,6.481486060122110,1
26,172,5.0,1
53,289,5.0,1
49,182,5.0,1
47,27,6.619788758288390,1
7,204,5.0,1
36,153,5.769551078621730,1
36,343,6.036212172654440,1
55,142,5.0,1
67,246,5.0,1
66,161,9.154901959985740,1
19,252,8.698970004336020,1
9,92,5.0,1
42,438,5.0,1
38,155,5.0,1
17,168,8.585026652029180,1
40,125,8.187086643357140,1
34,140,5.0,1
22,110,5.0,1
67,32,5.0,1
35,201,7.920818753952380,1
30,288,5.0,1
51,52,5.0,1
37,329,5.0,1
39,186,5.0,1
8,141,5.0,1
16,113,5.0,1
58,275,5.055517327849830,1
9,226,5.0,1
5,84,5.552841968657780,1
22,408,5.0,1
52,285,5.0,1
52,56,5.0,1
44,93,5.920818753952380,1
6,5,6.481486060122110,1
27,190,5.0,1
2,193,7.130768280269020,1
52,429,5.0,1
47,32,5.0,1
62,87,5.0,1
38,390,5.0,1
31,351,6.259637310505760,1
26,329,5.0,1
32,271,5.0,1
63,191,5.431798275933010,1
27,149,5.0,1
56,38,8.2518119729938,1
30,152,5.0,1
21,220,5.0,1
67,204,6.958607314841780,1
53,70,6.031517051446070,1
18,228,7.045757490560680,1
60,240,5.00436480540245,1
2,345,6.022276394711150,1
29,124,5.0,1
8,362,5.0,1
58,187,8.619788758288390,1
7,417,5.0,1
13,151,5.0,1
51,288,5.0,1
51,279,5.0,1
63,87,5.0,1
8,367,5.0,1
4,421,5.0,1
39,331,5.0,1
44,0,5.795880017344080,1
47,228,5.0,1
0,45,5.0,1
32,216,5.0,1
26,194,5.0,1
32,35,6.4089353929735000,1
49,363,5.0,1
31,125,6.42021640338319,1
38,409,6.4089353929735000,1
52,30,5.0,1
26,109,5.0,1
1,380,5.0,1
41,177,6.920818753952380,1
38,356,5.0,1
54,169,5.0,1
35,184,5.0,1
23,134,5.0,1
0,263,5.0,1
21,342,5.0,1
14,334,5.0,1
30,186,5.0,1
57,355,7.886056647693160,1
66,310,5.0,1
65,0,5.0,1
9,338,5.327902142064280,1
31,70,7.060480747381380,1
1,87,5.0,1
48,221,5.0,1
60,0,7.455931955649720,1
60,199,6.698970004336020,1
6,287,5.0,1
4,87,5.0,1
46,268,5.0,1
42,326,5.0,1
38,132,5.0,1
31,76,8.0,1
16,12,8.0,1
46,240,5.0,1
62,79,5.0,1
51,419,5.0,1
8,246,5.0,1
12,29,5.0,1
24,86,5.0,1
8,341,5.0,1
12,117,5.0,1
26,226,5.0,1
59,98,5.0,1
53,28,7.0,1
35,177,5.0,1
11,292,5.0,1
42,361,5.0,1
33,275,5.0,1
21,70,5.0,1
30,135,5.0,1
27,384,5.0,1
49,271,5.0,1
5,388,5.0,1
8,354,5.0,1
62,289,5.0,1
4,221,5.0,1
45,323,5.0,1
41,218,5.0,1
15,178,5.0,1
28,331,5.0,1
50,52,5.0,1
20,441,5.0,1
24,233,6.142667503568730,1
56,439,9.065501548756430,1
5,420,5.0,1
41,326,5.0,1
28,173,6.42021640338319,1
67,88,5.0,1
12,309,5.0,1
43,426,5.0,1
48,200,5.0,1
42,207,5.0,1
53,414,5.823908740944320,1
0,203,6.0,1
53,138,5.0,1
58,244,7.721246399047170,1
18,135,5.0,1
5,412,5.0,1
6,70,5.0,1
19,130,5.0,1
23,139,5.638272163982410,1
35,162,5.0,1
35,214,5.0,1
31,12,6.795880017344080,1
47,100,5.0,1
55,304,5.0,1
63,336,5.0,1
37,327,5.0,1
38,190,5.0,1
20,430,5.0,1
53,246,5.494850021680090,1
4,273,5.0,1
61,207,7.585026652029180,1
16,354,5.0,1
31,71,5.096910013008060,1
4,437,5.0,1
41,317,5.0,1
3,156,5.0,1
29,249,5.0,1
2,279,5.0,1
35,149,5.0,1
24,19,5.0,1
3,224,5.0,1
56,167,7.481486060122110,1
32,79,5.0,1
51,274,5.0,1
18,224,5.0,1
32,130,6.481486060122110,1
50,224,5.0,1
26,174,5.0,1
44,18,7.236572006437060,1
5,311,5.0,1
66,367,5.0,1
44,316,6.443697499232710,1
27,160,5.0,1
22,438,5.2441251443275100,1
15,419,5.0,1
41,130,5.0,1
20,388,5.0,1
35,81,5.0,1
35,287,5.0,1
12,120,5.0,1
35,197,5.0,1
50,292,5.0,1
62,273,5.0,1
36,121,5.552841968657780,1
4,399,5.0,1
49,323,5.0,1
26,43,5.0,1
34,171,5.0,1
62,168,5.0,1
11,265,5.0,1
29,378,6.356547323513810,1
64,70,5.0,1
67,149,5.0,1
22,221,5.0,1
48,233,5.0,1
15,310,5.0,1
20,246,5.0,1
46,415,5.0,1
44,42,7.050609993355090,1
44,308,6.823908740944320,1
53,306,5.0,1
8,374,5.481486060122110,1
20,148,5.0,1
5,357,5.0,1
58,185,5.0,1
4,358,5.0,1
45,351,5.0,1
24,301,5.0,1
62,140,5.0,1
61,214,5.022276394711150,1
55,420,5.0,1
1,206,8.221848749616360,1
33,422,5.0,1
61,21,5.0,1
50,174,5.769551078621730,1
19,214,6.259637310505760,1
24,265,5.0,1
15,360,5.0,1
11,436,5.0,1
25,138,5.0,1
17,17,6.2076083105017500,1
67,158,5.0,1
40,141,5.0,1
12,384,5.0,1
5,111,5.0,1
51,193,5.0,1
0,163,6.698970004336020,1
15,423,5.0,1
4,401,5.0,1
22,113,6.508638306165730,1
19,41,5.0,1
37,165,8.013228265733760,1
41,400,5.275724130399210,1
24,97,5.0,1
49,34,5.0,1
31,376,7.055517327849830,1
6,330,5.0,1
39,13,7.886056647693160,1
53,332,5.721246399047170,1
46,122,5.0,1
47,154,7.173925197299170,1
31,405,5.920818753952380,1
44,51,5.823908740944320,1
21,55,5.1938200260161100,1
39,244,5.0,1
45,233,5.0,1
15,312,5.0,1
49,93,5.376750709602100,1
32,65,5.0,1
12,281,5.0,1
58,350,5.236572006437060,1
18,163,5.301029995663980,1
25,204,5.0,1
8,345,5.0,1
34,428,5.0,1
58,112,6.7447274948966900,1
58,202,6.853871964321760,1
47,319,5.376750709602100,1
31,104,6.075720713938120,1
13,382,5.0,1
0,359,6.2076083105017500,1
65,41,6.619788758288390,1
1,323,5.0,1
18,362,5.0,1
62,254,5.0,1
65,145,5.0,1
63,194,5.0,1
3,53,5.0,1
10,239,5.585026652029180,1
5,39,5.0,1
42,280,5.0,1
6,245,6.086186147616280,1
60,211,6.026872146400300,1
64,194,5.0,1
19,209,6.275724130399210,1
8,79,5.0,1
57,281,6.070581074285710,1
61,155,5.0,1
10,48,5.0,1
58,375,7.769551078621730,1
21,152,5.0,1
15,337,5.0,1
54,191,5.0,1
33,216,5.0,1
15,301,5.0,1
64,183,5.0,1
45,177,5.0,1
0,193,5.0,1
66,156,6.522878745280340,1
29,146,5.958607314841780,1
45,425,5.0,1
44,347,5.0,1
16,45,5.0,1
10,49,8.318758762624410,1
2,290,5.3979400086720400,1
21,250,6.161150909262740,1
23,324,5.0,1
19,269,5.0,1
39,154,5.0,1
19,218,6.1249387366083,1
3,249,5.0,1
32,117,5.0,1
37,188,5.0,1
42,273,5.0,1
15,409,6.537602002101040,1
44,74,5.0,1
42,321,5.455931955649720,1
51,91,5.0,1
12,361,5.0,1
7,381,5.0,1
11,160,5.0,1
65,345,5.0,1
35,385,5.0,1
60,69,5.0,1
47,205,8.244125144327510,1
66,122,5.0,1
32,164,7.795880017344080,1
22,254,6.275724130399210,1
28,200,8.443697499232710,1
10,261,6.42021640338319,1
7,87,5.0,1
32,127,5.455931955649720,1
10,402,5.721246399047170,1
20,434,5.0,1
16,292,5.0,1
15,265,5.0,1
39,49,5.0,1
12,390,5.0,1
11,113,5.0,1
62,94,5.0,1
18,278,5.0,1
11,23,5.0,1
38,242,5.0,1
67,47,5.0,1
16,283,5.0,1
25,372,5.0,1
46,160,6.1487416512809200,1
12,127,5.0,1
65,35,5.0,1
54,72,5.0,1
0,148,5.0,1
0,389,5.0,1
50,278,5.0,1
60,323,5.0,1
60,76,5.136677139879540,1
5,291,5.0,1
46,2,5.0,1
59,308,7.229147988357860,1
60,127,5.1487416512809200,1
2,328,5.0,1
38,354,5.0,1
27,158,5.0,1
55,242,5.0,1
0,38,6.920818753952380,1
21,328,6.0,1
58,402,6.130768280269020,1
50,10,5.0,1
64,15,5.0,1
41,41,5.0,1
50,272,5.0,1
65,355,7.468521082957750,1
10,52,5.0,1
24,404,5.0,1
41,265,5.102372908709560,1
7,49,5.0,1
42,412,5.0,1
7,246,5.0,1
40,434,5.6020599913279600,1
4,77,5.0,1
28,219,6.6777807052660800,1
42,359,5.0,1
67,15,5.0,1
22,269,6.161150909262740,1
20,278,5.0,1
40,58,5.0,1
51,300,5.0,1
3,440,5.0,1
48,422,5.0,1
20,20,5.0,1
27,33,5.0,1
2,170,5.0,1
62,288,5.0,1
62,73,5.0,1
17,426,5.0,1
7,78,5.113509274827520,1
53,24,5.0,1
27,35,5.0,1
64,64,5.0,1
48,351,5.795880017344080,1
23,437,5.0,1
21,3,5.958607314841780,1
23,267,5.0,1
40,193,6.481486060122110,1
48,386,6.3979400086720400,1
10,375,5.920818753952380,1
13,22,5.0,1
35,65,5.0,1
59,347,5.0,1
47,273,6.769551078621730,1
4,5,6.638272163982410,1
53,89,6.468521082957750,1
23,316,5.0,1
13,290,5.0,1
11,111,5.0,1
30,275,5.0,1
36,361,6.376750709602100,1
25,156,5.0,1
35,268,5.0,1
45,415,5.0,1
31,111,7.657577319177790,1
25,440,5.0,1
56,84,7.920818753952380,1
64,42,5.0,1
42,423,5.0,1
61,353,5.0,1
38,322,5.0,1
27,64,5.259637310505760,1
48,223,6.1487416512809200,1
48,224,6.769551078621730,1
28,320,5.0,1
10,29,5.0,1
58,435,7.619788758288390,1
1,56,5.0,1
52,404,5.0,1
10,403,6.468521082957750,1
43,19,5.0,1
37,212,5.0,1
52,311,5.0,1
38,408,5.0,1
23,436,5.0,1
65,382,5.0,1
57,170,6.537602002101040,1
22,15,7.251811972993800,1
60,201,7.337242168318430,1
43,240,6.721246399047170,1
11,188,5.0,1
23,145,5.0,1
37,239,5.0,1
55,114,5.0,1
2,24,5.0,1
30,232,5.0,1
57,209,6.337242168318430,1
17,84,9.236572006437060,1
13,245,5.0,1
52,92,5.0,1
32,225,5.0,1
6,31,5.0,1
40,356,7.275724130399210,1
8,16,5.0,1
37,3,5.0,1
7,391,5.0,1
47,410,6.508638306165730,1
23,304,5.0,1
41,6,5.0,1
49,247,5.0,1
64,210,5.337242168318430,1
23,296,5.0,1
34,221,5.0,1
12,387,5.0,1
40,41,8.397940008672040,1
29,60,5.0,1
50,130,5.920818753952380,1
15,135,5.0,1
44,119,6.0,1
10,429,6.337242168318430,1
11,366,5.0,1
17,250,5.0,1
34,385,5.0,1
34,298,5.0,1
32,55,5.0,1
2,71,8.853871964321760,1
57,178,7.3872161432802600,1
54,129,5.0,1
64,22,5.0,1
9,27,5.0,1
8,336,5.0,1
52,9,5.0,1
8,165,5.0,1
42,358,5.0,1
29,184,6.7447274948966900,1
53,212,5.0,1
59,259,5.0,1
24,136,5.0,1
25,6,5.0,1
63,380,5.0,1
45,97,5.0,1
57,423,5.0,1
65,111,5.0,1
28,102,8.0268721464003,1
44,325,5.0,1
66,26,5.0,1
2,6,8.585026652029180,1
17,146,5.0,1
37,74,5.0,1
4,50,5.0,1
18,156,5.0,1
5,125,5.638272163982410,1
49,417,5.823908740944320,1
57,284,5.0,1
12,11,5.214670164989230,1
16,2,5.568636235841010,1
55,124,5.0,1
39,72,5.0,1
29,142,5.0,1
6,321,5.0,1
58,158,7.823908740944320,1
52,18,5.0,1
52,38,5.0,1
41,394,5.318758762624410,1
13,48,5.0,1
58,347,6.366531544420410,1
26,374,5.0,1
17,267,5.0,1
8,68,5.0,1
31,194,5.0,1
39,128,6.481486060122110,1
33,163,5.0,1
21,320,5.0,1
36,113,5.154901959985740,1
25,41,5.0,1
7,48,5.0,1
28,172,6.086186147616280,1
11,382,5.0,1
9,349,5.0,1
12,263,5.0,1
56,378,7.7447274948966900,1
42,190,5.0,1
32,17,5.0,1
23,288,5.0,1
23,60,5.0,1
51,35,5.0,1
4,85,5.0,1
57,61,5.0,1
14,221,5.0,1
16,95,5.0,1
55,358,7.657577319177790,1
46,154,5.0,1
15,199,5.0,1
57,232,5.920818753952380,1
63,264,6.522878745280340,1
7,400,5.0,1
42,309,8.886056647693160,1
60,367,5.657577319177790,1
58,196,7.769551078621730,1
11,9,5.823908740944320,1
65,257,5.6020599913279600,1
11,119,5.292429823902060,1
40,68,5.0,1
58,78,7.142667503568730,1
27,102,9.154901959985740,1
12,385,5.0,1
42,180,5.0,1
20,40,5.0,1
60,89,5.0,1
5,31,5.0,1
47,16,6.142667503568730,1
29,44,5.0,1
40,9,8.886056647693160,1
50,324,5.0,1
10,32,5.0,1
66,7,7.309803919971490,1
41,119,5.0,1
4,125,5.0,1
1,137,5.920818753952380,1
58,319,5.0,1
48,89,5.0,1
49,199,5.0,1
42,67,5.0,1
16,169,5.0,1
0,228,6.853871964321760,1
9,247,5.2441251443275100,1
28,188,5.920818753952380,1
27,269,5.0,1
36,336,5.0,1
4,363,5.568636235841010,1
46,184,5.0,1
57,76,5.0,1
3,233,5.0,1
17,202,8.795880017344080,1
42,391,5.0,1
0,189,5.508638306165730,1
9,95,5.0,1
44,420,5.0,1
44,422,6.200659450546420,1
36,239,5.275724130399210,1
45,132,5.0,1
38,376,5.3872161432802600,1
58,2,7.031517051446070,1
22,234,5.0,1
32,16,5.0,1
19,313,5.0,1
31,333,8.744727494896690,1
48,276,5.0,1
6,323,5.0,1
8,22,5.0,1
28,349,5.0,1
40,66,5.0,1
25,23,5.0,1
64,328,5.0,1
23,79,5.455931955649720,1
23,65,5.0,1
38,96,5.0,1
19,7,7.221848749616360,1
1,60,5.0,1
23,56,5.0,1
46,91,5.0,1
31,282,6.113509274827520,1
33,325,5.0,1
51,403,5.0,1
52,22,5.0,1
29,325,7.292429823902060,1
55,81,5.0,1
31,263,5.0,1
41,99,5.853871964321760,1
57,179,6.795880017344080,1
17,109,5.0,1
63,315,5.0,1
21,382,5.0,1
11,314,5.0,1
51,402,5.0,1
47,176,6.086186147616280,1
4,134,5.0,1
39,428,5.0,1
4,60,5.0,1
29,13,7.443697499232710,1
55,388,5.0,1
29,397,5.0,1
36,259,5.0,1
21,309,5.0,1
37,69,5.0,1
29,22,5.0,1
57,146,5.0,1
44,126,6.2076083105017500,1
12,139,5.0,1
46,116,5.0,1
30,375,5.0,1
26,293,5.0,1
60,379,6.443697499232710,1
11,232,5.0,1
5,135,5.0,1
45,45,6.366531544420410,1
6,235,5.0,1
38,249,6.275724130399210,1
52,120,5.0,1
61,255,5.0,1
35,6,7.958607314841780,1
21,62,5.0,1
5,169,5.0,1
28,437,6.366531544420410,1
15,110,5.0,1
55,12,5.823908740944320,1
66,111,5.0,1
32,389,5.0,1
43,91,5.3872161432802600,1
35,145,5.0,1
11,116,5.0,1
7,313,5.0,1
45,402,5.7447274948966900,1
5,343,6.455931955649720,1
49,336,5.823908740944320,1
52,50,5.0,1
45,426,5.0,1
35,76,5.0,1
12,261,5.0,1
61,37,5.200659450546420,1
58,367,6.886056647693160,1
42,389,5.0,1
10,229,9.301029995663980,1
29,1,7.443697499232710,1
54,339,5.0,1
13,423,5.0,1
6,351,5.0,1
64,145,5.0,1
8,232,5.0,1
66,25,5.0,1
39,441,5.0,1
48,143,5.0,1
47,83,6.443697499232710,1
48,323,5.769551078621730,1
17,42,5.0,1
34,196,5.0,1
45,380,5.0,1
14,238,5.795880017344080,1
24,108,5.0,1
9,316,5.0,1
57,43,5.0,1
0,343,7.920818753952380,1
56,2,6.259637310505760,1
66,348,5.0,1
18,260,5.0,1
46,195,5.0,1
5,130,5.0,1
19,19,5.0,1
47,326,6.886056647693160,1
24,29,5.0,1
40,207,7.167491087293760,1
3,247,5.0,1
29,403,6.0,1
51,161,5.0,1
29,293,6.4089353929735000,1
38,195,5.0,1
47,440,5.0,1
50,413,6.086186147616280,1
66,238,7.376750709602100,1
20,381,5.0,1
48,196,5.920818753952380,1
45,17,5.0,1
17,241,8.481486060122110,1
44,331,5.0,1
25,389,5.0,1
15,230,5.0,1
11,42,5.0,1
7,112,5.657577319177790,1
42,244,5.0,1
59,235,5.0,1
56,231,6.568636235841010,1
30,1,5.0,1
11,140,5.0,1
22,422,6.366531544420410,1
12,438,5.167491087293760,1
37,17,5.0,1
51,285,5.0,1
20,307,5.0,1
37,116,6.017728766960430,1
33,287,5.0,1
59,335,5.0,1
58,240,6.823908740944320,1
22,441,5.0,1
49,220,5.0,1
15,167,5.920818753952380,1
41,336,5.080921907623930,1
27,294,5.0,1
19,196,6.3872161432802600,1
4,100,5.0,1
61,280,5.0,1
3,104,5.0,1
63,382,6.275724130399210,1
26,61,5.0,1
53,47,5.301029995663980,1
1,304,5.0,1
22,222,5.0,1
15,68,5.0,1
14,336,5.0,1
4,44,5.0,1
6,194,5.0,1
39,77,5.0,1
44,353,5.5376020021010400,1
21,57,5.0,1
26,249,5.0,1
64,223,5.0,1
62,351,5.0,1
9,344,5.0,1
34,90,5.0,1
22,206,8.619788758288390,1
27,319,5.0,1
20,312,5.0,1
41,193,5.0,1
22,57,5.0,1
18,438,5.0,1
54,427,5.0,1
23,355,5.0,1
57,426,7.309803919971490,1
33,392,5.0,1
52,121,5.0,1
44,117,5.619788758288390,1
14,182,5.0,1
13,63,5.0,1
23,406,5.0,1
35,413,5.0,1
1,80,5.0,1
37,132,5.0,1
19,124,5.0,1
26,56,5.0,1
20,190,5.0,1
28,417,7.251811972993800,1
17,31,5.0,1
32,205,8.769551078621730,1
13,280,5.0,1
56,97,8.795880017344080,1
2,202,7.173925197299170,1
45,154,6.2076083105017500,1
17,393,5.0,1
32,400,5.0,1
32,440,5.0,1
35,35,5.0,1
2,333,5.0,1
7,224,5.0,1
57,208,6.200659450546420,1
52,325,5.0,1
26,217,5.259637310505760,1
34,294,5.0,1
41,166,5.0,1
63,52,5.187086643357140,1
48,320,5.0,1
49,406,5.0,1
4,41,5.0,1
14,5,7.040958607678910,1
11,244,5.0,1
56,209,7.769551078621730,1
65,198,5.0,1
36,100,5.0,1
0,227,5.0,1
13,332,5.0,1
23,302,5.0,1
8,95,5.0,1
19,155,5.366531544420410,1
65,20,5.0,1
27,236,5.0,1
65,432,5.0,1
40,49,6.657577319177790,1
38,368,5.0,1
36,347,6.6020599913279600,1
14,116,9.769551078621730,1
54,347,5.0,1
56,125,6.522878745280340,1
66,356,7.522878745280340,1
33,369,5.0,1
38,143,5.0,1
23,104,5.0,1
25,52,5.0,1
26,314,5.0,1
14,303,5.0,1
50,150,5.0,1
31,316,5.958607314841780,1
63,267,5.657577319177790,1
23,388,5.0,1
40,151,7.2076083105017500,1
22,74,6.619788758288390,1
49,377,6.823908740944320,1
23,405,5.0,1
65,97,5.0,1
63,224,5.721246399047170,1
67,130,5.0,1
34,296,5.0,1
6,129,5.0,1
16,60,6.853871964321760,1
58,157,6.259637310505760,1
38,169,7.017728766960430,1
2,162,9.292429823902060,1
35,124,5.0,1
48,140,5.0,1
16,416,6.958607314841780,1
67,107,5.0,1
37,363,5.031517051446070,1
32,64,7.130768280269020,1
36,422,6.455931955649720,1
60,297,5.568636235841010,1
38,121,9.431798275933010,1
45,9,6.275724130399210,1
13,219,5.0,1
25,190,5.0,1
65,327,5.0,1
4,49,5.0,1
14,102,6.3979400086720400,1
58,432,5.522878745280340,1
40,343,5.0,1
13,299,5.0,1
36,293,5.0,1
18,430,5.4089353929735000,1
19,42,5.508638306165730,1
54,160,5.0,1
17,271,5.0,1
55,352,5.0,1
38,65,5.0,1
5,353,5.0,1
43,411,5.0,1
58,301,5.0,1
42,31,5.0,1
15,17,5.468521082957750,1
45,157,7.853871964321760,1
54,335,5.0,1
57,219,7.022276394711150,1
5,352,5.508638306165730,1
7,91,5.2441251443275100,1
2,436,5.0,1
19,74,6.7447274948966900,1
3,352,5.0,1
14,366,5.0,1
57,237,6.886056647693160,1
40,252,6.853871964321760,1
23,245,5.0,1
37,265,5.0,1
29,244,6.1249387366083,1
38,306,5.0,1
35,365,5.0,1
39,157,5.0,1
19,364,5.0,1
41,433,5.0,1
19,184,5.7447274948966900,1
17,79,5.0,1
12,173,5.0,1
50,301,5.0,1
6,158,7.376750709602100,1
25,158,5.0,1
14,73,5.0,1
35,428,5.0,1
62,81,5.0,1
22,379,5.0,1
61,185,5.0,1
15,426,6.080921907623930,1
24,349,5.698970004336020,1
42,314,8.468521082957750,1
65,32,5.0,1
64,60,5.0,1
36,180,5.6777807052660800,1
53,372,5.823908740944320,1
14,14,6.6777807052660800,1
3,191,5.0,1
7,139,5.0,1
37,172,5.0,1
26,222,5.0,1
40,258,5.356547323513810,1
3,181,5.0,1
40,16,9.161150909262740,1
1,160,8.148741651280930,1
30,426,5.0,1
33,349,5.0,1
3,427,5.0,1
29,36,7.229147988357860,1
19,174,6.455931955649720,1
28,114,5.0,1
35,315,5.0,1
25,107,5.0,1
64,172,5.0,1
36,111,5.0,1
49,174,5.0,1
7,119,5.886056647693160,1
53,189,7.585026652029180,1
67,225,5.0,1
13,195,5.0,1
61,439,5.229147988357860,1
61,90,5.0,1
54,298,5.0,1
55,216,5.0,1
36,394,6.552841968657780,1
26,238,5.0,1
28,330,5.0,1
35,367,5.0,1
21,387,5.0,1
52,214,5.0,1
19,379,5.0,1
2,100,5.0,1
1,441,5.0,1
54,42,5.0,1
50,46,5.4089353929735000,1
8,438,5.0,1
18,181,5.0,1
45,199,5.721246399047170,1
29,95,5.522878745280340,1
63,28,5.958607314841780,1
53,48,5.3872161432802600,1
3,286,5.0,1
0,251,5.468521082957750,1
59,86,6.080921907623930,1
23,260,5.0,1
48,300,5.0,1
50,133,5.0,1
64,433,5.0,1
13,427,5.0,1
57,34,5.769551078621730,1
42,27,5.0,1
17,353,7.552841968657780,1
36,169,7.4089353929735000,1
39,20,5.0,1
34,419,5.0,1
0,44,5.0,1
34,226,5.0,1
2,423,5.0,1
27,168,6.0,1
35,143,5.0,1
36,331,5.0,1
35,336,5.0,1
41,142,5.0,1
6,20,5.2839966563652000,1
42,50,5.0,1
9,127,5.0,1
40,62,5.0,1
0,365,5.0,1
11,305,5.0,1
40,33,5.0,1
50,361,5.0,1
15,263,5.0,1
65,352,5.0,1
1,329,5.0,1
53,402,5.0,1
40,135,6.468521082957750,1
4,29,5.0,1
23,186,5.0,1
48,416,5.0,1
52,419,5.0,1
45,112,5.0,1
11,6,6.4089353929735000,1
55,378,5.0,1
67,58,5.0,1
24,204,5.585026652029180,1
63,225,5.6020599913279600,1
6,152,6.958607314841780,1
60,247,5.0,1
66,57,5.431798275933010,1
64,163,5.0,1
25,4,5.0,1
60,318,5.0,1
49,315,5.0,1
8,434,5.0,1
23,82,5.0,1
36,50,5.698970004336020,1
7,77,5.0,1
21,103,5.0,1
61,213,5.0,1
61,292,5.0,1
43,12,5.0,1
7,1,5.229147988357860,1
53,244,7.180456064458130,1
8,127,5.0,1
12,13,5.568636235841010,1
62,224,5.0,1
46,224,5.0,1
42,257,5.0,1
21,177,5.0,1
1,300,5.0,1
35,349,5.0,1
12,114,5.0,1
53,421,5.0,1
2,48,5.0,1
51,340,5.0,1
36,281,5.0,1
8,83,5.0,1
10,412,5.6777807052660800,1
57,390,5.0,1
41,391,7.3872161432802600,1
33,126,5.0,1
39,187,5.0,1
40,370,5.0,1
30,131,5.0,1
25,44,5.0,1
49,100,6.119186407719210,1
64,198,5.0,1
18,13,5.070581074285710,1
29,158,7.823908740944320,1
55,436,5.0,1
66,77,6.537602002101040,1
53,177,7.036212172654440,1
17,73,5.0,1
25,182,5.0,1
46,93,5.0,1
51,242,5.0,1
25,315,5.0,1
29,405,5.0,1
65,358,5.0,1
56,318,5.0,1
45,317,5.0,1
26,405,5.0,1
1,272,5.0,1
67,317,5.0,1
7,333,5.0,1
24,7,5.0,1
31,193,8.05551732784983,1
2,380,6.920818753952380,1
18,131,6.0655015487564300,1
43,276,5.0,1
13,241,5.0,1
11,67,5.0,1
13,353,5.0,1
6,65,5.0,1
51,27,5.0,1
28,29,8.387216143280270,1
23,14,5.0,1
5,200,5.0,1
44,292,5.958607314841780,1
60,341,5.0,1
1,438,5.0,1
46,218,5.0,1
41,288,5.5376020021010400,1
47,172,5.698970004336020,1
39,345,5.0,1
50,298,5.0,1
43,209,5.0,1
38,9,5.1487416512809200,1
28,165,6.154901959985740,1
14,97,5.0,1
4,284,5.886056647693160,1
19,378,5.337242168318430,1
21,422,5.431798275933010,1
24,241,5.0,1
2,161,7.958607314841780,1
41,192,5.0,1
50,141,5.0,1
14,243,5.0,1
45,78,5.0,1
15,375,5.0,1
0,327,5.769551078621730,1
1,299,5.0,1
63,408,5.0,1
19,300,6.214670164989230,1
4,21,5.0,1
57,371,7.552841968657780,1
1,5,5.0,1
24,336,5.0,1
21,141,5.0,1
20,263,5.0,1
56,139,5.0,1
18,59,5.0,1
57,177,7.508638306165730,1
38,197,5.481486060122110,1
44,87,5.698970004336020,1
66,403,5.0,1
23,434,5.0,1
53,355,7.431798275933010,1
20,8,5.0,1
40,214,5.7447274948966900,1
45,399,5.327902142064280,1
58,299,5.0,1
30,91,5.0,1
35,44,5.0,1
31,189,8.214670164989230,1
60,263,5.0,1
19,102,5.6020599913279600,1
26,103,5.0,1
55,248,5.0,1
60,87,5.0,1
62,260,5.0,1
11,426,5.0,1
55,429,5.0,1
56,216,9.4089353929735,1
61,290,5.0,1
35,354,5.0,1
35,193,5.0,1
16,359,5.214670164989230,1
1,110,5.0,1
35,396,5.0,1
36,155,5.0,1
39,408,5.0,1
43,365,5.0,1
1,149,5.0,1
42,92,5.0,1
56,391,8.259637310505760,1
35,77,5.0,1
6,328,5.0,1
21,212,5.0,1
33,109,5.6777807052660800,1
28,195,8.00436480540245,1
54,20,5.0,1
60,46,5.920818753952380,1
47,247,6.119186407719210,1
62,269,5.0,1
11,223,5.0,1
35,147,5.0,1
20,188,5.0,1
27,28,5.0,1
6,389,5.0,1
39,277,5.0,1
36,152,5.619788758288390,1
1,404,5.0,1
24,411,5.0,1
45,313,5.0,1
4,168,7.102372908709560,1
2,192,6.00436480540245,1
20,349,5.0,1
14,288,5.0,1
56,1,7.657577319177790,1
64,244,5.0,1
12,95,5.0,1
47,351,5.0,1
62,262,5.0,1
66,267,6.356547323513810,1
25,1,5.0,1
35,247,5.0,1
54,95,5.0,1
14,411,5.0,1
37,53,5.0,1
29,381,6.236572006437060,1
45,264,5.0,1
5,431,7.200659450546420,1
41,430,5.0,1
57,321,5.0,1
33,50,5.0,1
40,57,5.0,1
7,127,5.0,1
53,96,6.568636235841010,1
66,164,7.769551078621730,1
62,368,5.0,1
27,88,5.0,1
51,350,5.0,1
4,199,5.698970004336020,1
15,202,6.086186147616280,1
32,405,5.0,1
21,50,5.0,1
38,67,5.0,1
21,372,5.0,1
48,264,5.0,1
42,429,5.0,1
65,55,5.0,1
5,233,5.0,1
3,291,5.0,1
37,190,5.0,1
42,368,5.0,1
23,42,5.0,1
4,138,8.301029995663980,1
66,193,5.6020599913279600,1
24,250,5.0,1
6,334,5.0,1
8,116,5.0,1
57,250,5.4089353929735000,1
17,69,5.0,1
50,243,5.0,1
54,345,5.0,1
52,238,5.0,1
19,126,5.0,1
17,171,5.0,1
51,311,5.0,1
22,295,6.769551078621730,1
56,236,6.823908740944320,1
55,190,5.0,1
38,83,5.0,1
56,262,6.853871964321760,1
53,42,6.698970004336020,1
39,150,5.0,1
22,30,5.823908740944320,1
34,396,5.0,1
62,193,8.795880017344080,1
38,330,5.0,1
50,396,5.0,1
15,400,5.0,1
5,171,5.0,1
6,373,5.0,1
30,388,5.0,1
5,44,5.0,1
5,410,5.0,1
57,69,5.161150909262740,1
52,143,6.301029995663980,1
32,185,5.0,1
39,221,5.0,1
21,94,5.0,1
0,70,7.154901959985740,1
10,170,5.0,1
61,423,5.0,1
27,367,5.0,1
24,106,5.0,1
63,213,5.886056647693160,1
56,260,9.744727494896690,1
29,427,7.275724130399210,1
25,398,5.0,1
25,122,5.0,1
38,434,5.0,1
67,424,5.0,1
2,106,5.0,1
53,398,6.366531544420410,1
3,194,5.0,1
64,249,5.0,1
18,271,5.0,1
24,245,5.0,1
31,347,6.431798275933010,1
44,433,5.0,1
6,43,5.0,1
31,196,8.638272163982410,1
63,280,5.0,1
9,53,5.0,1
37,185,5.0,1
23,239,5.0,1
48,376,6.552841968657780,1
46,318,7.795880017344080,1
58,195,7.795880017344080,1
49,385,5.0,1
5,385,5.0,1
13,258,5.0,1
24,270,5.0,1
29,438,5.366531544420410,1
5,56,5.585026652029180,1
56,343,8.070581074285710,1
47,385,7.107905397309520,1
54,379,5.0,1
62,115,5.0,1
27,374,5.0,1
3,342,5.0,1
1,141,5.0,1
4,163,5.2076083105017500,1
62,392,5.0,1
63,345,5.0,1
15,190,5.0,1
46,203,5.0,1
0,62,5.0,1
30,235,5.0,1
22,415,6.698970004336020,1
14,55,5.0,1
62,314,5.0,1
44,71,5.200659450546420,1
42,130,5.0,1
63,309,5.0,1
5,104,5.0,1
63,248,5.958607314841780,1
44,153,6.180456064458130,1
47,178,5.494850021680090,1
51,381,5.0,1
54,334,5.0,1
47,426,5.721246399047170,1
47,411,6.309803919971490,1
51,63,5.0,1
38,90,5.0,1
0,135,5.0,1
58,310,5.0,1
2,435,5.0,1
53,64,5.0,1
20,392,5.0,1
22,416,6.886056647693160,1
18,121,5.0,1
13,255,5.0,1
42,146,5.0,1
21,155,5.0,1
65,52,5.0,1
11,340,5.0,1
26,176,5.0,1
54,170,5.0,1
52,391,5.0,1
41,14,5.585026652029180,1
9,164,6.886056647693160,1
34,329,5.0,1
28,232,5.376750709602100,1
66,288,5.0,1
41,223,5.2839966563652000,1
55,55,5.0,1
59,332,5.0,1
4,278,5.0,1
1,334,5.0,1
41,248,6.6020599913279600,1
13,397,5.0,1
2,227,6.721246399047170,1
66,38,8.657577319177790,1
60,351,6.4089353929735000,1
0,439,6.638272163982410,1
66,221,5.0,1
42,344,5.0,1
46,435,5.0,1
60,55,6.229147988357860,1
61,395,5.0,1
20,397,5.0,1
30,333,5.0,1
21,283,5.0,1
21,69,5.0,1
10,264,5.0,1
55,404,5.0,1
1,136,5.0,1
52,140,5.0,1
12,87,5.0,1
30,327,5.0,1
9,99,5.0,1
67,219,5.0,1
39,110,5.0,1
1,113,5.0,1
38,426,5.0,1
6,319,5.0,1
60,346,5.017728766960430,1
7,71,5.0,1
38,127,5.0,1
29,361,7.214670164989230,1
21,100,5.0,1
58,220,5.0,1
48,248,6.508638306165730,1
22,406,6.585026652029180,1
9,86,5.0,1
8,18,5.0,1
32,274,5.0,1
61,151,5.0,1
17,380,5.0,1
14,62,5.0,1
59,206,5.0,1
55,112,5.0,1
59,294,5.0,1
49,25,5.0,1
11,351,5.0,1
27,8,7.356547323513810,1
4,198,5.6777807052660800,1
34,77,5.0,1
47,389,8.075720713938120,1
4,413,5.0,1
55,129,5.455931955649720,1
47,276,5.7447274948966900,1
58,145,7.318758762624410,1
2,362,6.6777807052660800,1
1,419,6.259637310505760,1
23,243,5.0,1
22,24,5.0,1
35,135,5.0,1
41,9,5.0,1
60,436,5.0,1
37,429,5.0,1
6,236,5.0,1
66,72,5.0,1
51,198,5.0,1
30,224,5.0,1
28,337,5.0,1
41,324,5.0,1
47,162,9.167491087293760,1
2,313,5.0,1
10,214,8.154901959985740,1
51,50,5.0,1
43,84,5.568636235841010,1
48,388,5.0,1
3,65,7.522878745280340,1
13,376,5.0,1
18,375,5.0,1
62,436,5.0,1
29,308,5.0,1
42,364,5.0,1
49,421,5.0,1
42,52,5.0,1
67,390,5.0,1
32,245,5.886056647693160,1
15,211,5.0,1
17,41,7.275724130399210,1
24,371,5.0,1
63,168,5.494850021680090,1
55,166,6.292429823902060,1
5,141,5.0,1
9,134,5.0,1
44,66,5.0,1
23,433,5.0,1
53,75,5.0,1
32,312,5.0,1
62,398,5.0,1
41,98,5.0,1
5,269,5.0,1
60,377,5.638272163982410,1
64,330,5.0,1
11,191,5.0,1
50,110,5.0,1
4,296,5.0,1
30,118,8.455931955649720,1
51,11,5.0,1
64,240,5.0,1
29,441,6.026872146400300,1
31,164,8.154901959985740,1
61,321,5.0,1
57,393,7.229147988357860,1
32,325,5.0,1
29,145,5.568636235841010,1
20,303,5.823908740944320,1
48,25,5.060480747381380,1
63,301,5.0,1
27,394,5.0,1
35,227,5.0,1
31,84,6.958607314841780,1
20,244,5.0,1
15,241,5.823908740944320,1
24,191,5.0,1
54,93,5.0,1
53,285,5.0,1
28,41,6.431798275933010,1
26,416,5.0,1
29,126,5.823908740944320,1
20,49,5.0,1
55,292,5.0,1
27,380,5.0,1
9,301,5.0,1
56,428,9.102372908709560,1
23,123,5.0,1
20,416,5.0,1
17,131,5.0,1
12,320,5.0,1
15,22,5.0,1
61,31,5.0,1
36,306,5.0,1
30,399,5.0,1
28,79,5.0,1
53,265,6.443697499232710,1
19,170,5.657577319177790,1
64,156,5.886056647693160,1
7,314,5.0,1
13,403,5.0,1
13,322,5.0,1
62,107,5.0,1
30,88,5.0,1
59,340,5.0,1
13,233,5.0,1
58,405,6.7447274948966900,1
40,176,5.0,1
67,306,5.0,1
45,93,5.0,1
16,5,6.229147988357860,1
21,383,5.0,1
22,202,7.443697499232710,1
65,68,5.0,1
56,363,5.2839966563652000,1
66,415,5.795880017344080,1
40,103,7.920818753952380,1
36,354,5.0,1
33,45,5.0,1
5,126,5.6020599913279600,1
1,219,5.0,1
35,142,5.0,1
38,254,5.337242168318430,1
31,269,6.113509274827520,1
58,13,7.0,1
15,0,5.0,1
33,170,5.0,1
17,254,5.0,1
22,381,5.0,1
60,61,5.0,1
65,38,5.0,1
48,64,5.0,1
66,253,6.657577319177790,1
29,166,5.6777807052660800,1
63,308,5.0,1
51,257,5.0,1
16,394,5.0,1
38,396,5.346787486224660,1
4,154,5.0,1
5,144,5.0,1
67,72,5.0,1
59,264,5.0,1
21,194,5.0,1
21,121,8.920818753952380,1
49,208,5.0,1
16,205,5.0,1
24,87,5.0,1
56,324,9.292429823902060,1
36,39,6.301029995663980,1
14,103,5.0,1
54,180,5.0,1
13,331,5.0,1
33,342,5.0,1
63,292,5.013228265733760,1
42,377,5.0,1
7,145,5.494850021680090,1
43,134,5.0,1
35,371,5.0,1
65,182,5.0,1
11,165,7.251811972993800,1
66,395,5.958607314841780,1
21,274,5.0,1
31,2,5.0,1
27,346,5.0,1
34,331,5.0,1
19,14,7.0,1
24,295,5.0,1
1,122,5.0,1
30,266,5.0,1
4,245,5.657577319177790,1
39,173,5.0,1
1,355,8.096910013008060,1
57,269,5.346787486224660,1
64,217,5.0,1
51,377,5.0,1
67,371,5.0,1
2,331,5.0,1
27,414,5.0,1
65,180,5.259637310505760,1
10,300,5.0,1
26,45,5.0,1
11,100,5.0,1
58,193,6.3872161432802600,1
44,339,5.0,1
54,195,5.0,1
53,3,5.619788758288390,1
19,334,6.522878745280340,1
9,433,5.0,1
33,239,5.0,1
34,421,5.0,1
32,437,5.0,1
0,418,5.0,1
42,217,5.0,1
3,201,5.0,1
37,175,5.0655015487564300,1
60,432,6.4089353929735000,1
64,263,5.0,1
2,246,7.031517051446070,1
24,169,5.0,1
18,297,5.920818753952380,1
5,241,6.7447274948966900,1
3,319,5.0,1
14,78,5.0,1
60,106,5.0,1
4,55,5.0,1
21,16,6.698970004336020,1
42,360,6.113509274827520,1
10,391,5.0,1
27,83,5.6777807052660800,1
1,197,5.0,1
21,332,5.0,1
52,24,5.0,1
40,112,6.0,1
41,239,5.0,1
46,113,5.0,1
38,129,5.0,1
33,321,6.568636235841010,1
35,261,5.0,1
33,171,5.0,1
4,210,6.2441251443275100,1
66,172,5.920818753952380,1
56,204,7.657577319177790,1
15,361,5.0,1
8,117,5.0,1
38,140,8.619788758288390,1
27,174,5.0,1
5,236,5.0,1
31,246,6.318758762624410,1
19,239,5.0,1
38,118,9.0,1
36,317,5.0,1
61,45,5.0,1
26,261,5.0,1
55,202,6.366531544420410,1
64,348,5.0,1
9,166,5.0,1
4,412,5.0,1
1,340,5.0,1
42,106,5.0,1
65,437,6.920818753952380,1
39,268,5.0,1
39,48,5.0,1
58,250,5.0,1
44,72,5.0,1
67,92,5.0,1
42,49,5.0,1
47,338,8.3767507096021,1
57,323,5.0,1
51,308,5.0,1
55,357,7.4089353929735000,1
8,318,5.0,1
25,99,5.0,1
6,222,5.0,1
31,131,6.585026652029180,1
56,168,7.769551078621730,1
50,114,6.1487416512809200,1
22,396,6.638272163982410,1
13,27,5.0,1
1,318,5.0,1
29,12,8.229147988357860,1
18,72,5.0,1
1,301,5.0,1
24,362,5.0,1
25,83,5.0,1
24,1,5.0,1
36,32,5.0,1
23,52,5.0,1
13,170,5.0,1
1,49,5.0,1
18,323,5.0,1
17,277,5.0,1
12,126,5.5376020021010400,1
10,232,5.0,1
14,441,5.0,1
51,265,5.0,1
65,288,5.0,1
15,233,5.0,1
47,113,5.958607314841780,1
26,20,5.0,1
48,133,5.0,1
18,280,5.0,1
39,273,5.0,1
62,56,5.0,1
33,193,5.0,1
29,250,5.0,1
63,422,5.0915149811213500,1
0,190,5.0,1
62,162,5.0,1
49,357,6.552841968657780,1
56,145,5.795880017344080,1
6,422,5.4089353929735000,1
53,300,5.0,1
9,336,5.0,1
5,240,5.638272163982410,1
58,291,5.698970004336020,1
4,191,5.0,1
43,129,5.0,1
6,387,5.886056647693160,1
46,26,5.0,1
31,166,6.130768280269020,1
66,294,7.6777807052660800,1
40,239,5.2839966563652000,1
27,240,5.0,1
17,411,5.0,1
29,420,5.0,1
15,439,6.6020599913279600,1
55,213,5.0,1
66,98,5.6777807052660800,1
46,199,6.251811972993800,1
1,47,5.0,1
15,366,5.0,1
62,376,5.0,1
33,56,5.0,1
61,294,5.221848749616360,1
38,202,5.0,1
41,188,5.455931955649720,1
49,441,5.0,1
8,377,5.0,1
53,74,5.4089353929735000,1
32,98,5.0,1
64,104,5.0,1
9,49,5.920818753952380,1
7,253,5.0,1
37,44,6.200659450546420,1
20,99,5.0,1
57,144,5.0,1
37,350,5.0,1
47,92,5.0,1
14,158,5.568636235841010,1
3,360,5.0,1
47,401,6.309803919971490,1
31,79,7.070581074285710,1
54,123,5.657577319177790,1
29,370,5.958607314841780,1
29,382,6.638272163982410,1
15,31,5.0,1
58,335,7.698970004336020,1
49,65,5.0,1
4,47,5.0,1
35,415,5.0,1
37,21,5.0,1
33,374,5.0,1
60,153,6.443697499232710,1
24,129,5.0,1
34,384,5.769551078621730,1
4,423,5.508638306165730,1
45,126,5.0,1
34,289,5.0,1
24,100,5.0,1
24,37,5.0,1
47,271,5.0,1
41,3,5.0,1
55,23,5.0,1
46,167,5.0,1
0,290,5.0,1
57,182,6.327902142064280,1
25,385,5.0,1
30,157,5.0,1
47,232,6.568636235841010,1
64,33,5.0,1
46,18,5.0,1
62,65,5.0,1
61,404,5.0,1
42,89,5.0,1
63,389,6.769551078621730,1
61,134,5.0,1
34,377,5.0,1
10,120,6.4089353929735000,1
51,396,5.0,1
9,343,5.0,1
66,421,5.214670164989230,1
45,435,5.0,1
37,113,5.42021640338319,1
5,170,6.187086643357140,1
58,101,7.853871964321760,1
17,424,5.7447274948966900,1
47,142,5.0,1
35,132,5.7447274948966900,1
30,432,5.0,1
21,281,5.0,1
62,435,5.0,1
53,180,7.823908740944320,1
24,240,5.0,1
28,241,7.00436480540245,1
0,29,5.0,1
4,373,5.0,1
45,185,5.0,1
41,279,5.0,1
45,41,6.0,1
40,220,5.0,1
56,76,6.468521082957750,1
26,91,5.0,1
55,108,5.0,1
64,325,5.0,1
46,155,5.0,1
29,101,7.0655015487564300,1
23,403,5.0,1
4,378,5.0,1
51,398,5.0,1
1,179,6.494850021680090,1
42,185,5.0,1
20,17,5.0,1
64,406,5.0,1
36,119,6.119186407719210,1
45,141,5.0,1
0,219,5.0,1
60,114,5.0,1
46,157,5.0,1
9,429,5.0,1
54,79,5.0,1
42,169,5.0,1
36,211,5.0,1
15,184,5.0,1
35,28,5.0,1
29,254,5.823908740944320,1
3,329,5.0,1
1,218,5.2441251443275100,1
16,325,5.494850021680090,1
45,393,5.0,1
27,252,5.0,1
67,297,7.017728766960430,1
31,65,7.698970004336020,1
47,132,5.886056647693160,1
5,309,5.0,1
8,215,5.0,1
61,137,5.886056647693160,1
57,195,6.3872161432802600,1
41,318,5.0,1
42,159,5.229147988357860,1
8,98,5.0,1
10,370,5.0,1
15,143,5.0,1
38,301,5.0,1
6,396,5.0,1
31,32,7.154901959985740,1
20,251,5.0,1
13,196,5.0,1
55,333,5.0,1
62,304,5.0,1
65,235,5.0,1
61,277,5.0,1
54,277,5.0,1
3,428,5.0,1
22,184,5.229147988357860,1
23,415,5.0,1
55,57,5.0,1
16,189,7.309803919971490,1
22,111,5.698970004336020,1
66,261,6.958607314841780,1
42,307,7.3872161432802600,1
21,370,5.154901959985740,1
60,150,6.275724130399210,1
17,240,5.0,1
66,429,7.221848749616360,1
39,301,5.0,1
3,70,8.55284196865778,1
47,248,5.0,1
25,229,5.0,1
60,359,7.0,1
54,257,5.0,1
40,163,6.107905397309520,1
5,429,5.0,1
39,219,5.0,1
46,438,5.0,1
4,133,5.0,1
41,393,5.795880017344080,1
61,226,5.0,1
5,285,5.0,1
23,426,5.0,1
45,267,5.0,1
54,304,5.0,1
1,1,5.0,1
12,97,5.0,1
28,62,5.0,1
30,427,5.0,1
56,46,5.638272163982410,1
6,240,5.0,1
0,419,5.0,1
5,99,5.6777807052660800,1
37,412,5.0,1
4,424,5.0,1
26,346,5.0,1
27,148,5.0,1
26,135,5.0,1
22,435,5.0,1
22,66,5.0,1
41,168,5.886056647693160,1
53,186,6.318758762624410,1
55,240,5.0,1
10,30,5.6777807052660800,1
50,131,5.0,1
66,243,8.309803919971490,1
48,263,5.0,1
17,350,5.0,1
23,237,5.0,1
55,301,5.0,1
28,144,5.0,1
66,328,5.0,1
33,346,5.0,1
6,280,5.0,1
3,22,5.0,1
8,436,5.0,1
66,55,5.0,1
49,128,5.0,1
28,217,5.0,1
12,150,5.0,1
21,325,5.0,1
42,338,5.0,1
7,97,6.031517051446070,1
49,153,5.0,1
40,184,5.0,1
16,126,7.0,1
10,284,5.0,1
9,23,5.0,1
40,181,5.0,1
57,121,5.0,1
27,205,7.823908740944320,1
37,374,5.0,1
36,126,5.0,1
8,328,5.0,1
65,391,5.0,1
58,245,6.769551078621730,1
56,266,7.214670164989230,1
25,306,5.0,1
62,124,5.0,1
21,431,5.0,1
36,131,5.0,1
29,19,6.494850021680090,1
53,249,5.0,1
11,394,5.0,1
14,316,5.0,1
50,348,5.0,1
10,95,5.236572006437060,1
64,231,5.0,1
14,237,5.7447274948966900,1
28,228,6.853871964321760,1
29,87,5.0,1
52,412,5.0,1
19,123,5.853871964321760,1
25,356,5.0,1
24,17,5.0,1
64,11,5.0,1
4,395,5.0,1
60,198,6.619788758288390,1
47,70,5.113509274827520,1
25,348,5.0,1
27,161,5.200659450546420,1
48,413,5.0,1
35,126,5.0,1
26,269,5.0,1
15,357,5.0,1
49,320,5.0,1
48,104,5.0,1
12,270,5.0,1
36,330,6.619788758288390,1
26,29,5.0,1
61,160,5.7447274948966900,1
12,137,7.366531544420410,1
47,29,6.1249387366083,1
24,85,5.0,1
41,249,5.0,1
51,61,5.0,1
1,346,5.0,1
12,284,5.0,1
8,171,5.0,1
5,88,5.0,1
60,308,5.0,1
20,335,5.0,1
60,124,6.0,1
30,208,5.0,1
60,235,6.013228265733760,1
40,331,7.356547323513810,1
57,125,5.0,1
33,255,5.0,1
52,19,5.0,1
24,345,5.0,1
64,152,5.0,1
20,222,5.0,1
19,374,5.0,1
51,197,5.376750709602100,1
39,108,5.0,1
50,321,5.0,1
41,139,5.0,1
30,304,5.0,1
9,77,5.0,1
67,352,5.0,1
20,47,5.0,1
26,6,6.167491087293760,1
45,365,5.0,1
11,179,5.0,1
67,293,5.0,1
4,42,5.0,1
3,239,5.0,1
42,170,5.0,1
53,419,6.657577319177790,1
64,408,5.0,1
33,409,5.0,1
11,78,5.0,1
61,119,6.3979400086720400,1
2,141,5.0,1
15,320,5.0,1
5,205,5.0,1
27,354,5.769551078621730,1
2,16,8.468521082957750,1
10,10,10.4089353929735,1
9,402,5.0,1
59,22,7.026872146400300,1
54,112,5.154901959985740,1
5,80,5.769551078621730,1
49,270,5.0,1
6,184,5.0,1
25,421,5.0,1
45,113,5.0,1
23,72,5.0,1
51,4,5.0,1
55,305,5.0,1
33,137,5.0,1
51,74,5.0,1
30,436,5.0,1
47,409,7.119186407719210,1
8,291,5.0,1
26,370,5.920818753952380,1
50,245,5.0,1
10,302,5.795880017344080,1
0,401,6.327902142064280,1
34,126,6.431798275933010,1
51,344,5.0,1
24,364,5.0,1
49,321,5.468521082957750,1
62,389,5.0,1
61,3,5.0,1
13,140,5.0,1
42,329,5.0,1
57,372,5.769551078621730,1
10,351,5.0,1
8,419,5.0,1
17,246,5.0,1
4,207,5.0,1
30,260,5.0,1
11,274,5.0,1
57,32,5.0,1
64,38,5.0,1
23,371,5.0,1
15,282,5.0,1
21,432,5.0,1
58,355,6.823908740944320,1
47,73,5.6777807052660800,1
34,65,5.0,1
0,349,5.552841968657780,1
65,117,8.102372908709560,1
52,96,5.0,1
55,434,5.0,1
55,40,5.0,1
34,403,5.0,1
23,283,5.0,1
50,435,5.6777807052660800,1
39,296,5.0,1
36,341,6.537602002101040,1
19,48,5.0,1
43,172,5.0,1
18,322,5.0,1
40,284,7.173925197299170,1
24,195,5.0,1
30,352,5.0,1
11,219,5.0,1
57,118,5.0,1
47,414,7.6020599913279600,1
25,71,5.0,1
21,294,5.0,1
40,402,6.356547323513810,1
21,44,5.0,1
52,139,5.0,1
14,375,5.0,1
42,37,5.0,1
17,224,6.552841968657780,1
23,402,5.0,1
4,82,5.0,1
31,353,6.920818753952380,1
59,14,5.0,1
13,278,5.0,1
0,40,5.0,1
16,423,6.070581074285710,1
41,5,5.5376020021010400,1
33,198,5.0,1
22,78,7.2441251443275100,1
4,379,5.508638306165730,1
26,438,5.0,1
26,10,6.638272163982410,1
38,220,5.0,1
11,210,5.958607314841780,1
49,24,5.0,1
62,231,5.0,1
57,31,7.318758762624410,1
34,197,5.0,1
11,279,5.0,1
28,74,5.0,1
30,27,5.0,1
9,71,5.0,1
14,3,6.0,1
56,264,7.0655015487564300,1
54,148,5.0,1
24,253,5.0,1
11,73,5.0,1
17,290,5.0,1
42,285,5.0,1
15,336,5.0,1
47,75,5.0,1
61,171,5.0,1
54,343,5.0,1
5,5,6.050609993355090,1
39,26,5.0,1
35,154,5.0,1
23,91,5.0,1
28,179,5.0,1
64,380,5.0,1
42,123,5.0,1
56,117,6.522878745280340,1
47,390,6.214670164989230,1
42,340,5.0,1
41,174,5.0,1
60,15,7.356547323513810,1
62,117,5.0,1
45,107,5.0,1
60,13,7.251811972993800,1
22,131,8.602059991327960,1
31,241,8.154901959985740,1
58,229,6.721246399047170,1
60,60,5.552841968657780,1
32,158,9.200659450546420,1
21,35,5.853871964321760,1
0,376,5.0,1
25,419,6.920818753952380,1
5,229,5.0,1
25,341,5.0,1
28,56,5.0,1
8,379,5.173925197299170,1
59,324,5.0,1
40,308,5.0,1
32,104,5.0,1
64,226,5.0,1
63,7,8.508638306165730,1
5,120,6.1249387366083,1
45,23,5.0,1
51,94,5.0,1
9,261,5.0,1
12,26,5.0,1
66,87,5.0,1
41,203,6.229147988357860,1
19,415,5.0,1
16,4,6.214670164989230,1
16,46,5.0,1
13,412,5.0,1
1,322,5.0,1
10,6,10.207608310501700,1
67,54,5.0,1
63,323,5.0,1
53,393,6.920818753952380,1
59,321,6.366531544420410,1
67,250,5.0,1
37,158,7.1487416512809200,1
55,215,5.0,1
55,369,5.0,1
51,15,5.0,1
10,204,6.2839966563652000,1
35,411,5.0,1
63,291,5.366531544420410,1
12,393,5.0,1
67,427,5.0,1
34,80,5.0,1
50,222,5.0,1
19,182,5.0,1
14,50,5.0,1
25,108,5.0,1
32,438,5.0,1
59,441,5.0,1
63,20,5.0,1
0,326,5.0,1
48,2,5.0,1
23,192,5.0,1
48,346,5.0,1
66,402,5.0,1
17,3,10.387216143280300,1
2,325,5.0,1
45,288,5.0,1
51,117,5.0,1
46,191,5.0,1
23,120,5.0,1
42,19,5.0,1
26,367,5.0,1
18,263,5.0,1
48,298,5.0,1
34,340,5.0,1
35,166,7.060480747381380,1
3,206,5.0,1
20,305,5.0,1
20,337,5.0,1
15,115,7.075720713938120,1
61,391,5.0,1
29,59,6.327902142064280,1
52,131,5.0,1
31,47,7.6020599913279600,1
15,242,5.0,1
21,415,5.0,1
2,249,7.568636235841010,1
39,371,5.0,1
20,96,5.0,1
66,127,5.0655015487564300,1
57,373,6.853871964321760,1
9,114,6.920818753952380,1
34,354,5.0,1
36,355,6.455931955649720,1
15,25,5.0,1
7,45,5.0,1
36,436,5.0,1
21,284,5.0,1
4,33,5.0,1
39,64,5.0,1
18,28,5.0,1
57,334,7.060480747381380,1
38,152,5.0,1
21,376,5.0,1
3,79,5.0,1
15,37,6.309803919971490,1
12,440,7.200659450546420,1
56,415,7.795880017344080,1
9,100,5.0,1
28,230,5.0,1
26,30,5.0,1
60,433,5.221848749616360,1
41,231,5.0,1
7,386,5.3872161432802600,1
25,433,5.0,1
22,56,5.0,1
42,396,5.0,1
3,316,5.0,1
44,369,5.0,1
35,332,5.0,1
61,48,5.0,1
0,64,5.886056647693160,1
23,156,5.0,1
11,226,5.0,1
17,298,9.200659450546420,1
51,109,6.107905397309520,1
27,418,5.0,1
15,432,5.0,1
32,385,5.0,1
1,4,5.0,1
43,349,5.0,1
62,125,5.0,1
10,211,5.0,1
41,274,6.221848749616360,1
43,428,5.0,1
27,118,5.0,1
2,77,5.0,1
33,262,5.0,1
54,344,5.0,1
44,132,6.6020599913279600,1
43,54,5.0,1
41,315,5.0,1
66,101,6.113509274827520,1
22,46,8.366531544420410,1
53,175,5.657577319177790,1
45,166,6.1249387366083,1
40,166,8.387216143280270,1
7,260,5.0,1
0,143,5.0,1
63,124,5.0,1
54,376,5.0,1
63,322,5.0,1
38,95,5.0,1
38,102,5.0,1
19,403,5.0,1
50,172,5.0,1
13,268,5.0,1
30,313,5.0,1
24,76,5.0,1
63,51,5.309803919971490,1
23,419,5.0,1
63,123,5.0,1
66,239,5.6777807052660800,1
47,290,6.161150909262740,1
3,30,5.0,1
8,88,5.0,1
28,270,5.0,1
38,185,5.0,1
51,294,5.0,1
37,322,5.0,1
48,373,6.3979400086720400,1
32,60,5.0,1
61,289,5.0,1
54,292,5.0,1
59,281,5.0,1
43,79,5.0,1
34,123,5.0,1
45,320,5.0,1
66,307,5.0,1
22,325,5.0,1
12,333,5.0,1
16,282,5.0,1
44,246,5.0,1
41,417,6.494850021680090,1
18,403,5.0,1
13,135,5.0,1
35,15,7.259637310505760,1
31,50,6.886056647693160,1
65,30,5.0,1
26,86,5.0,1
54,139,5.0,1
33,89,5.0,1
66,22,5.0,1
25,441,5.0,1
64,146,5.0,1
12,434,5.0,1
18,418,6.2441251443275100,1
64,161,5.0,1
3,163,5.0,1
5,151,5.0,1
2,403,8.236572006437060,1
34,387,5.0,1
63,189,5.0,1
23,26,5.0,1
64,373,5.0,1
48,245,5.0,1
26,66,5.0,1
26,393,5.0,1
10,275,5.0,1
21,32,5.0,1
60,67,5.301029995663980,1
22,99,5.0,1
30,358,5.0,1
29,437,7.7447274948966900,1
42,14,5.0,1
40,45,8.356547323513810,1
67,44,5.0,1
50,229,5.0,1
22,293,5.0,1
17,332,5.0,1
10,236,6.455931955649720,1
39,14,8.0,1
4,14,5.886056647693160,1
28,221,5.0,1
40,310,5.0,1
33,120,5.0,1
65,101,5.0,1
36,400,6.886056647693160,1
50,74,5.0,1
55,437,5.0,1
35,63,5.0,1
8,399,5.0,1
64,405,5.0,1
25,48,5.0,1
13,282,5.0,1
37,83,5.0,1
33,16,5.0,1
44,162,5.853871964321760,1
47,420,5.0,1
5,147,5.0,1
6,1,7.200659450546420,1
38,419,5.0,1
56,29,7.920818753952380,1
40,305,5.0,1
14,291,5.0,1
45,145,5.0,1
34,232,5.0,1
62,169,5.0,1
56,335,6.721246399047170,1
42,292,5.0,1
63,251,5.2839966563652000,1
22,164,7.958607314841780,1
61,362,5.0,1
12,283,5.0,1
51,310,5.0,1
56,192,7.721246399047170,1
6,0,5.920818753952380,1
3,322,5.0,1
48,88,5.0,1
43,234,5.0,1
33,22,5.0,1
66,432,5.5376020021010400,1
39,21,5.0,1
64,17,5.0,1
17,175,9.455931955649720,1
36,390,5.0,1
45,421,5.0,1
2,323,5.0,1
54,98,5.0,1
32,116,5.0,1
65,384,5.721246399047170,1
50,176,5.0,1
37,107,5.0,1
36,138,5.0,1
4,201,5.0,1
22,292,5.0,1
60,412,5.698970004336020,1
19,28,6.2839966563652000,1
65,333,5.0,1
33,248,5.0,1
1,6,5.0,1
6,185,5.0,1
61,394,5.0,1
26,1,6.3979400086720400,1
24,27,5.0,1
27,393,5.0,1
59,221,5.0,1
61,59,5.0,1
42,325,5.0,1
49,31,5.0,1
36,28,6.7447274948966900,1
29,18,5.0,1
42,184,5.769551078621730,1
31,146,8.309803919971490,1
13,391,5.0,1
6,96,5.0,1
49,127,5.214670164989230,1
53,166,5.7447274948966900,1
28,249,5.0,1
43,380,5.0,1
24,123,5.0,1
39,62,5.0,1
66,249,5.0,1
29,61,5.0,1
15,416,5.0,1
20,261,5.0,1
45,149,5.568636235841010,1
28,430,6.337242168318430,1
53,329,5.0,1
2,237,5.0,1
65,124,5.0,1
21,233,5.0,1
36,329,6.142667503568730,1
53,275,5.0,1
47,423,6.853871964321760,1
43,170,5.0,1
44,226,7.0,1
5,257,5.481486060122110,1
5,433,5.0,1
33,391,5.0,1
8,89,5.0,1
63,186,5.585026652029180,1
35,22,5.0,1
36,186,6.795880017344080,1
40,8,9.2839966563652,1
20,274,5.0,1
0,407,5.0,1
32,183,5.0,1
32,417,5.508638306165730,1
29,323,5.0,1
24,320,5.0,1
14,109,5.823908740944320,1
52,145,6.187086643357140,1
43,8,5.585026652029180,1
19,376,6.508638306165730,1
0,107,5.2839966563652000,1
12,315,5.0,1
36,391,7.376750709602100,1
20,366,5.0,1
44,223,6.060480747381380,1
40,335,5.0,1
10,255,5.568636235841010,1
61,197,5.0,1
8,49,5.0,1
48,47,5.0,1
19,298,8.42021640338319,1
0,279,5.0,1
42,286,5.0,1
21,68,5.0,1
10,290,5.2441251443275100,1
33,310,5.0,1
53,4,5.481486060122110,1
18,138,5.0,1
47,343,5.0,1
16,39,6.958607314841780,1
16,389,6.251811972993800,1
46,258,5.0,1
14,137,6.1938200260161100,1
53,420,5.0,1
39,242,5.0,1
33,88,5.0,1
3,399,5.0,1
67,86,5.0,1
6,33,5.0,1
12,357,6.494850021680090,1
10,389,9.0,1
35,430,5.0,1
2,188,5.853871964321760,1
2,197,6.337242168318430,1
44,378,6.214670164989230,1
36,44,5.0,1
34,225,5.0,1
25,297,5.0,1
5,418,5.0,1
50,4,5.0,1
63,321,5.0,1
57,359,7.455931955649720,1
57,11,6.823908740944320,1
52,364,5.0,1
1,32,5.0,1
65,421,5.0,1
47,310,5.0,1
24,185,5.0,1
67,242,5.0,1
31,61,5.0,1
60,25,5.0,1
63,132,6.301029995663980,1
63,129,5.0,1
9,412,5.0,1
41,233,5.443697499232710,1
0,150,5.0,1
0,2,5.0,1
44,306,6.657577319177790,1
34,330,5.0,1
52,390,5.0,1
50,319,5.0,1
62,397,5.0,1
62,86,5.0,1
4,83,5.0,1
52,276,5.0,1
59,309,7.008773924307510,1
8,226,5.0,1
62,426,5.0,1
22,388,5.0,1
22,210,8.221848749616360,1
7,120,6.619788758288390,1
2,12,7.6020599913279600,1
45,370,5.0,1
15,172,5.0,1
31,15,6.0,1
13,347,5.0,1
25,265,5.0,1
23,354,8.18045606445813,1
51,229,5.0,1
20,91,5.0,1
49,105,5.455931955649720,1
67,60,5.0,1
40,410,6.552841968657780,1
1,235,5.0,1
16,232,5.0,1
24,5,5.0,1
33,251,5.0,1
24,39,5.0,1
21,98,5.221848749616360,1
19,270,6.180456064458130,1
36,338,7.180456064458130,1
43,109,5.0,1
45,147,5.0,1
15,18,5.823908740944320,1
48,86,5.0,1
38,334,5.0,1
51,410,5.0,1
13,42,5.0,1
14,317,5.0,1
3,237,5.0,1
55,200,7.552841968657780,1
51,307,5.0,1
60,75,5.0,1
65,434,5.301029995663980,1
6,13,6.638272163982410,1
39,306,5.0,1
26,323,5.0,1
11,139,5.0,1
67,75,5.0,1
12,296,5.0,1
60,226,5.6777807052660800,1
12,353,5.0,1
45,298,8.698970004336020,1
36,181,6.619788758288390,1
58,217,9.022276394711150,1
11,350,5.0,1
54,68,5.0,1
24,177,6.4089353929735000,1
4,408,5.0,1
57,392,6.721246399047170,1
35,215,5.0,1
24,382,5.0,1
22,298,9.017728766960430,1
49,75,5.0,1
21,173,5.0,1
37,280,5.0,1
48,289,5.0,1
50,355,5.0,1
35,121,5.327902142064280,1
15,122,5.823908740944320,1
16,436,5.0,1
5,2,5.0,1
1,64,5.0,1
35,298,8.075720713938120,1
51,438,5.0,1
20,35,5.0,1
6,350,5.0,1
66,47,5.0,1
3,121,5.0,1
63,152,6.2441251443275100,1
35,122,5.0,1
1,148,5.0,1
40,291,5.0,1
3,402,7.301029995663980,1
8,398,5.0,1
50,73,5.0,1
51,230,5.0,1
52,233,5.0,1
2,400,8.823908740944320,1
4,3,6.1249387366083,1
25,14,5.0,1
40,217,5.0,1
36,377,5.0,1
17,347,5.0,1
35,388,5.0,1
2,172,5.0,1
64,51,5.0,1
21,84,5.0,1
66,236,5.337242168318430,1
7,199,5.958607314841780,1
21,270,5.0,1
4,334,5.0,1
48,434,5.0,1
15,264,5.0,1
57,70,6.481486060122110,1
8,423,5.0,1
50,36,5.0,1
40,431,5.0,1
28,341,5.0,1
0,313,5.0,1
56,305,9.853871964321760,1
67,67,5.0,1
53,104,6.251811972993800,1
46,80,5.958607314841780,1
36,300,6.022276394711150,1
58,5,7.721246399047170,1
17,116,6.958607314841780,1
13,434,5.0,1
66,244,8.070581074285710,1
4,136,5.0,1
12,121,5.0,1
60,290,5.0,1
6,416,5.0,1
58,129,5.431798275933010,1
31,24,5.356547323513810,1
41,24,5.0,1
0,66,5.568636235841010,1
58,54,5.721246399047170,1
8,356,5.0,1
31,167,7.075720713938120,1
25,148,5.0,1
5,439,5.0,1
46,143,5.0,1
19,164,8.1249387366083,1
33,99,5.0,1
52,205,5.0,1
44,257,5.0,1
17,335,5.0,1
13,354,5.0,1
12,27,5.0,1
5,37,5.455931955649720,1
11,438,5.0,1
36,388,5.0,1
63,29,6.455931955649720,1
9,98,5.0,1
63,23,5.0,1
59,202,5.0,1
41,35,5.698970004336020,1
42,418,5.0,1
59,217,5.0,1
51,432,5.0,1
3,35,5.0,1
63,42,5.1487416512809200,1
19,222,5.0,1
44,156,6.795880017344080,1
9,227,5.0,1
24,84,5.0,1
18,63,5.958607314841780,1
27,258,5.0,1
25,201,5.0,1
6,404,5.0,1
16,112,5.0,1
15,299,5.0,1
67,182,5.0,1
40,29,5.0,1
22,155,5.0,1
40,116,5.823908740944320,1
56,70,7.346787486224660,1
67,356,5.119186407719210,1
38,99,5.0,1
53,399,5.0,1
37,13,5.346787486224660,1
17,325,5.0,1
13,224,5.0,1
31,19,5.6020599913279600,1
64,208,5.0,1
15,188,5.0,1
44,288,5.0,1
65,368,5.0,1
1,147,5.0,1
64,423,5.0,1
56,284,5.0,1
16,257,5.0,1
8,400,5.0,1
59,328,6.275724130399210,1
14,91,5.0,1
2,416,6.769551078621730,1
51,182,5.0,1
65,400,5.0,1
64,85,5.0,1
28,422,7.468521082957750,1
16,167,5.886056647693160,1
67,9,5.0,1
13,340,5.0,1
45,417,5.0,1
10,291,5.0,1
10,361,5.795880017344080,1
38,218,6.086186147616280,1
20,293,5.0,1
57,214,7.721246399047170,1
6,30,5.443697499232710,1
39,171,5.0,1
60,348,5.795880017344080,1
42,335,5.0,1
35,108,5.0,1
38,184,5.0,1
43,371,5.0,1
43,436,5.0,1
2,72,6.721246399047170,1
29,227,6.823908740944320,1
42,104,5.0,1
13,286,5.0,1
21,105,5.5376020021010400,1
19,82,5.0,1
42,3,5.0,1
11,215,5.0,1
66,311,5.0,1
36,411,5.0,1
49,431,5.3979400086720400,1
51,199,5.721246399047170,1
49,221,5.376750709602100,1
30,50,5.0,1
7,174,5.0,1
10,187,5.0,1
56,109,8.397940008672040,1
23,189,5.0,1
20,121,5.0,1
17,155,5.0,1
53,120,5.0,1
43,143,5.0,1
48,46,5.0,1
20,140,5.0,1
33,69,5.0,1
63,392,6.167491087293760,1
47,278,8.200659450546420,1
2,177,8.136677139879540,1
40,195,7.0,1
5,123,5.795880017344080,1
58,53,6.008773924307510,1
54,61,5.0,1
66,440,5.0,1
18,387,5.0,1
51,162,5.0,1
35,342,5.0,1
30,394,5.0,1
46,340,5.0,1
56,270,7.251811972993800,1
16,43,5.443697499232710,1
12,380,5.0,1
35,269,5.0,1
43,284,5.0,1
21,306,5.0,1
19,51,5.0,1
23,276,5.0,1
24,194,5.0,1
27,186,5.0,1
25,257,5.0,1
31,235,6.920818753952380,1
17,358,5.0,1
4,152,5.0,1
15,76,5.0,1
10,253,5.568636235841010,1
10,398,5.431798275933010,1
2,43,5.2441251443275100,1
16,413,5.0,1
16,36,5.366531544420410,1
53,81,6.823908740944320,1
39,94,5.0,1
65,293,5.0,1
21,363,6.167491087293760,1
24,189,5.0,1
34,248,5.0,1
17,220,5.0,1
45,291,5.0,1
20,400,5.0,1
10,14,9.920818753952380,1
29,426,5.0,1
55,263,5.0,1
31,256,5.036212172654440,1
38,382,5.0,1
18,164,5.0,1
51,132,5.0,1
7,262,5.0,1
49,259,5.0,1
5,406,5.0,1
57,68,5.698970004336020,1
21,28,5.0,1
42,167,5.0,1
29,108,8.318758762624410,1
11,172,5.0,1
48,56,5.107905397309520,1
64,266,5.0,1
36,424,6.6020599913279600,1
4,12,6.060480747381380,1
19,200,8.1249387366083,1
45,429,5.0,1
36,54,6.6777807052660800,1
30,92,5.0,1
19,78,5.0,1
22,305,5.0,1
18,241,5.0,1
24,329,7.721246399047170,1
30,264,5.0,1
25,317,5.0,1
3,430,5.0,1
2,270,5.0,1
46,229,5.0,1
7,319,5.119186407719210,1
40,421,5.0,1
20,382,5.0,1
36,222,5.0,1
45,405,5.0,1
32,196,5.0,1
7,411,5.0,1
1,400,5.070581074285710,1
67,118,5.0,1
57,267,7.823908740944320,1
5,211,5.0,1
39,124,5.0,1
38,405,5.0,1
43,287,5.0,1
19,121,5.0,1
4,365,5.0,1
31,25,5.6777807052660800,1
52,344,5.920818753952380,1
55,385,5.0,1
18,202,5.0,1
54,400,5.0,1
43,151,5.275724130399210,1
31,335,6.657577319177790,1
5,387,5.853871964321760,1
2,307,5.0,1
43,186,5.0,1
22,403,5.0,1
27,399,5.0,1
58,6,7.136677139879540,1
57,361,5.42021640338319,1
24,184,5.0,1
54,59,5.0,1
67,159,5.0,1
22,407,5.0,1
35,222,5.0,1
54,167,5.0,1
18,190,5.0,1
32,433,5.0,1
30,350,5.0,1
13,432,5.0,1
24,176,6.292429823902060,1
26,98,5.2441251443275100,1
41,357,6.337242168318430,1
41,259,5.698970004336020,1
46,359,5.0,1
62,271,5.0,1
36,89,5.0,1
6,90,5.0,1
36,288,5.6777807052660800,1
57,306,5.0,1
52,323,5.0,1
10,397,6.2441251443275100,1
61,181,5.0,1
12,422,5.0,1
29,64,5.0,1
12,162,6.136677139879540,1
15,292,5.0,1
33,340,5.0,1
49,113,5.0,1
51,276,5.0,1
29,301,5.0,1
56,403,9.657577319177790,1
48,278,5.0,1
12,306,5.0,1
27,382,5.0,1
4,156,5.0,1
18,248,6.508638306165730,1
60,194,5.698970004336020,1
41,378,5.167491087293760,1
50,165,5.0,1
60,63,5.0,1
31,140,5.853871964321760,1
29,258,6.251811972993800,1
38,206,5.0,1
21,348,5.0,1
42,8,5.0,1
5,121,5.920818753952380,1
66,388,5.0,1
59,30,5.0,1
19,160,8.2839966563652,1
41,185,5.0,1
26,245,5.0,1
50,189,5.0,1
51,283,5.0,1
10,1,10.327902142064300,1
57,168,7.698970004336020,1
58,272,5.0,1
59,432,5.0,1
15,85,5.0,1
27,7,7.187086643357140,1
58,83,6.958607314841780,1
2,122,5.0,1
10,251,5.0,1
19,348,5.0,1
38,375,5.0,1
62,17,5.0,1
8,115,5.0,1
19,428,7.267606240177030,1
35,335,5.0,1
40,400,5.0,1
19,21,5.0,1
53,406,5.0,1
39,238,5.0,1
28,433,5.0,1
67,10,5.0,1
26,220,5.0,1
52,263,5.0,1
57,109,6.698970004336020,1
43,101,5.6020599913279600,1
57,17,5.0,1
0,309,5.0,1
43,441,5.0,1
37,27,5.0,1
21,390,5.0,1
11,370,5.0,1
34,122,5.0,1
14,190,5.522878745280340,1
35,229,5.0,1
35,312,5.0,1
5,207,5.0,1
66,255,6.154901959985740,1
19,241,7.494850021680090,1
55,212,5.017728766960430,1
31,161,8.823908740944320,1
10,65,5.0,1
44,118,6.113509274827520,1
49,388,5.0,1
33,174,5.0,1
34,64,5.0,1
43,215,5.0,1
63,404,6.309803919971490,1
22,431,5.0,1
0,48,5.0,1
24,427,5.229147988357860,1
60,327,6.795880017344080,1
29,169,6.481486060122110,1
44,113,6.657577319177790,1
40,120,5.0,1
46,181,5.0,1
55,141,5.0,1
64,381,5.0,1
34,12,5.552841968657780,1
39,52,5.0,1
13,136,5.0,1
14,261,5.0,1
38,194,5.0,1
22,227,6.958607314841780,1
41,210,6.494850021680090,1
38,387,6.853871964321760,1
10,432,6.292429823902060,1
67,432,5.0,1
3,74,6.0,1
14,425,5.0,1
6,67,5.0,1
7,53,5.886056647693160,1
61,209,5.0,1
63,245,6.173925197299170,1
54,314,5.0,1
44,135,5.0,1
64,4,5.0,1
65,86,5.0,1
22,132,8.744727494896690,1
16,285,5.0,1
1,383,5.0,1
55,151,5.552841968657780,1
15,15,7.107905397309520,1
32,144,5.0,1
8,315,5.0,1
34,347,5.0,1
37,104,5.0,1
0,141,5.0,1
32,315,5.0,1
61,78,5.0,1
33,228,5.0,1
42,47,5.0,1
53,234,5.958607314841780,1
49,71,5.0,1
54,412,5.0,1
14,35,5.376750709602100,1
35,333,5.0,1
11,439,6.301029995663980,1
46,382,5.0,1
32,388,5.0,1
44,92,5.585026652029180,1
65,410,6.0,1
54,331,5.0,1
10,420,5.0,1
16,214,7.356547323513810,1
36,2,5.0,1
44,197,5.0,1
19,173,5.0,1
15,119,6.853871964321760,1
46,323,5.0,1
17,339,5.0,1
58,258,6.481486060122110,1
59,36,5.0,1
0,55,6.568636235841010,1
33,379,5.0,1
16,321,5.0,1
65,90,5.0,1
47,309,5.0,1
6,394,6.431798275933010,1
58,441,5.795880017344080,1
27,272,5.0,1
56,177,6.721246399047170,1
56,214,10.431798275933000,1
56,87,6.6020599913279600,1
43,137,6.0655015487564300,1
53,62,5.0,1
63,335,5.0,1
4,385,5.0,1
14,310,5.0,1
53,76,5.0,1
62,352,5.0,1
1,384,5.0,1
48,231,5.0,1
22,345,5.0,1
21,58,5.0,1
64,149,5.0,1
31,441,7.795880017344080,1
9,59,5.0,1
5,430,5.0,1
31,315,5.0,1
25,101,5.0,1
67,247,5.0,1
58,171,5.455931955649720,1
46,302,5.0,1
56,30,6.568636235841010,1
23,209,5.0,1
50,103,5.301029995663980,1
46,233,5.0,1
37,193,5.2839966563652000,1
36,393,7.096910013008060,1
14,307,5.0,1
58,413,5.920818753952380,1
24,205,5.136677139879540,1
61,84,8.309803919971490,1
4,159,5.7447274948966900,1
7,138,5.0,1
67,411,5.0,1
11,420,5.0,1
24,36,5.0,1
64,26,5.0,1
42,186,5.0,1
50,427,5.0,1
0,133,5.0,1
37,189,5.0,1
62,275,5.0,1
23,126,5.0,1
61,428,5.0,1
49,212,5.0,1
7,209,5.0,1
51,291,5.0,1
43,223,5.0,1
6,63,5.0,1
59,183,5.0,1
57,287,5.0,1
49,232,5.0,1
48,37,5.0,1
46,260,5.0,1
0,295,5.721246399047170,1
46,298,5.0,1
23,430,5.0,1
36,90,5.0,1
51,404,5.0,1
12,356,7.142667503568730,1
59,241,5.0,1
32,344,5.0,1
47,71,5.0,1
50,44,6.1487416512809200,1
27,429,5.0,1
50,306,5.0,1
50,259,5.0,1
51,365,5.0,1
7,218,5.0,1
56,320,5.7447274948966900,1
28,413,6.823908740944320,1
20,134,5.0,1
56,113,6.920818753952380,1
22,39,8.267606240177030,1
46,385,5.0,1
32,156,5.0,1
64,7,5.0,1
39,397,5.0,1
61,103,6.920818753952380,1
40,15,9.236572006437060,1
0,226,5.721246399047170,1
30,38,5.0,1
7,33,5.0,1
49,409,5.0,1
15,186,5.0,1
20,231,5.0,1
58,323,5.0,1
28,242,5.494850021680090,1
0,102,5.0,1
8,65,5.0,1
32,246,6.161150909262740,1
52,337,5.0,1
33,127,5.0,1
61,430,5.0,1
35,254,5.0,1
56,334,7.055517327849830,1
60,1,7.3979400086720400,1
39,6,8.309803919971490,1
47,415,7.154901959985740,1
16,414,6.494850021680090,1
41,189,5.795880017344080,1
63,287,5.0,1
37,241,5.0,1
48,418,5.0,1
60,409,6.154901959985740,1
44,89,7.508638306165730,1
4,196,5.0,1
48,393,5.795880017344080,1
31,23,5.0,1
26,196,5.0,1
58,274,5.7447274948966900,1
52,167,5.0,1
66,117,5.0,1
31,141,5.008773924307510,1
1,139,5.0,1
7,379,5.886056647693160,1
61,117,6.3872161432802600,1
10,405,5.494850021680090,1
9,262,5.0,1
61,273,5.0,1
17,102,9.161150909262740,1
8,147,6.0,1
33,244,5.0,1
41,382,5.0,1
63,228,5.619788758288390,1
47,419,6.2441251443275100,1
51,351,5.0,1
65,6,8.008773924307510,1
40,413,6.366531544420410,1
52,376,5.0,1
58,189,7.346787486224660,1
38,115,9.040958607678910,1
61,50,5.0,1
54,240,5.0,1
38,172,5.0,1
13,94,5.0,1
6,105,5.0,1
62,84,5.0,1
26,151,5.0,1
49,403,6.229147988357860,1
5,66,6.3872161432802600,1
46,383,5.0,1
32,268,5.0,1
43,264,5.0,1
51,196,5.0,1
23,253,5.0,1
42,107,5.0,1
32,269,5.494850021680090,1
4,432,5.0,1
27,82,5.0,1
5,190,5.0,1
66,437,7.096910013008060,1
64,59,5.0,1
46,211,5.0,1
33,159,5.0,1
61,262,5.0,1
63,358,7.886056647693160,1
67,117,5.0,1
59,148,5.0,1
21,48,5.0,1
60,41,6.3872161432802600,1
34,249,5.0,1
45,340,5.0,1
65,315,5.0,1
11,20,5.0,1
6,438,5.0,1
35,46,5.0,1
36,346,5.494850021680090,1
6,200,8.494850021680090,1
58,92,5.0,1
32,431,5.0,1
14,298,5.1249387366083,1
14,435,5.0,1
19,127,5.0,1
56,283,6.356547323513810,1
14,169,5.0,1
50,181,5.0,1
16,387,6.920818753952380,1
32,99,5.0,1
66,256,5.0,1
8,228,5.0,1
53,250,5.292429823902060,1
57,441,5.0,1
28,191,6.0655015487564300,1
9,287,5.0,1
60,428,7.102372908709560,1
32,339,5.0,1
4,98,5.0,1
60,145,7.180456064458130,1
3,350,5.0,1
17,12,6.920818753952380,1
52,410,5.0,1
41,33,5.0,1
65,191,7.1249387366083,1
4,291,5.0,1
36,42,5.0,1
20,112,5.0,1
33,363,5.0,1
42,277,5.0,1
1,246,5.0,1
8,32,5.0,1
28,326,5.0,1
24,40,5.0,1
33,318,5.0,1
21,204,5.455931955649720,1
29,77,6.1487416512809200,1
60,265,6.2839966563652000,1
1,426,5.0,1
67,438,5.0,1
0,90,6.275724130399210,1
9,352,5.0,1
7,357,5.0,1
35,112,5.0,1
0,350,7.013228265733760,1
30,293,5.0,1
25,77,5.0,1
31,58,7.638272163982410,1
29,318,5.0,1
48,334,5.0,1
4,233,5.0,1
1,196,5.0,1
25,369,5.0,1
10,343,6.040958607678910,1
45,173,5.0,1
4,110,5.552841968657780,1
14,199,5.259637310505760,1
24,333,5.508638306165730,1
9,115,6.769551078621730,1
27,210,7.3979400086720400,1
52,274,5.0,1
46,279,5.0,1
2,143,5.0,1
25,243,5.0,1
15,378,5.0,1
63,97,5.0,1
1,375,5.0,1
63,172,5.0,1
23,361,5.0,1
29,178,6.236572006437060,1
60,27,6.187086643357140,1
22,77,5.0,1
44,34,5.0,1
63,339,5.0,1
27,305,5.0,1
52,426,5.0,1
66,376,7.236572006437060,1
10,198,5.0,1
33,243,5.0,1
12,323,5.0,1
54,210,5.0,1
53,395,6.886056647693160,1
13,372,5.0,1
51,207,5.0,1
2,294,6.376750709602100,1
12,370,5.0,1
0,261,5.0,1
13,43,5.0,1
38,344,6.086186147616280,1
36,84,6.481486060122110,1
62,320,5.0,1
20,284,5.0,1
46,319,8.301029995663980,1
54,159,5.0,1
10,62,5.0,1
8,325,5.0,1
27,259,5.0,1
9,230,5.0,1
30,40,5.0,1
3,135,5.0,1
63,276,5.0,1
40,6,9.200659450546420,1
8,388,5.0,1
10,225,6.958607314841780,1
57,102,5.698970004336020,1
63,342,5.0,1
44,141,5.0,1
47,368,7.5376020021010400,1
49,260,5.0,1
31,67,7.522878745280340,1
21,423,5.42021640338319,1
13,58,5.0,1
8,30,5.0,1
48,26,5.853871964321760,1
50,363,7.619788758288390,1
9,219,5.0,1
13,399,5.0,1
32,25,5.0,1
11,288,5.0,1
28,265,6.229147988357860,1
51,194,5.0,1
58,164,7.468521082957750,1
40,375,5.0,1
67,428,5.0,1
57,351,6.4089353929735000,1
36,413,5.795880017344080,1
39,181,5.0,1
13,164,5.0,1
32,234,5.0,1
36,29,6.337242168318430,1
46,216,5.0,1
1,298,8.113509274827520,1
45,361,5.0,1
24,440,5.0,1
58,166,7.568636235841010,1
25,92,5.0,1
7,18,5.0,1
10,42,6.236572006437060,1
22,128,8.721246399047170,1
32,380,5.552841968657780,1
1,106,5.0,1
40,94,5.0,1
15,349,5.0,1
61,158,8.522878745280340,1
63,34,8.4089353929735,1
24,435,5.0,1
33,97,5.0,1
9,142,5.0,1
32,230,5.0,1
57,204,8.886056647693160,1
11,214,6.657577319177790,1
1,257,5.0,1
48,272,5.0,1
42,156,5.0,1
2,300,8.070581074285710,1
56,213,7.214670164989230,1
18,336,5.0,1
47,288,6.585026652029180,1
40,263,5.0,1
20,129,5.0,1
31,251,8.853871964321760,1
37,205,8.494850021680090,1
16,48,5.0,1
1,382,5.0,1
17,412,5.0,1
62,189,5.0,1
13,284,5.0,1
13,69,5.0,1
14,215,6.301029995663980,1
19,426,5.031517051446070,1
3,391,5.0,1
18,205,6.638272163982410,1
43,210,5.7447274948966900,1
60,256,5.0,1
33,289,5.0,1
20,433,5.0,1
54,41,5.0,1
55,270,5.0,1
62,181,5.0,1
57,104,7.0,1
49,337,6.1487416512809200,1
45,292,5.0,1
28,336,5.0,1
61,434,5.0,1
44,440,5.7447274948966900,1
63,155,5.142667503568730,1
66,181,5.0,1
13,308,5.0,1
46,125,5.0,1
41,353,5.0,1
34,94,5.0,1
34,132,5.0,1
21,399,5.0,1
32,285,6.431798275933010,1
51,166,5.0,1
24,13,5.0,1
38,265,5.0,1
0,211,5.0,1
57,194,7.309803919971490,1
32,138,5.0,1
52,262,5.0,1
7,343,5.0,1
41,284,5.0,1
18,98,5.0,1
36,83,6.3872161432802600,1
39,243,5.0,1
45,253,6.537602002101040,1
53,164,7.356547323513810,1
17,65,5.0,1
2,397,5.886056647693160,1
50,124,5.0,1
31,180,7.42021640338319,1
40,189,5.0,1
17,429,5.337242168318430,1
15,170,5.0,1
63,78,5.0,1
29,140,5.0,1
21,39,6.721246399047170,1
9,205,7.823908740944320,1
0,14,5.0,1
67,379,5.0,1
55,355,7.886056647693160,1
33,324,5.0,1
50,142,5.0,1
31,226,8.327902142064280,1
6,34,7.142667503568730,1
1,174,5.0,1
46,377,5.0,1
24,21,5.0,1
61,164,6.3872161432802600,1
45,135,5.0,1
50,416,5.455931955649720,1
56,144,5.0,1
45,138,5.0,1
49,206,5.0,1
65,196,5.0,1
31,44,5.0,1
39,0,5.0,1
1,0,5.0,1
47,199,7.431798275933010,1
13,198,5.0,1
55,247,5.0,1
28,129,5.259637310505760,1
27,38,5.0,1
61,343,5.0,1
43,113,5.0,1
61,150,5.0,1
30,206,5.0,1
24,236,5.0,1
20,32,5.0,1
29,335,5.0,1
61,195,5.0,1
64,417,5.0,1
60,68,6.060480747381380,1
44,33,5.0,1
24,218,5.0,1
7,162,5.0,1
55,403,5.568636235841010,1
23,294,5.0,1
60,146,6.292429823902060,1
30,257,5.0,1
29,296,5.0,1
30,217,5.0,1
19,237,6.2839966563652000,1
32,206,8.42021640338319,1
45,285,5.0,1
57,64,5.0,1
56,36,7.638272163982410,1
0,154,5.0,1
14,300,5.0,1
29,106,5.6777807052660800,1
12,168,5.0,1
8,182,5.0,1
15,48,5.0,1
66,424,7.431798275933010,1
4,243,5.0,1
11,361,5.0,1
38,38,5.0,1
17,81,5.0,1
42,48,5.0,1
54,245,5.0,1
17,50,5.0,1
5,91,5.0,1
46,297,5.0,1
28,168,6.060480747381380,1
51,278,5.0,1
2,372,5.0,1
15,90,5.0,1
8,192,5.0,1
2,315,5.0,1
31,240,8.42021640338319,1
61,13,5.0,1
25,37,5.0,1
41,37,6.958607314841780,1
0,425,5.0,1
40,441,5.0,1
34,389,6.096910013008060,1
5,377,5.823908740944320,1
18,334,5.0,1
31,109,7.698970004336020,1
7,431,5.0,1
26,58,5.0,1
58,321,6.107905397309520,1
58,62,5.0,1
29,371,5.0,1
7,241,5.0,1
8,440,5.0,1
51,287,5.0,1
41,372,5.958607314841780,1
66,326,5.0,1
66,192,6.6777807052660800,1
44,441,5.0,1
18,118,5.167491087293760,1
22,387,5.0,1
55,184,5.0,1
42,70,5.142667503568730,1
56,440,5.0,1
45,223,6.537602002101040,1
56,259,6.3979400086720400,1
42,260,5.0,1
16,91,5.0,1
27,93,5.0,1
67,407,5.0,1
37,149,5.0,1
35,311,5.0,1
42,147,5.0,1
0,196,5.823908740944320,1
29,175,5.366531544420410,1
49,219,5.0,1
22,371,5.0,1
48,129,5.0,1
24,263,5.0,1
29,67,6.086186147616280,1
44,330,5.0,1
35,123,5.0,1
51,40,5.0,1
56,251,7.769551078621730,1
29,54,5.0,1
54,397,5.0,1
53,121,5.0,1
54,306,5.0,1
1,336,5.0,1
57,238,6.958607314841780,1
11,74,5.0,1
6,136,5.0,1
31,336,6.481486060122110,1
44,98,7.3872161432802600,1
67,123,5.0,1
31,348,7.6020599913279600,1
38,183,5.0,1
25,367,5.0,1
14,8,7.42021640338319,1
58,10,7.154901959985740,1
42,436,5.0,1
59,298,5.0,1
49,198,5.0,1
59,13,5.0,1
28,135,5.0,1
34,253,5.0,1
27,173,5.0,1
27,119,5.0,1
20,43,5.0,1
64,358,5.0,1
11,48,5.0,1
2,83,6.537602002101040,1
4,253,5.0,1
52,428,5.0,1
32,133,6.055517327849830,1
15,413,6.0915149811213500,1
45,119,5.0,1
53,351,5.886056647693160,1
23,48,5.0,1
2,115,6.2839966563652000,1
51,106,5.0,1
46,69,5.0,1
36,144,5.0,1
45,344,5.0,1
58,43,5.958607314841780,1
39,41,5.0,1
63,221,5.0,1
49,414,5.0,1
14,65,5.0,1
49,84,5.0,1
35,136,5.0,1
13,154,5.0,1
32,188,5.4089353929735000,1
15,146,5.0,1
0,345,5.0,1
6,425,5.0,1
28,119,5.0,1
22,115,6.431798275933010,1
36,350,6.017728766960430,1
54,117,5.275724130399210,1
53,359,6.229147988357860,1
25,251,5.0,1
28,395,6.107905397309520,1
56,351,6.657577319177790,1
60,56,6.267606240177030,1
46,245,5.0,1
63,9,8.42021640338319,1
6,375,5.0,1
57,318,5.0,1
19,439,7.920818753952380,1
10,338,5.0,1
39,424,5.0,1
0,105,7.036212172654440,1
35,425,5.0,1
31,150,6.431798275933010,1
64,367,5.0,1
9,341,5.0,1
32,125,5.0,1
64,186,5.0,1
42,202,5.0,1
48,78,5.431798275933010,1
33,4,5.0,1
54,338,5.0,1
52,224,5.0,1
3,59,5.619788758288390,1
20,371,6.431798275933010,1
44,289,5.494850021680090,1
55,52,5.0,1
10,346,5.337242168318430,1
13,143,5.0,1
11,114,5.522878745280340,1
33,276,5.0,1
8,207,5.0,1
31,268,6.585026652029180,1
9,116,5.5376020021010400,1
35,412,5.0,1
56,361,7.119186407719210,1
52,255,5.0,1
25,85,5.0,1
64,264,5.0,1
13,380,5.0,1
35,256,5.0,1
17,331,6.886056647693160,1
9,427,5.0,1
60,17,6.823908740944320,1
16,182,5.0,1
32,324,5.0,1
42,93,5.267606240177030,1
13,409,5.0,1
2,76,8.18045606445813,1
53,156,6.4089353929735000,1
56,347,7.494850021680090,1
32,287,5.698970004336020,1
3,197,5.0,1
33,362,5.0,1
51,157,5.0,1
33,418,5.0,1
25,203,5.0,1
30,147,5.0,1
47,9,6.200659450546420,1
28,211,5.0,1
15,376,5.0,1
62,282,5.0,1
20,189,5.0,1
26,169,5.0,1
3,341,5.0,1
7,424,5.0,1
51,282,5.0,1
64,420,5.0,1
66,133,6.259637310505760,1
9,308,5.0,1
22,329,5.0,1
62,62,5.0,1
7,281,6.113509274827520,1
46,127,5.0,1
26,361,5.0,1
22,176,6.376750709602100,1
1,440,5.0,1
33,121,5.0,1
26,403,5.0,1
3,17,5.0,1
16,247,8.823908740944320,1
12,327,5.0,1
43,52,5.0,1
54,118,5.259637310505760,1
35,381,5.0,1
37,8,5.0,1
56,31,8.356547323513810,1
56,178,7.1249387366083,1
24,135,5.0,1
55,230,5.0,1
4,391,5.0,1
11,390,5.0,1
48,181,5.0,1
4,409,5.0,1
10,410,5.4089353929735000,1
2,225,5.0,1
62,50,5.920818753952380,1
26,164,5.455931955649720,1
38,21,5.0,1
62,353,5.0,1
49,89,5.0,1
5,283,5.0,1
5,227,5.346787486224660,1
34,33,5.0,1
58,259,6.214670164989230,1
42,181,5.0,1
17,38,5.0,1
20,110,6.0,1
45,3,5.0,1
49,349,5.0,1
8,77,5.0,1
27,427,5.0,1
6,316,5.0,1
45,392,5.0,1
27,391,5.0,1
29,215,6.455931955649720,1
19,358,7.585026652029180,1
6,27,5.0,1
15,134,5.0,1
40,253,6.3872161432802600,1
62,302,5.0,1
45,164,5.017728766960430,1
0,93,5.259637310505760,1
30,143,5.0,1
46,265,5.0,1
65,83,5.0,1
35,331,5.0,1
26,141,5.0,1
13,431,5.0,1
41,65,5.0,1
32,173,5.0,1
51,119,5.0,1
41,133,5.0,1
31,175,6.568636235841010,1
43,18,5.0,1
6,166,5.0,1
47,340,5.0,1
10,212,5.0,1
66,362,6.619788758288390,1
4,267,5.0,1
57,254,5.0,1
34,436,5.0,1
14,21,5.0,1
54,125,5.0,1
11,321,5.0,1
21,79,6.167491087293760,1
58,300,6.1487416512809200,1
65,370,5.0,1
14,10,7.657577319177790,1
2,30,6.200659450546420,1
55,111,5.0,1
20,359,5.0,1
65,179,5.0,1
13,216,5.0,1
61,126,5.0,1
28,426,5.0,1
11,92,5.0,1
26,156,5.585026652029180,1
10,163,5.468521082957750,1
48,11,5.0,1
24,415,5.0,1
14,151,5.0,1
44,281,5.0,1
56,296,6.568636235841010,1
52,168,5.7447274948966900,1
16,415,6.119186407719210,1
40,183,5.0,1
8,296,5.0,1
64,394,5.0,1
17,161,5.00436480540245,1
60,11,6.619788758288390,1
36,265,5.698970004336020,1
41,386,6.455931955649720,1
24,406,5.0,1
38,77,5.2441251443275100,1
40,43,7.494850021680090,1
20,415,5.0,1
33,206,5.0,1
65,37,6.6020599913279600,1
9,409,6.455931955649720,1
13,176,5.0,1
51,407,5.0,1
41,217,5.0,1
13,64,5.0,1
8,106,5.0,1
30,401,5.0,1
33,136,5.0,1
35,41,5.0,1
37,150,5.0,1
23,204,5.0,1
63,363,5.0,1
6,37,6.376750709602100,1
39,434,5.0,1
5,6,5.920818753952380,1
26,279,5.0,1
36,416,5.0,1
33,365,5.0,1
63,150,5.130768280269020,1
60,179,6.657577319177790,1
48,82,5.0,1
53,320,5.0,1
36,407,5.0,1
27,408,5.0,1
60,142,5.0,1
9,33,5.0,1
37,367,5.0,1
54,205,5.0,1
31,431,5.0,1
19,416,5.0,1
61,401,5.0,1
0,316,5.0,1
58,88,5.0,1
67,124,5.0,1
31,160,9.244125144327510,1
67,439,5.721246399047170,1
42,45,5.638272163982410,1
13,208,5.0,1
57,407,5.0,1
20,92,5.0,1
34,271,5.0,1
30,418,5.0,1
16,402,6.045757490560680,1
46,422,5.366531544420410,1
50,360,5.0,1
41,73,5.0,1
24,46,5.0,1
10,439,7.795880017344080,1
56,149,7.619788758288390,1
20,353,5.0,1
25,260,5.0,1
22,70,8.431798275933010,1
2,371,6.136677139879540,1
33,223,5.0,1
57,420,5.0,1
7,151,5.0,1
17,86,5.0,1
57,253,5.468521082957750,1
38,153,5.0,1
18,274,5.0,1
2,311,5.0,1
62,202,5.0,1
7,28,5.0,1
18,213,5.0,1
6,168,5.568636235841010,1
23,363,5.6020599913279600,1
1,100,5.0,1
34,332,5.0,1
19,119,5.0,1
54,350,5.0,1
62,218,5.0,1
4,297,5.0,1
44,393,5.0,1
9,420,5.0,1
28,141,5.0,1
51,185,5.0,1
49,224,6.823908740944320,1
10,45,5.0,1
53,309,5.0,1
33,211,5.0,1
34,371,5.0,1
53,192,6.721246399047170,1
28,282,5.0,1
13,12,5.0,1
19,250,5.0,1
10,132,8.045757490560680,1
52,272,5.0,1
59,113,5.3872161432802600,1
22,283,5.0,1
18,365,5.0,1
11,58,5.0,1
45,198,5.0,1
21,433,5.0,1
17,333,5.0,1
22,212,5.769551078621730,1
38,18,5.0,1
0,406,5.0,1
17,433,6.698970004336020,1
45,357,5.229147988357860,1
2,284,7.136677139879540,1
15,257,5.0,1
13,363,5.0,1
61,212,5.0,1
16,317,5.0,1
1,134,5.0,1
11,337,5.0,1
28,77,8.00436480540245,1
41,285,5.0,1
59,173,5.0,1
54,192,5.0,1
18,209,5.0,1
17,370,5.0,1
47,153,7.251811972993800,1
34,31,5.0,1
10,145,5.638272163982410,1
37,35,5.0,1
4,186,5.0,1
48,395,5.585026652029180,1
54,137,5.0,1
66,382,5.698970004336020,1
33,336,5.0,1
30,276,5.0,1
10,85,7.494850021680090,1
21,217,6.050609993355090,1
15,113,6.356547323513810,1
14,387,5.0,1
31,283,5.096910013008060,1
42,162,5.0,1
45,61,5.6777807052660800,1
22,440,7.346787486224660,1
39,274,5.0,1
27,53,5.0,1
53,337,5.0,1
56,354,5.0,1
27,36,5.0,1
65,244,5.853871964321760,1
26,267,5.0,1
36,404,8.031517051446060,1
38,120,7.568636235841010,1
17,389,9.67778070526608,1
13,62,5.0,1
15,410,6.853871964321760,1
25,130,5.0,1
0,404,5.0,1
66,406,5.0,1
64,47,5.0,1
31,403,7.0655015487564300,1
55,278,5.0,1
64,28,5.0,1
32,279,5.0,1
49,154,5.0,1
59,107,5.0,1
63,271,5.161150909262740,1
13,225,5.0,1
65,193,5.0,1
51,249,5.0,1
4,122,9.853871964321760,1
6,203,5.886056647693160,1
11,151,7.00436480540245,1
40,30,5.0,1
10,246,5.167491087293760,1
42,223,5.0,1
18,416,5.0,1
33,326,5.0,1
66,23,5.0,1
31,96,7.096910013008060,1
29,56,5.0,1
35,318,5.0,1
65,332,5.0,1
27,224,5.0,1
31,287,6.431798275933010,1
48,148,5.0,1
20,124,5.0,1
49,440,5.0,1
41,94,5.251811972993800,1
26,127,5.259637310505760,1
9,334,5.0,1
67,402,5.0,1
8,437,5.0,1
53,422,6.7447274948966900,1
65,325,5.0,1
41,413,6.508638306165730,1
25,198,5.0,1
16,216,5.0,1
50,49,5.0,1
4,101,5.0,1
4,247,5.585026652029180,1
54,402,5.0,1
36,231,5.0,1
6,237,5.568636235841010,1
50,408,5.7447274948966900,1
37,191,5.0,1
7,326,5.0,1
60,362,5.275724130399210,1
24,32,5.0,1
54,342,5.0,1
58,298,6.823908740944320,1
8,335,5.0,1
21,405,5.0,1
39,360,5.0,1
52,377,5.0,1
55,2,5.769551078621730,1
36,297,6.42021640338319,1
40,390,6.221848749616360,1
18,252,5.0,1
63,128,5.366531544420410,1
46,146,5.0,1
25,154,5.0,1
31,385,7.823908740944320,1
54,329,5.0,1
41,116,5.0,1
20,139,5.0,1
61,41,5.0,1
23,197,5.0,1
36,235,6.431798275933010,1
53,93,5.721246399047170,1
16,88,5.0,1
66,86,5.0,1
48,134,5.0,1
6,358,5.795880017344080,1
31,207,6.42021640338319,1
39,103,7.481486060122110,1
25,272,5.0,1
63,167,6.275724130399210,1
62,321,5.0,1
63,226,5.585026652029180,1
38,24,5.0,1
30,284,5.0,1
34,206,5.0,1
59,369,5.0,1
50,47,5.0,1
4,173,5.0,1
61,57,5.0,1
67,358,5.0,1
10,53,5.346787486224660,1
3,75,5.0,1
38,64,5.0,1
3,394,5.0,1
23,124,5.0,1
58,190,6.795880017344080,1
40,388,5.0,1
41,49,5.0,1
61,140,5.0,1
48,230,5.0,1
36,105,5.42021640338319,1
59,239,5.180456064458130,1
54,415,5.0,1
40,143,6.769551078621730,1
3,221,5.0,1
16,327,5.0,1
46,379,5.0,1
34,346,5.0,1
55,68,5.0,1
52,33,5.0,1
63,0,6.537602002101040,1
15,96,5.0,1
37,43,5.0,1
53,25,5.0,1
41,296,5.823908740944320,1
7,117,5.200659450546420,1
48,292,5.0,1
11,27,5.0,1
15,309,5.0,1
29,380,6.508638306165730,1
46,36,5.0,1
44,354,5.0,1
17,72,5.0,1
50,145,5.0,1
39,183,5.0,1
57,67,5.2076083105017500,1
54,297,5.0,1
0,160,7.366531544420410,1
24,64,5.0,1
54,165,5.0,1
63,211,5.585026652029180,1
35,2,8.096910013008060,1
8,424,5.0,1
40,262,5.3872161432802600,1
9,311,5.0,1
50,285,7.154901959985740,1
45,11,5.42021640338319,1
24,425,5.0,1
57,259,5.0,1
21,54,5.0,1
10,129,7.568636235841010,1
50,328,5.0,1
11,137,5.853871964321760,1
32,242,5.0,1
5,259,5.0,1
48,105,6.552841968657780,1
27,59,5.0,1
51,234,5.0,1
44,365,6.292429823902060,1
12,69,5.0,1
39,70,5.0,1
19,305,5.045757490560680,1
19,394,5.823908740944320,1
37,258,5.0,1
9,181,5.0,1
43,146,5.0,1
41,238,6.008773924307510,1
5,0,5.275724130399210,1
24,112,5.0,1
23,84,5.0,1
37,15,5.173925197299170,1
4,383,5.0,1
38,76,5.0,1
41,87,5.0,1
18,440,6.0655015487564300,1
23,220,5.0,1
42,0,5.0,1
39,208,5.0,1
42,284,5.0,1
66,353,5.0,1
19,429,6.769551078621730,1
54,189,5.0,1
45,171,5.0,1
31,211,5.795880017344080,1
36,14,5.0,1
43,73,5.0,1
22,194,5.0,1
16,366,5.431798275933010,1
10,26,5.0,1
5,90,5.920818753952380,1
67,394,5.0,1
17,27,5.0,1
0,86,5.6777807052660800,1
30,421,5.0,1
22,272,5.0,1
6,193,5.0,1
54,6,5.0,1
4,193,5.0,1
17,191,5.0,1
10,101,5.267606240177030,1
22,50,5.229147988357860,1
66,336,5.0,1
17,46,8.10790539730952,1
31,306,5.2839966563652000,1
34,297,5.0,1
16,248,5.356547323513810,1
49,371,5.0,1
31,386,7.455931955649720,1
26,298,5.0,1
15,319,5.0,1
38,203,5.0,1
25,326,5.0,1
42,38,5.0,1
45,412,5.0,1
44,258,5.0,1
52,15,5.0,1
61,165,5.142667503568730,1
43,266,5.0,1
52,394,5.0,1
43,392,5.0,1
44,370,7.187086643357140,1
52,67,7.161150909262740,1
58,60,6.036212172654440,1
44,11,6.0,1
3,25,5.0,1
7,376,5.0,1
3,226,5.0,1
37,391,5.0,1
13,220,5.0,1
27,46,5.0,1
33,83,6.0,1
4,113,9.958607314841780,1
1,374,5.0,1
21,424,5.0,1
50,274,5.0,1
46,90,5.0,1
45,209,5.0,1
35,92,5.0,1
2,144,5.0,1
3,179,5.0,1
48,16,5.0,1
27,176,5.0,1
15,72,5.0,1
42,236,5.0,1
63,119,5.0,1
39,395,5.0,1
63,35,8.130768280269020,1
27,306,5.0,1
19,226,5.721246399047170,1
37,209,5.0,1
9,314,5.0,1
45,180,6.1249387366083,1
56,377,6.721246399047170,1
32,123,5.0,1
15,371,5.0,1
18,155,5.0,1
27,286,5.0,1
38,71,5.0,1
18,282,6.0,1
31,340,6.795880017344080,1
56,48,8.455931955649720,1
37,155,5.167491087293760,1
23,203,5.0,1
12,406,5.0,1
8,50,5.0,1
41,379,5.0,1
51,188,5.0,1
65,36,5.823908740944320,1
42,350,5.0,1
52,206,5.0,1
59,130,5.0,1
41,105,5.0,1
22,251,8.431798275933010,1
7,250,5.0,1
27,12,5.0,1
6,426,5.0,1
57,319,5.0,1
58,162,8.086186147616280,1
10,172,5.769551078621730,1
54,393,5.0,1
16,356,5.886056647693160,1
67,285,5.0,1
51,45,5.0,1
32,190,5.0,1
65,93,5.0,1
62,98,5.0,1
21,375,5.0,1
13,127,5.0,1
15,405,5.0,1
39,99,5.0,1
46,75,5.0,1
0,83,9.275724130399210,1
47,94,7.853871964321760,1
36,143,5.0,1
25,431,5.0,1
23,73,5.0,1
49,130,5.0,1
61,113,6.481486060122110,1
59,8,5.0,1
36,210,6.552841968657780,1
22,277,5.0,1
38,433,5.886056647693160,1
44,259,5.0,1
10,23,5.0,1
21,46,5.0,1
41,276,5.0,1
67,251,5.0,1
27,66,5.0,1
24,421,5.0,1
66,339,5.0,1
5,60,5.0,1
0,33,5.0,1
42,372,5.0,1
12,83,5.0,1
31,432,5.920818753952380,1
56,52,7.638272163982410,1
55,438,5.0,1
29,255,6.638272163982410,1
59,287,5.0,1
65,131,5.619788758288390,1
43,87,5.0,1
50,117,5.795880017344080,1
18,88,5.0,1
48,360,5.0,1
59,198,5.0,1
45,72,5.0,1
13,315,5.0,1
40,240,6.481486060122110,1
5,12,5.0,1
51,169,5.0,1
34,264,5.0,1
55,322,5.0,1
52,415,5.0,1
22,47,5.0,1
47,134,6.055517327849830,1
50,85,5.0,1
12,30,5.0,1
2,291,5.0,1
35,48,5.0,1
61,10,5.0,1
30,368,5.0,1
60,319,5.0,1
48,171,6.229147988357860,1
34,217,5.0,1
46,299,5.0,1
10,207,6.886056647693160,1
13,130,5.0,1
54,264,5.0,1
30,96,5.0,1
55,259,5.0,1
53,344,5.619788758288390,1
12,159,5.0,1
44,50,5.0,1
43,325,5.0,1
25,373,5.0,1
43,327,5.0,1
13,393,5.0,1
43,323,5.0,1
40,401,6.0915149811213500,1
57,230,5.0,1
50,405,5.0,1
38,347,5.0,1
65,222,5.0,1
11,270,5.0,1
53,135,5.0,1
14,96,5.0,1
8,298,5.0,1
27,16,8.0,1
57,87,6.259637310505760,1
43,439,5.0,1
43,207,5.318758762624410,1
4,40,5.0,1
47,159,9.187086643357140,1
50,82,5.0,1
43,43,5.0,1
56,422,7.214670164989230,1
67,148,5.0,1
28,293,6.3872161432802600,1
13,300,5.0,1
14,51,5.0,1
1,367,5.0,1
15,162,5.638272163982410,1
33,404,5.0,1
35,40,5.0,1
35,120,5.0,1
1,386,5.337242168318430,1
41,303,5.886056647693160,1
24,91,5.0,1
40,137,8.698970004336020,1
59,398,5.0,1
1,245,5.0,1
6,347,5.0,1
46,109,5.0,1
16,235,5.0,1
54,419,5.0,1
26,409,5.0,1
57,24,5.0,1
7,75,5.0,1
51,263,5.0,1
42,90,5.0,1
39,67,5.0,1
40,165,6.130768280269020,1
55,310,5.0,1
67,295,5.0,1
36,172,7.318758762624410,1
65,272,5.0,1
20,333,5.0,1
46,231,5.0,1
44,114,5.4089353929735000,1
32,219,5.0,1
15,98,5.0,1
66,295,7.031517051446070,1
23,344,5.0,1
63,372,5.0,1
36,82,5.443697499232710,1
66,62,5.0,1
11,85,5.0,1
45,136,5.0,1
66,201,7.060480747381380,1
58,289,5.236572006437060,1
48,269,5.0,1
28,409,5.0,1
20,383,5.0,1
60,176,6.0655015487564300,1
46,97,5.0,1
35,290,5.0,1
61,344,5.0,1
9,382,5.0,1
56,248,9.0,1
31,182,7.4089353929735000,1
67,55,5.0,1
26,44,5.0,1
11,37,5.0,1
37,182,5.0,1
29,348,6.096910013008060,1
5,428,6.327902142064280,1
43,66,5.0,1
11,398,5.0,1
21,298,5.853871964321760,1
12,107,5.0,1
15,116,6.154901959985740,1
49,180,5.0,1
46,322,5.0,1
34,59,5.0,1
30,247,5.0,1
6,254,5.0,1
58,292,5.455931955649720,1
30,70,5.0,1
38,165,5.0,1
49,74,5.0,1
12,104,5.0,1
34,216,5.0,1
59,232,5.0,1
12,423,5.0,1
46,317,8.769551078621730,1
55,327,5.0,1
55,148,5.0,1
65,304,5.958607314841780,1
24,111,5.0,1
58,1,6.721246399047170,1
45,188,5.0,1
9,21,5.0,1
33,335,5.0,1
62,236,5.0,1
10,377,5.0,1
40,409,5.920818753952380,1
15,57,5.0,1
0,76,6.698970004336020,1
23,265,5.0,1
54,78,5.0,1
17,385,8.193820026016110,1
36,196,7.920818753952380,1
34,15,6.050609993355090,1
49,213,5.0,1
50,194,5.0,1
52,60,6.3979400086720400,1
42,316,8.522878745280340,1
67,267,5.0,1
10,96,5.0,1
47,54,5.0,1
31,280,5.267606240177030,1
21,300,5.0,1
62,223,5.0,1
54,151,5.0,1
45,152,6.6777807052660800,1
29,240,6.6020599913279600,1
24,79,6.698970004336020,1
40,100,5.0,1
21,77,5.0,1
13,424,5.0,1
30,222,5.0,1
43,29,5.0,1
64,339,5.0,1
18,422,5.481486060122110,1
53,415,5.309803919971490,1
43,31,5.0,1
64,439,5.0,1
38,207,5.0,1
44,267,5.0,1
65,147,5.0,1
17,190,5.0,1
53,179,6.013228265733760,1
52,226,5.0,1
48,408,5.0,1
40,295,5.0,1
10,77,5.522878745280340,1
0,372,5.552841968657780,1
52,68,7.180456064458130,1
51,422,5.0,1
45,19,5.0,1
20,427,5.0,1
21,85,5.017728766960430,1
25,375,5.0,1
44,195,7.958607314841780,1
38,57,5.0,1
33,220,5.0,1
14,174,5.0,1
26,26,5.0,1
65,88,5.0,1
55,117,5.0,1
64,369,5.0,1
31,184,8.045757490560680,1
6,21,5.0,1
48,285,5.0,1
2,151,6.2076083105017500,1
49,358,6.721246399047170,1
59,401,6.318758762624410,1
3,24,5.0,1
14,67,5.0,1
13,39,5.0,1
67,421,5.0,1
53,237,7.113509274827520,1
12,101,5.0,1
53,22,5.0,1
47,371,5.0,1
37,126,5.0,1
30,405,5.0,1
58,108,5.1487416512809200,1
1,161,8.05551732784983,1
33,284,5.0,1
31,331,5.0,1
7,311,5.0,1
11,328,5.0,1
23,261,5.0,1
31,60,6.481486060122110,1
48,260,6.017728766960430,1
13,228,5.0,1
64,422,5.0,1
13,61,5.0,1
15,306,5.0,1
30,379,5.0,1
64,78,5.0,1
65,91,5.0,1
53,262,6.481486060122110,1
25,161,5.0,1
16,334,5.0,1
13,327,5.0,1
20,1,5.0,1
3,214,5.0,1
67,339,5.0,1
61,411,5.0,1
55,382,5.0,1
61,235,5.0,1
54,404,5.0,1
21,397,5.356547323513810,1
26,276,5.0,1
45,321,6.017728766960430,1
50,345,5.0,1
23,96,5.0,1
28,384,5.522878745280340,1
38,25,5.0,1
55,72,5.0,1
21,76,5.0,1
30,369,5.0,1
27,353,5.0,1
67,393,5.0,1
23,266,5.0,1
30,413,5.0,1
4,229,5.0,1
2,394,5.0,1
43,0,5.0,1
9,108,5.0,1
25,45,5.0,1
14,171,5.0,1
33,214,5.0,1
44,430,5.920818753952380,1
64,50,5.0,1
44,355,8.318758762624410,1
58,318,5.0,1
64,346,5.0,1
57,216,7.119186407719210,1
32,373,5.0,1
43,385,5.721246399047170,1
3,185,5.0,1
1,424,5.0,1
6,339,5.0,1
55,264,6.886056647693160,1
9,124,5.823908740944320,1
38,168,6.6020599913279600,1
65,296,5.0,1
44,134,6.251811972993800,1
5,7,5.769551078621730,1
13,307,5.0,1
56,340,9.602059991327960,1
38,374,5.0,1
17,214,5.920818753952380,1
47,174,6.920818753952380,1
17,229,7.346787486224660,1
13,65,5.0,1
9,299,5.0,1
46,354,5.0,1
61,100,5.0,1
29,16,6.6020599913279600,1
57,2,5.443697499232710,1
52,32,5.0,1
18,144,5.0,1
39,416,6.443697499232710,1
12,125,5.107905397309520,1
9,215,5.0,1
26,15,6.318758762624410,1
54,204,5.0,1
23,71,5.0,1
15,217,5.366531544420410,1
5,116,5.638272163982410,1
13,18,5.0,1
22,42,5.0,1
1,167,5.0,1
25,351,5.0,1
14,440,5.920818753952380,1
52,310,5.0,1
42,211,5.0,1
5,273,5.0,1
27,125,5.0,1
5,112,5.431798275933010,1
12,151,5.327902142064280,1
28,158,7.769551078621730,1
44,359,5.0,1
62,429,5.1938200260161100,1
41,17,5.0,1
59,74,5.0,1
28,381,5.508638306165730,1
32,88,5.0,1
62,91,5.0,1
53,112,5.0,1
28,359,5.638272163982410,1
66,370,5.0,1
35,102,8.060480747381380,1
28,379,5.0,1
6,110,5.0,1
47,84,7.508638306165730,1
32,39,5.0,1
10,315,5.0,1
26,431,5.0,1
2,421,5.0,1
20,372,5.0,1
36,433,5.0,1
51,266,5.0,1
63,160,7.259637310505760,1
60,305,5.795880017344080,1
27,155,5.0,1
31,220,5.769551078621730,1
52,109,6.468521082957750,1
47,234,5.721246399047170,1
46,295,5.0,1
61,156,5.0,1
0,217,5.0,1
15,251,5.0,1
22,143,5.0,1
60,404,7.036212172654440,1
42,60,5.0,1
21,115,9.2839966563652,1
39,311,5.0,1
28,325,6.229147988357860,1
32,243,5.0,1
0,307,5.0,1
15,74,5.0,1
23,64,5.0,1
41,222,5.0,1
67,228,5.0,1
26,242,5.0,1
7,92,5.619788758288390,1
3,137,5.0,1
29,74,5.853871964321760,1
29,394,7.5376020021010400,1
47,7,6.4089353929735000,1
43,252,5.0,1
54,409,5.0,1
38,5,5.0,1
48,275,5.0,1
22,98,5.508638306165730,1
45,186,5.0,1
59,388,5.0,1
17,107,5.0,1
11,156,5.0,1
52,350,5.0,1
15,166,6.142667503568730,1
49,66,5.0,1
9,168,5.0,1
26,301,5.0,1
26,154,5.0,1
46,43,5.0,1
66,85,5.0,1
52,316,5.0,1
18,307,5.0,1
67,70,5.0,1
34,275,5.0,1
14,142,5.0,1
20,297,5.0,1
62,287,5.0,1
28,110,5.0,1
19,64,5.0,1
50,335,5.0,1
21,136,5.657577319177790,1
10,296,5.0,1
16,252,5.0,1
54,258,5.0,1
35,111,5.0,1
18,76,5.0,1
20,175,5.0,1
66,170,6.0,1
35,153,5.0,1
65,18,5.0,1
30,29,5.0,1
22,175,7.823908740944320,1
8,148,5.0,1
45,318,5.0,1
12,134,5.0,1
0,75,5.958607314841780,1
12,247,5.853871964321760,1
10,123,6.468521082957750,1
23,395,5.0,1
55,309,5.0,1
15,54,5.0,1
17,147,5.0,1
66,65,5.853871964321760,1
12,366,5.0,1
61,89,5.0,1
63,418,6.619788758288390,1
21,420,5.0,1
64,297,5.055517327849830,1
56,155,6.6020599913279600,1
22,40,5.0,1
1,287,5.0,1
18,417,6.0,1
61,325,5.0,1
64,58,5.0,1
38,74,5.0,1
0,266,5.0,1
36,70,5.0,1
36,107,5.721246399047170,1
53,435,5.0,1
0,191,5.6020599913279600,1
19,45,5.0,1
65,16,7.161150909262740,1
17,186,5.0,1
35,47,5.0,1
27,265,5.0,1
61,357,5.0,1
29,233,6.356547323513810,1
36,72,5.0,1
24,249,5.0,1
39,50,5.0,1
13,301,5.0,1
66,13,7.431798275933010,1
38,400,5.0,1
65,202,6.376750709602100,1
16,140,5.0,1
30,28,5.0,1
15,12,7.698970004336020,1
45,20,5.619788758288390,1
61,218,5.0,1
0,304,5.920818753952380,1
55,86,5.0,1
45,236,5.0,1
10,314,5.0,1
53,319,5.0,1
44,205,6.585026652029180,1
1,163,8.387216143280270,1
20,243,5.251811972993800,1
26,121,8.853871964321760,1
61,64,5.0,1
27,341,5.0,1
52,193,5.0,1
2,386,7.638272163982410,1
12,212,5.0,1
15,274,5.0,1
19,268,5.0,1
36,177,5.508638306165730,1
52,332,5.0,1
40,69,5.0,1
26,89,6.366531544420410,1
6,223,5.0,1
56,12,8.537602002101040,1
62,24,5.0,1
53,210,5.638272163982410,1
67,214,5.0,1
55,98,5.0,1
31,64,5.0,1
22,220,5.7447274948966900,1
11,282,5.0,1
52,40,5.0,1
60,431,5.0,1
22,3,6.6020599913279600,1
16,69,5.0,1
37,304,5.0,1
19,367,5.508638306165730,1
35,324,6.142667503568730,1
6,354,5.0,1
45,98,5.0,1
5,70,7.638272163982410,1
36,98,5.7447274948966900,1
34,85,5.045757490560680,1
17,357,5.494850021680090,1
38,41,5.0,1
49,5,5.657577319177790,1
54,22,5.0,1
29,133,5.6020599913279600,1
2,207,7.0,1
33,9,5.0,1
24,89,5.0,1
47,347,5.0,1
56,181,6.2076083105017500,1
45,353,5.0,1
28,432,5.0,1
26,237,5.0,1
33,148,5.0,1
42,65,5.0,1
45,249,5.0,1
34,360,5.0,1
27,79,5.0,1
31,209,9.0,1
35,66,5.0,1
25,242,5.0,1
39,283,5.0,1
55,161,7.102372908709560,1
62,399,5.0,1
22,278,5.0,1
7,344,6.494850021680090,1
29,406,5.0,1
4,189,6.619788758288390,1
49,149,5.0,1
61,27,5.0,1
64,16,5.721246399047170,1
57,380,7.318758762624410,1
28,222,5.6020599913279600,1
7,165,5.0,1
0,5,5.0,1
14,234,5.0,1
53,80,6.443697499232710,1
32,235,5.0,1
1,401,5.0,1
23,53,5.0,1
10,47,5.0,1
13,118,5.0,1
31,439,9.2839966563652,1
30,295,5.0,1
29,231,5.920818753952380,1
55,273,5.0,1
34,348,5.0,1
10,240,5.585026652029180,1
41,291,5.0,1
7,351,5.0,1
8,152,5.0,1
32,128,5.0,1
47,259,6.327902142064280,1
32,161,8.05551732784983,1
35,125,5.0,1
58,20,5.366531544420410,1
1,97,5.0,1
20,320,5.0,1
55,284,6.431798275933010,1
3,124,5.0,1
28,43,6.107905397309520,1
41,438,5.0,1
12,331,5.0,1
43,163,5.4089353929735000,1
32,267,5.0,1
45,130,5.0,1
4,425,5.0,1
18,102,8.721246399047170,1
42,320,7.795880017344080,1
53,149,7.468521082957750,1
41,134,5.0,1
13,49,5.0,1
34,159,5.0,1
53,147,5.721246399047170,1
50,378,5.0,1
53,200,9.167491087293760,1
19,34,5.0,1
48,340,7.958607314841780,1
28,280,5.0,1
43,61,5.0,1
32,56,5.0,1
5,328,6.060480747381380,1
52,137,5.0,1
33,145,5.0,1
23,238,5.0,1
38,212,5.0,1
23,289,5.0,1
30,258,5.0,1
47,104,5.0,1
43,214,5.0,1
67,289,5.0,1
39,31,5.0,1
50,69,5.0,1
3,384,5.0,1
3,435,5.0,1
23,169,5.0,1
26,354,5.0,1
43,60,5.0,1
64,307,5.0,1
25,81,5.0,1
11,338,5.0,1
48,36,5.0,1
22,19,5.0,1
14,427,5.0,1
1,175,5.0,1
55,226,5.0,1
39,403,5.769551078621730,1
12,93,5.0,1
55,75,6.309803919971490,1
9,214,5.552841968657780,1
29,39,5.455931955649720,1
18,276,5.0,1
13,13,5.0,1
21,8,7.180456064458130,1
3,396,5.0,1
58,66,5.0,1
54,53,5.0,1
66,95,5.0,1
67,415,5.0,1
30,30,5.0,1
7,427,5.0,1
27,424,5.0,1
11,125,5.0,1
8,279,5.0,1
66,138,5.0,1
60,324,5.0,1
65,300,5.0,1
65,1,7.886056647693160,1
12,246,5.0,1
16,65,5.0,1
10,298,6.698970004336020,1
4,263,5.0,1
19,11,6.958607314841780,1
2,92,7.013228265733760,1
64,414,5.0,1
0,127,5.0,1
46,165,5.0,1
57,395,7.769551078621730,1
9,51,5.0,1
1,248,5.0,1
13,11,5.0,1
40,224,6.366531544420410,1
40,101,5.0,1
5,304,5.657577319177790,1
52,286,5.0,1
49,435,5.0,1
31,320,6.455931955649720,1
28,208,5.481486060122110,1
11,430,8.301029995663980,1
16,365,6.346787486224660,1
61,219,5.0,1
8,19,5.0,1
57,75,5.0,1
1,176,5.0,1
10,37,7.2839966563652000,1
32,343,5.0,1
40,64,5.0,1
56,190,7.886056647693160,1
11,286,5.0,1
49,292,5.5376020021010400,1
30,398,5.0,1
45,224,5.0,1
19,431,5.0,1
13,326,5.0,1
64,338,5.0,1
2,128,6.3979400086720400,1
54,147,5.0,1
40,13,9.05551732784983,1
20,354,5.0,1
4,303,5.0,1
36,283,5.0,1
32,263,5.0,1
34,28,5.0,1
49,6,5.958607314841780,1
40,336,5.0,1
66,132,5.0,1
2,25,5.0,1
34,128,6.376750709602100,1
10,313,5.0,1
34,244,6.136677139879540,1
58,28,7.568636235841010,1
42,32,5.0,1
25,186,5.0,1
60,19,5.0,1
62,412,5.0,1
21,318,5.0,1
22,261,5.0,1
46,95,5.0,1
19,341,5.0,1
65,425,5.0,1
27,377,5.0,1
51,14,5.0,1
9,182,5.0,1
46,242,5.0,1
57,66,5.0,1
13,86,5.0,1
12,213,5.0,1
56,387,10.065501548756400,1
31,369,7.2076083105017500,1
29,29,6.356547323513810,1
35,291,5.0,1
14,355,5.376750709602100,1
46,371,5.0,1
60,416,5.7447274948966900,1
10,383,5.0,1
42,24,5.0,1
22,392,5.0,1
18,105,5.0,1
42,182,5.0,1
2,314,5.0,1
56,432,5.795880017344080,1
37,156,5.161150909262740,1
47,439,7.173925197299170,1
56,34,7.769551078621730,1
41,362,5.823908740944320,1
61,208,5.0,1
12,257,5.0,1
29,38,8.017728766960430,1
64,151,5.0,1
23,214,5.886056647693160,1
44,90,5.4089353929735000,1
32,29,5.0,1
66,105,5.0,1
35,438,5.0,1
28,297,7.568636235841010,1
6,259,5.0,1
43,3,5.301029995663980,1
22,133,7.920818753952380,1
21,109,5.0,1
61,25,5.0,1
26,239,5.0,1
11,169,5.0,1
31,163,8.853871964321760,1
62,46,5.0,1
36,37,6.2076083105017500,1
7,216,5.0,1
8,97,5.0,1
37,252,5.0,1
29,111,6.4089353929735000,1
34,10,5.886056647693160,1
13,259,5.0,1
27,333,5.0,1
54,120,5.0,1
61,281,5.0,1
3,144,5.0,1
43,95,5.0,1
28,174,6.142667503568730,1
25,342,5.0,1
0,132,5.0,1
5,400,5.5376020021010400,1
30,223,5.0,1
9,109,5.0,1
28,117,5.0,1
56,381,8.494850021680090,1
62,255,5.0,1
24,188,5.0,1
33,269,5.0,1
34,320,5.0,1
25,404,5.0,1
39,197,6.346787486224660,1
32,352,5.0,1
45,343,5.0,1
51,2,5.0,1
46,33,5.0,1
47,257,5.0,1
54,34,5.0,1
34,167,5.886056647693160,1
22,333,5.0,1
11,53,5.0,1
28,142,5.0,1
25,300,5.0,1
5,85,5.0,1
47,342,5.0,1
59,313,6.522878745280340,1
62,349,5.0,1
34,205,5.0,1
41,42,5.2076083105017500,1
1,365,5.0,1
15,428,5.0,1
0,108,5.2839966563652000,1
4,118,9.920818753952380,1
19,319,5.0,1
5,92,5.0,1
64,283,5.0,1
16,431,5.0,1
25,196,5.0,1
53,354,5.0,1
59,433,5.0,1
14,71,5.0,1
25,308,5.0,1
4,320,5.0,1
55,406,5.0,1
4,195,5.0,1
38,304,5.0,1
12,189,5.0,1
66,396,6.0915149811213500,1
59,145,5.0,1
29,263,5.0,1
10,168,8.886056647693160,1
31,217,6.309803919971490,1
28,163,7.886056647693160,1
55,154,5.229147988357860,1
40,382,5.958607314841780,1
44,294,5.0,1
31,224,8.221848749616360,1
3,93,5.0,1
7,254,5.0,1
8,212,5.0,1
45,121,5.0,1
22,337,5.0,1
31,94,6.013228265733760,1
32,193,5.0,1
57,39,7.187086643357140,1
35,433,5.0,1
12,373,5.0,1
40,51,5.0,1
43,288,5.853871964321760,1
28,258,7.318758762624410,1
37,357,5.0,1
49,231,5.0,1
18,100,5.0,1
41,286,5.0,1
17,282,6.585026652029180,1
15,363,7.008773924307510,1
61,249,5.0,1
0,378,5.0,1
43,62,5.0,1
27,237,5.0,1
36,5,5.0,1
13,89,5.0,1
50,140,5.318758762624410,1
59,319,6.6020599913279600,1
55,380,5.0,1
57,148,6.356547323513810,1
20,266,5.0,1
2,54,5.0,1
26,300,5.0,1
5,287,5.0,1
60,207,5.455931955649720,1
14,80,5.0,1
9,62,6.0,1
67,185,5.0,1
62,272,5.0,1
52,250,5.42021640338319,1
56,187,6.958607314841780,1
47,332,6.180456064458130,1
3,187,5.0,1
36,437,6.022276394711150,1
10,431,6.1487416512809200,1
25,40,5.0,1
64,413,5.0,1
47,295,6.481486060122110,1
13,330,5.0,1
26,308,5.0,1
30,227,5.0,1
59,325,5.7447274948966900,1
46,204,5.0,1
52,2,5.0,1
35,319,5.0,1
47,405,5.795880017344080,1
62,142,5.0,1
39,340,5.0,1
24,62,5.0,1
34,172,5.0,1
57,72,5.0,1
9,357,6.853871964321760,1
11,403,5.0,1
43,81,5.585026652029180,1
41,115,5.0,1
51,247,8.4089353929735,1
39,290,5.0,1
62,235,5.0,1
30,269,5.0,1
12,348,5.0,1
40,24,5.0,1
38,198,5.0,1
54,276,5.0,1
26,387,5.337242168318430,1
39,59,5.0,1
60,427,6.568636235841010,1
56,301,6.096910013008060,1
14,325,5.0,1
58,230,5.0,1
3,133,5.0,1
30,7,5.0,1
19,23,5.0,1
52,369,5.0,1
66,222,5.853871964321760,1
17,422,5.0,1
36,125,5.0,1
54,441,5.0,1
40,38,5.0,1
67,392,5.0,1
37,124,5.0,1
19,324,5.0,1
64,379,5.0,1
36,432,5.337242168318430,1
30,149,5.0,1
48,349,5.0,1
55,153,5.376750709602100,1
59,288,5.0,1
16,323,5.0,1
22,336,5.0,1
30,6,5.0,1
7,272,5.0,1
55,409,7.167491087293760,1
58,198,6.552841968657780,1
2,374,5.0,1
15,201,7.008773924307510,1
57,300,5.886056647693160,1
41,401,6.337242168318430,1
0,49,5.0,1
16,289,5.0,1
34,191,5.0,1
67,414,5.0,1
52,46,5.0,1
13,227,5.0,1
38,86,5.0,1
3,366,5.0,1
33,112,5.0,1
36,374,5.0,1
58,238,6.200659450546420,1
53,160,8.214670164989230,1
12,237,5.0,1
49,82,5.0,1
10,41,5.0,1
22,127,9.0,1
36,247,6.251811972993800,1
17,227,6.1938200260161100,1
11,389,5.795880017344080,1
15,438,5.0,1
11,221,5.0,1
24,54,5.0,1
56,257,7.376750709602100,1
11,142,5.0,1
62,322,5.0,1
45,49,5.0,1
55,181,5.0,1
30,125,5.0,1
67,192,5.0,1
10,12,8.443697499232710,1
25,239,5.0,1
63,370,5.0,1
49,341,5.0,1
53,391,5.3979400086720400,1
52,17,5.0,1
22,412,5.0,1
67,87,5.0,1
22,359,5.0,1
18,48,5.0,1
8,273,5.0,1
41,147,5.0,1
50,223,5.0,1
51,85,5.0,1
47,369,5.0,1
55,88,5.0,1
52,338,5.0,1
15,386,7.657577319177790,1
37,0,5.0,1
43,208,5.0,1
30,139,5.259637310505760,1
33,293,5.0,1
61,74,5.5376020021010400,1
60,10,7.267606240177030,1
1,258,5.0,1
41,100,6.00436480540245,1
44,166,6.2441251443275100,1
24,162,5.0,1
59,231,5.0,1
16,305,5.0,1
10,328,5.0,1
44,185,5.0,1
28,27,6.075720713938120,1
5,41,6.346787486224660,1
3,299,5.0,1
55,415,5.0,1
11,72,5.0,1
0,13,5.0,1
17,303,5.0,1
1,342,5.0,1
57,382,5.721246399047170,1
35,259,5.0,1
6,437,5.568636235841010,1
62,172,5.366531544420410,1
4,406,5.0,1
29,281,5.958607314841780,1
51,37,5.0,1
42,114,5.0,1
15,328,5.0,1
48,271,5.0,1
7,29,5.0,1
63,37,6.6777807052660800,1
51,441,5.0,1
56,356,7.552841968657780,1
56,49,6.6777807052660800,1
27,225,5.0,1
34,144,5.0,1
21,381,5.920818753952380,1
17,293,5.0,1
8,62,6.4089353929735000,1
64,150,5.0,1
19,139,5.0,1
24,283,5.0,1
54,50,5.0,1
3,44,5.0,1
18,141,5.0,1
25,69,5.0,1
55,233,5.0,1
30,25,5.0,1
26,353,5.0,1
28,327,5.431798275933010,1
54,202,5.0,1
47,406,6.443697499232710,1
20,380,5.7447274948966900,1
39,250,5.0,1
55,162,8.346787486224660,1
60,165,5.698970004336020,1
40,433,7.2441251443275100,1
14,351,5.0,1
0,65,5.0,1
15,73,5.0,1
35,260,5.0,1
52,304,5.42021640338319,1
43,147,5.0,1
65,166,6.769551078621730,1
60,224,5.886056647693160,1
15,424,5.0,1
62,220,5.0,1
0,205,5.0,1
44,194,5.431798275933010,1
18,369,5.0,1
54,403,5.0,1
28,30,5.853871964321760,1
63,401,6.537602002101040,1
9,176,5.0,1
43,440,7.3872161432802600,1
66,186,6.769551078621730,1
50,265,5.0,1
2,357,8.366531544420410,1
11,132,5.0,1
8,265,5.0,1
20,44,5.0,1
44,116,6.013228265733760,1
8,57,5.0,1
35,345,5.0,1
58,266,5.0,1
20,364,5.0,1
34,267,5.0,1
56,64,6.721246399047170,1
36,106,5.0,1
2,123,5.6777807052660800,1
28,260,6.795880017344080,1
17,141,5.0,1
0,342,5.0,1
46,272,5.0,1
5,218,5.0,1
59,62,5.0,1
18,64,6.698970004336020,1
36,146,5.0,1
38,93,5.0,1
16,108,5.0,1
38,28,5.0,1
0,82,6.795880017344080,1
40,156,8.619788758288390,1
23,34,5.0,1
2,382,5.0,1
1,10,5.0,1
50,232,5.0,1
53,208,6.070581074285710,1
38,113,8.638272163982410,1
9,367,5.0,1
17,253,5.0,1
13,275,5.0,1
57,358,8.236572006437060,1
10,282,5.657577319177790,1
66,393,7.920818753952380,1
24,137,5.0,1
24,413,5.0,1
48,235,5.0,1
11,133,5.0,1
14,214,5.721246399047170,1
44,410,5.657577319177790,1
42,199,5.0,1
64,324,5.0,1
40,205,8.795880017344080,1
52,57,5.0,1
12,432,5.0,1
49,107,5.2076083105017500,1
6,418,5.0,1
63,429,6.508638306165730,1
12,25,5.0,1
51,424,5.0,1
16,200,5.0,1
9,146,5.0,1
51,135,5.0,1
63,440,5.552841968657780,1
51,227,5.0,1
54,60,5.0,1
50,50,5.0,1
57,174,5.0,1
26,320,5.0,1
6,399,5.0,1
4,96,5.0,1
36,148,5.0,1
12,430,5.886056647693160,1
45,294,5.920818753952380,1
28,97,5.468521082957750,1
60,111,5.0,1
28,116,5.167491087293760,1
41,307,5.0,1
21,144,5.6020599913279600,1
12,232,5.0,1
60,384,7.4089353929735000,1
57,52,6.356547323513810,1
61,398,5.0,1
16,22,5.0,1
1,71,5.0,1
25,75,5.0,1
66,148,6.6777807052660800,1
21,87,5.0,1
5,358,5.0,1
16,166,5.5376020021010400,1
22,137,8.886056647693160,1
0,357,5.721246399047170,1
28,261,5.6777807052660800,1
12,59,5.0,1
58,372,5.0,1
33,57,5.0,1
21,26,5.0,1
26,193,5.0,1
54,47,5.0,1
36,198,5.301029995663980,1
28,186,5.886056647693160,1
2,33,5.096910013008060,1
66,59,6.036212172654440,1
22,380,5.920818753952380,1
23,75,5.0,1
6,400,5.0,1
65,266,5.0,1
9,151,5.0,1
50,116,5.769551078621730,1
65,223,5.0,1
48,43,5.0,1
50,184,5.0,1
58,395,8.494850021680090,1
51,317,5.0,1
55,92,5.0,1
22,14,8.2518119729938,1
28,267,6.060480747381380,1
57,20,5.0,1
12,156,5.0,1
0,173,5.4089353929735000,1
48,85,5.0,1
37,426,5.0,1
11,155,6.221848749616360,1
61,11,5.0,1
23,362,5.0,1
21,351,5.0,1
52,207,5.0,1
44,280,5.0,1
39,101,5.0,1
35,67,5.0,1
10,109,5.0,1
8,189,5.0,1
29,230,5.0,1
50,3,5.0,1
45,296,5.0,1
7,142,5.0,1
5,366,5.920818753952380,1
25,163,5.0,1
1,333,5.0,1
31,102,6.292429823902060,1
48,391,5.920818753952380,1
33,355,5.0,1
7,135,5.0,1
38,211,5.0,1
40,98,5.0,1
48,5,5.0,1
0,61,5.0,1
18,53,5.0,1
24,201,5.7447274948966900,1
39,120,5.0,1
67,374,5.0,1
45,272,5.0,1
8,257,5.0,1
6,378,5.0,1
6,392,5.0,1
32,258,5.853871964321760,1
47,308,5.0,1
8,342,5.0,1
18,290,5.0,1
14,185,5.0,1
9,231,5.0,1
66,56,5.0,1
46,326,5.0,1
58,135,5.721246399047170,1
50,88,7.431798275933010,1
61,300,5.0,1
41,351,5.585026652029180,1
37,120,5.0,1
61,405,5.0,1
10,176,6.2839966563652000,1
32,310,5.0,1
61,297,8.619788758288390,1
26,59,5.0,1
24,432,5.0,1
56,336,6.698970004336020,1
4,330,5.0,1
30,230,5.0,1
1,123,5.0,1
8,245,5.0,1
29,7,7.619788758288390,1
13,10,5.0,1
67,227,5.0,1
62,414,6.920818753952380,1
63,357,8.065501548756430,1
22,349,5.0,1
37,290,5.0,1
51,304,5.0,1
39,142,5.0,1
51,148,5.0,1
57,363,5.0,1
42,376,5.0,1
43,72,5.0,1
24,227,5.0,1
4,6,6.301029995663980,1
30,9,5.0,1
22,264,7.886056647693160,1
16,213,5.0,1
6,338,7.795880017344080,1
12,155,5.0,1
49,145,5.0,1
17,416,7.958607314841780,1
24,302,5.0,1
30,190,5.0,1
62,240,5.0,1
21,172,5.0,1
64,440,5.0,1
51,284,5.0,1
38,59,5.0,1
7,361,5.356547323513810,1
4,46,5.0,1
29,367,6.6020599913279600,1
43,415,5.958607314841780,1
25,284,5.0,1
37,276,5.0,1
14,160,6.136677139879540,1
29,220,5.0,1
1,226,5.0,1
55,85,5.0,1
38,260,7.236572006437060,1
39,144,5.0,1
9,70,5.2076083105017500,1
48,316,5.0,1
42,118,5.0,1
63,430,5.698970004336020,1
8,313,5.0,1
8,283,5.0,1
39,141,5.0,1
52,392,5.0,1
50,56,5.0,1
46,239,5.0,1
17,85,9.0,1
58,399,5.886056647693160,1
10,139,9.113509274827520,1
5,389,5.0,1
60,83,5.698970004336020,1
27,45,5.481486060122110,1
24,328,5.0,1
51,302,5.0,1
44,298,7.107905397309520,1
21,404,5.508638306165730,1
25,409,5.0,1
22,399,6.552841968657780,1
43,190,5.0,1
28,49,7.113509274827520,1
48,97,5.0,1
63,75,6.455931955649720,1
52,355,5.0,1
41,81,6.3872161432802600,1
40,283,5.0,1
53,386,6.337242168318430,1
1,285,5.0,1
18,360,5.0,1
47,78,5.0,1
21,324,5.0,1
42,7,5.0,1
58,426,5.142667503568730,1
12,222,5.0,1
20,177,6.142667503568730,1
54,284,5.0,1
57,294,6.823908740944320,1
26,341,5.0,1
47,143,5.0,1
27,415,5.0,1
29,309,5.0,1
10,146,5.0,1
1,385,5.0,1
29,210,5.920818753952380,1
27,213,5.0,1
34,364,5.0,1
67,423,5.0,1
49,215,6.537602002101040,1
3,235,5.0,1
10,371,5.0,1
52,16,5.0,1
64,169,5.0,1
10,205,6.366531544420410,1
25,413,5.0,1
13,1,5.0,1
15,238,5.508638306165730,1
11,8,6.346787486224660,1
67,231,5.0,1
59,15,5.0,1
45,82,5.0,1
61,432,5.0,1
25,110,5.0,1
12,225,5.0,1
48,186,5.0,1
19,290,6.113509274827520,1
1,328,5.0,1
40,182,5.0,1
64,192,5.0,1
16,211,6.080921907623930,1
38,244,6.3979400086720400,1
37,334,5.0,1
10,21,5.0,1
46,400,5.0,1
23,374,5.0,1
58,260,6.508638306165730,1
23,404,5.0,1
5,330,5.0,1
54,439,5.0,1
14,213,5.0,1
61,55,5.0,1
11,391,5.0,1
19,423,5.0,1
65,139,6.795880017344080,1
47,185,7.1487416512809200,1
22,20,5.0,1
27,27,5.0,1
53,425,6.119186407719210,1
27,261,5.0,1
62,82,5.0,1
62,327,5.0,1
34,223,5.0,1
30,168,5.0,1
40,74,5.0,1
31,373,7.552841968657780,1
48,347,5.0,1
52,252,5.769551078621730,1
33,6,5.0,1
33,181,5.0,1
64,441,5.0,1
61,406,5.0,1
67,143,5.0,1
58,9,7.4089353929735000,1
51,95,5.0,1
67,305,5.0,1
42,157,5.0,1
8,211,5.0,1
24,303,5.0,1
32,151,5.0,1
4,223,5.0,1
40,243,5.0,1
59,296,5.0,1
51,25,5.0,1
32,256,5.0,1
53,82,5.0,1
31,410,6.200659450546420,1
30,384,5.0,1
63,185,5.0,1
29,410,5.958607314841780,1
22,144,5.0,1
23,425,5.0,1
51,420,5.0,1
5,436,5.0,1
0,23,5.0,1
33,63,5.0,1
24,380,5.0,1
58,332,6.468521082957750,1
35,387,5.0,1
58,27,8.958607314841780,1
32,366,5.0,1
25,304,5.0,1
42,46,5.0,1
54,313,5.0,1
19,433,5.0,1
17,328,5.0,1
26,95,5.0,1
56,337,6.040958607678910,1
3,400,5.0,1
55,13,6.180456064458130,1
0,368,5.0,1
31,404,7.7447274948966900,1
58,393,5.5376020021010400,1
36,370,5.0,1
49,253,5.0,1
7,291,5.0,1
52,202,5.0,1
57,408,5.0,1
14,23,5.468521082957750,1
64,302,5.0,1
59,212,5.0,1
54,179,5.0,1
34,105,5.0,1
7,160,5.522878745280340,1
33,117,5.0,1
51,29,5.0,1
39,303,5.0,1
56,295,7.017728766960430,1
10,22,5.0,1
34,383,5.0,1
51,20,5.0,1
28,243,5.958607314841780,1
5,262,5.0,1
47,35,6.958607314841780,1
53,321,5.0,1
27,262,5.0,1
15,160,5.0,1
47,135,5.0,1
11,19,5.0,1
19,171,7.013228265733760,1
55,219,5.0,1
1,428,5.0,1
67,370,5.0,1
10,265,6.309803919971490,1
46,24,5.0,1
58,425,5.721246399047170,1
27,328,6.42021640338319,1
48,361,6.187086643357140,1
7,243,5.0,1
42,116,5.0,1
40,131,5.0,1
43,433,5.0,1
20,66,5.958607314841780,1
37,115,6.0,1
55,276,5.0,1
63,45,5.0,1
20,38,5.5376020021010400,1
66,371,6.698970004336020,1
42,96,5.619788758288390,1
17,164,5.0,1
65,178,5.0,1
23,234,5.0,1
17,143,5.0,1
46,41,5.0,1
9,174,5.0,1
41,175,5.0,1
13,110,5.0,1
52,271,5.0,1
4,149,5.0,1
25,343,5.0,1
53,280,5.0,1
66,398,6.2839966563652000,1
54,101,5.0,1
62,156,5.0,1
47,99,5.0,1
51,150,5.0,1
56,166,7.346787486224660,1
45,386,6.619788758288390,1
34,176,5.0,1
64,1,5.0,1
58,25,5.0,1
1,180,5.0,1
31,346,8.050609993355090,1
63,5,6.3979400086720400,1
55,20,5.0,1
39,241,6.721246399047170,1
64,6,5.0,1
52,180,5.0,1
27,234,5.0,1
18,6,5.481486060122110,1
46,343,5.0,1
9,90,5.0,1
54,30,5.0,1
65,177,5.0,1
25,187,5.0,1
4,16,5.0,1
42,353,5.0,1
49,143,5.0,1
59,99,5.0,1
37,214,5.958607314841780,1
8,252,5.0,1
24,75,5.0,1
55,410,5.6777807052660800,1
49,256,5.0,1
33,100,5.0,1
17,142,5.0,1
40,180,6.6777807052660800,1
61,110,5.0,1
19,61,5.0,1
38,180,7.031517051446070,1
3,338,5.0,1
46,166,5.0,1
45,269,5.0,1
44,305,6.119186407719210,1
36,410,5.721246399047170,1
38,418,5.0,1
27,282,5.0,1
58,72,5.0,1
13,243,5.0,1
50,357,5.0,1
63,60,5.0,1
43,105,5.0,1
6,414,6.795880017344080,1
65,239,5.0,1
37,146,5.0,1
49,281,5.0,1
14,27,5.113509274827520,1
14,376,5.0,1
29,372,5.721246399047170,1
11,280,5.0,1
25,307,5.0,1
39,100,5.0,1
34,182,5.0,1
26,338,5.0,1
61,275,5.0,1
51,160,5.0,1
34,252,5.0,1
19,151,6.823908740944320,1
17,342,5.0,1
56,348,7.795880017344080,1
62,261,5.0,1
67,362,5.0,1
35,23,5.0,1
28,420,5.0,1
22,265,5.0,1
55,400,6.161150909262740,1
40,338,5.0,1
39,254,5.0,1
18,277,5.0,1
6,19,5.0,1
60,138,5.0,1
33,428,5.0,1
61,364,5.0,1
54,80,5.0,1
54,28,5.0,1
9,123,5.823908740944320,1
67,121,5.0,1
23,121,5.0,1
12,207,6.070581074285710,1
57,248,7.5376020021010400,1
3,326,5.0,1
39,161,5.0,1
59,222,5.0,1
3,112,5.0,1
29,311,5.0,1
7,46,5.0,1
14,327,5.0,1
25,395,5.0,1
9,189,5.0,1
1,284,5.0,1
46,315,8.148741651280930,1
46,56,5.0,1
30,242,5.0,1
16,294,5.0,1
51,239,5.0,1
26,88,5.494850021680090,1
49,332,5.0,1
32,403,6.585026652029180,1
3,193,5.0,1
13,348,5.0,1
51,392,5.0,1
13,162,5.0,1
45,30,5.0,1
16,160,6.6777807052660800,1
46,118,5.0,1
36,91,5.0,1
41,173,5.0,1
63,25,5.0,1
30,331,5.0,1
31,133,5.2839966563652000,1
27,15,7.6777807052660800,1
38,268,5.0,1
40,299,5.0,1
4,184,5.0,1
0,201,5.0,1
62,432,5.0,1
24,226,5.0,1
35,45,5.7447274948966900,1
13,238,6.431798275933010,1
59,305,5.0,1
27,75,5.0,1
51,241,5.0,1
57,9,6.619788758288390,1
46,427,5.0,1
29,404,6.886056647693160,1
67,360,5.0,1
4,434,5.0,1
15,52,5.0,1
1,303,5.0,1
36,386,6.657577319177790,1
20,194,5.0,1
30,402,5.0,1
6,108,5.0,1
50,220,5.0,1
10,28,5.4089353929735000,1
46,137,5.795880017344080,1
35,306,5.0,1
50,437,5.0,1
25,331,5.0,1
56,15,7.657577319177790,1
48,389,5.0,1
21,184,5.0,1
64,252,5.0,1
61,0,5.0,1
14,342,5.0,1
57,403,6.6777807052660800,1
9,183,5.0,1
7,231,5.0,1
0,319,5.0,1
21,265,5.0,1
27,183,5.0,1
9,36,8.356547323513810,1
1,339,5.0,1
52,160,5.522878745280340,1
8,31,5.0,1
3,369,5.0,1
40,230,5.0,1
47,147,5.795880017344080,1
27,406,5.0,1
46,149,5.0,1
31,73,6.309803919971490,1
55,239,5.0,1
0,112,5.0,1
37,183,5.0,1
63,126,6.075720713938120,1
46,329,5.0,1
25,208,5.0,1
2,286,7.886056647693160,1
60,62,5.0,1
10,125,5.638272163982410,1
11,225,5.0,1
18,160,5.0,1
22,33,5.0,1
54,67,5.0,1
28,53,5.0,1
38,107,6.468521082957750,1
11,353,5.0,1
10,334,5.259637310505760,1
27,51,5.0,1
38,34,5.0,1
43,256,5.0,1
1,187,5.0,1
64,211,5.0,1
27,211,5.0,1
13,361,5.0,1
54,368,5.0,1
34,72,5.0,1
0,383,5.292429823902060,1
51,250,5.0,1
38,241,7.200659450546420,1
26,192,5.0,1
1,286,5.0,1
27,81,5.0,1
18,285,8.142667503568730,1
11,45,5.0,1
18,244,5.431798275933010,1
6,82,5.0,1
0,207,5.0,1
43,378,5.0,1
24,158,5.0,1
33,111,5.0,1
14,232,5.0,1
66,280,5.0,1
13,203,5.0,1
15,407,5.769551078621730,1
1,437,5.0,1
11,144,5.0,1
9,360,5.0,1
22,331,5.0,1
46,158,5.585026652029180,1
32,306,5.0,1
1,223,5.0,1
46,180,5.0,1
35,97,5.0,1
48,315,5.0,1
0,302,5.6777807052660800,1
36,373,6.161150909262740,1
57,313,5.0,1
17,55,5.0,1
67,126,5.0,1
61,76,5.0,1
55,417,5.200659450546420,1
9,233,5.0,1
38,295,5.0,1
53,143,5.0,1
51,226,5.0,1
41,363,5.0,1
15,75,5.0,1
28,73,5.0,1
11,424,5.0,1
53,165,7.301029995663980,1
44,338,7.154901959985740,1
20,198,5.0,1
6,406,5.366531544420410,1
17,35,5.0,1
7,268,5.200659450546420,1
33,199,5.0,1
16,288,5.0,1
21,106,5.468521082957750,1
15,161,5.0,1
48,414,5.0,1
37,143,5.0,1
65,354,5.0,1
14,113,9.585026652029180,1
54,62,5.0,1
42,82,5.229147988357860,1
60,172,5.585026652029180,1
20,321,5.0,1
59,71,5.0,1
26,3,5.327902142064280,1
45,347,5.0,1
38,238,7.585026652029180,1
23,152,5.0,1
34,14,5.958607314841780,1
33,103,5.0,1
23,98,5.0,1
36,409,5.853871964321760,1
64,110,5.0,1
28,411,5.0,1
63,134,5.251811972993800,1
19,238,6.455931955649720,1
57,272,5.0,1
25,49,5.0,1
43,321,5.920818753952380,1
31,36,8.387216143280270,1
10,331,6.455931955649720,1
36,299,6.721246399047170,1
33,274,5.0,1
16,152,5.0,1
44,356,8.397940008672040,1
35,386,5.0,1
64,45,5.0,1
37,61,5.0,1
42,83,5.0,1
3,195,5.0,1
67,38,5.0,1
60,280,6.823908740944320,1
30,84,5.0,1
13,21,5.0,1
55,351,5.0,1
48,48,5.0,1
63,115,5.0,1
34,339,5.0,1
33,113,5.0,1
66,157,7.200659450546420,1
49,129,5.0,1
57,130,6.017728766960430,1
16,3,5.494850021680090,1
61,47,5.0,1
36,273,5.0,1
36,24,6.022276394711150,1
3,298,5.0,1
1,30,5.0,1
56,341,8.318758762624410,1
64,434,5.0,1
45,362,6.585026652029180,1
40,440,6.522878745280340,1
57,247,5.327902142064280,1
55,113,5.0,1
39,383,5.0,1
17,154,5.0,1
16,441,5.376750709602100,1
67,405,5.0,1
16,338,7.221848749616360,1
60,174,5.0,1
22,38,5.0,1
64,395,5.0,1
17,148,5.0,1
7,382,5.0,1
2,208,6.327902142064280,1
45,325,5.0,1
5,336,5.0,1
29,222,5.0,1
14,241,7.221848749616360,1
35,302,5.0,1
32,412,5.0,1
30,93,5.0,1
29,109,6.7447274948966900,1
21,366,5.0,1
18,159,5.0,1
44,426,5.0,1
62,20,5.0,1
62,70,5.0,1
8,384,5.0,1
50,242,5.0,1
38,407,5.0,1
49,146,5.0,1
34,415,5.0,1
25,387,5.0,1
59,194,6.161150909262740,1
23,178,5.0,1
64,14,5.0,1
52,275,5.0,1
33,337,5.0,1
58,423,6.318758762624410,1
25,325,5.0,1
34,36,7.585026652029180,1
58,64,5.0,1
39,344,5.0,1
28,209,5.6777807052660800,1
23,127,5.0,1
55,125,5.508638306165730,1
43,37,5.0,1
26,429,5.0,1
65,46,6.795880017344080,1
10,89,6.958607314841780,1
20,119,5.0,1
30,13,5.0,1
19,157,7.161150909262740,1
63,183,6.130768280269020,1
61,233,5.0,1
26,317,5.0,1
63,441,5.0,1
61,348,5.0,1
38,11,5.0,1
9,407,5.0,1
33,338,5.0,1
15,58,5.0,1
8,402,5.0,1
0,137,5.0,1
35,80,5.0,1
46,176,5.958607314841780,1
18,295,5.0,1
48,115,5.0,1
17,18,6.481486060122110,1
52,348,5.0,1
57,302,5.0,1
10,243,5.0,1
46,437,5.0,1
35,321,5.0,1
46,58,5.0,1
15,78,5.0,1
38,398,5.0,1
25,227,5.0,1
33,37,5.0,1
13,368,5.0,1
13,215,5.0,1
29,262,5.958607314841780,1
15,138,5.522878745280340,1
9,379,5.0,1
51,192,5.0,1
37,314,5.0,1
38,263,5.0,1
54,218,5.0,1
38,338,5.0,1
67,7,5.0,1
4,80,5.0,1
62,318,5.0,1
59,234,5.0,1
62,311,5.0,1
64,389,5.259637310505760,1
63,402,6.366531544420410,1
16,358,5.0,1
42,94,5.5376020021010400,1
55,78,5.0,1
51,371,5.0,1
48,179,5.0,1
19,175,5.481486060122110,1
57,333,5.886056647693160,1
65,175,6.443697499232710,1
1,251,5.585026652029180,1
37,382,5.0,1
25,350,5.0,1
3,355,5.0,1
1,90,5.0,1
20,370,5.0,1
59,312,7.142667503568730,1
22,248,5.585026652029180,1
53,53,6.455931955649720,1
47,58,5.0,1
5,68,8.481486060122110,1
33,317,5.0,1
58,167,5.853871964321760,1
35,24,5.0,1
63,279,5.060480747381380,1
12,231,5.0,1
47,438,5.036212172654440,1
23,357,5.0,1
66,298,7.823908740944320,1
18,109,5.0,1
65,72,5.0,1
16,433,5.0,1
28,82,5.0,1
49,374,6.920818753952380,1
62,89,5.0,1
12,112,5.0,1
55,133,5.522878745280340,1
28,434,5.0,1
35,408,5.0,1
27,98,5.0,1
1,62,5.0,1
67,157,8.017728766960430,1
0,363,5.0,1
30,82,5.0,1
51,353,5.0,1
55,145,5.0,1
17,64,5.0,1
60,71,5.0,1
4,255,5.0,1
52,421,5.0,1
9,432,5.0,1
53,307,5.0,1
63,328,5.0,1
47,97,7.2076083105017500,1
54,323,5.0,1
22,299,5.0,1
1,363,5.568636235841010,1
39,368,5.0,1
48,51,5.346787486224660,1
58,440,5.0,1
14,58,5.0,1
6,242,5.0,1
26,108,5.42021640338319,1
31,402,6.301029995663980,1
14,135,5.0,1
12,210,6.1938200260161100,1
19,396,5.0,1
53,140,5.0,1
63,181,5.008773924307510,1
19,230,5.0,1
3,432,5.0,1
49,38,6.6777807052660800,1
63,136,5.769551078621730,1
60,350,5.0,1
24,211,5.0,1
6,216,6.00436480540245,1
8,420,5.0,1
1,242,5.0,1
1,429,5.0,1
40,384,8.187086643357140,1
0,87,5.337242168318430,1
61,326,5.0,1
53,152,6.102372908709560,1
7,190,5.0,1
7,194,5.0,1
60,335,6.552841968657780,1
22,350,5.0,1
46,123,5.0,1
17,387,5.0,1
43,377,5.0,1
44,273,5.0,1
48,217,5.0,1
63,62,6.585026652029180,1
16,171,5.376750709602100,1
2,226,7.0,1
57,181,6.301029995663980,1
53,236,6.522878745280340,1
29,46,5.0,1
55,76,5.0,1
21,191,5.0,1
27,178,5.0,1
58,89,5.0,1
25,364,5.0,1
31,214,8.244125144327510,1
13,414,5.0,1
65,31,5.0,1
25,354,5.0,1
8,157,5.0,1
60,162,7.886056647693160,1
59,34,5.0,1
64,173,5.0,1
9,204,7.468521082957750,1
12,399,5.356547323513810,1
19,125,5.0,1
61,247,5.0,1
39,191,5.0,1
55,431,5.0,1
2,194,5.0,1
8,368,5.0,1
14,331,5.0,1
5,50,5.0,1
6,51,5.0,1
44,130,6.6777807052660800,1
50,164,5.0,1
35,20,5.0,1
38,79,5.0,1
62,274,5.0,1
41,432,5.0,1
8,430,5.0,1
22,209,5.0,1
1,42,5.0,1
58,191,7.113509274827520,1
55,346,5.0,1
63,56,5.0,1
15,93,5.0,1
11,175,5.568636235841010,1
38,226,6.657577319177790,1
62,77,5.0,1
38,14,5.0,1
22,196,5.0,1
0,423,5.0,1
59,199,5.0,1
30,145,5.0,1
31,411,6.958607314841780,1
8,225,5.0,1
3,263,5.0,1
61,95,5.0,1
0,352,5.0,1
2,239,5.657577319177790,1
7,277,5.0,1
27,159,5.0,1
46,3,5.0,1
44,192,5.0,1
31,413,8.267606240177030,1
53,32,5.0,1
56,111,6.6020599913279600,1
50,284,7.920818753952380,1
11,289,5.0,1
46,23,5.0,1
49,327,5.0,1
66,71,5.0,1
12,425,5.0,1
22,140,6.214670164989230,1
11,200,7.443697499232710,1
52,69,6.130768280269020,1
37,418,5.0,1
20,109,6.795880017344080,1
6,302,5.0,1
53,412,6.568636235841010,1
7,259,5.0,1
54,405,5.0,1
30,300,5.0,1
48,98,5.096910013008060,1
0,106,6.337242168318430,1
12,431,5.0,1
43,366,5.0,1
19,156,6.721246399047170,1
48,252,5.0,1
30,312,5.0,1
4,161,5.0,1
15,212,5.0,1
50,356,5.0,1
51,73,5.0,1
10,186,7.275724130399210,1
32,432,5.0,1
11,320,5.0,1
50,341,5.0,1
16,320,5.0,1
44,137,5.045757490560680,1
17,233,5.0,1
1,107,5.0,1
47,284,5.0,1
25,359,5.0,1
4,265,5.0,1
17,28,5.0,1
46,10,5.0,1
39,231,5.0,1
31,382,6.920818753952380,1
8,44,5.0,1
41,194,5.568636235841010,1
39,140,5.0,1
51,343,5.0,1
67,274,5.0,1
46,159,5.769551078621730,1
56,120,9.455931955649720,1
15,291,5.0,1
57,387,6.823908740944320,1
35,187,5.0,1
14,255,5.0,1
43,386,5.292429823902060,1
47,255,7.958607314841780,1
22,157,8.42021640338319,1
9,198,5.0,1
13,148,5.0,1
3,368,5.0,1
34,215,5.0,1
63,298,6.508638306165730,1
27,324,5.0,1
60,167,7.42021640338319,1
34,17,5.0,1
25,366,5.0,1
9,326,5.0,1
26,283,5.0,1
22,391,5.0,1
31,361,8.113509274827520,1
51,334,5.0,1
62,297,5.0,1
44,43,6.173925197299170,1
27,301,5.0,1
45,172,5.0,1
39,148,5.0,1
36,26,5.356547323513810,1
60,392,7.0,1
27,212,5.0,1
15,258,5.366531544420410,1
48,281,5.0,1
45,29,5.0,1
19,112,5.0,1
30,416,5.0,1
56,10,7.958607314841780,1
14,147,5.0,1
3,116,5.0,1
35,99,5.0,1
59,115,5.0655015487564300,1
49,141,5.0,1
52,44,5.886056647693160,1
31,399,8.022276394711150,1
17,49,8.853871964321760,1
40,408,6.568636235841010,1
13,87,5.0,1
19,262,6.267606240177030,1
60,343,5.0,1
56,215,8.508638306165730,1
7,208,5.0,1
27,0,5.0,1
8,346,5.0,1
23,202,5.0,1
7,60,5.0,1
61,276,5.0,1
9,315,5.0,1
0,197,5.0,1
48,28,5.0,1
67,125,5.0,1
14,424,5.0,1
51,320,5.0,1
41,13,5.920818753952380,1
32,102,7.236572006437060,1
36,438,5.7447274948966900,1
57,298,10.1249387366083,1
38,416,5.0,1
33,143,5.0,1
32,110,5.0,1
11,103,5.0,1
8,133,5.0,1
67,12,5.0,1
6,48,5.0,1
51,217,5.0,1
48,121,5.0,1
43,416,5.0,1
65,275,5.0,1
39,372,5.0,1
0,208,5.958607314841780,1
29,256,5.0,1
7,62,5.0,1
22,322,5.0,1
13,14,5.0,1
25,215,5.0,1
34,240,5.0,1
18,91,5.0,1
8,23,5.0,1
35,360,5.769551078621730,1
59,118,5.823908740944320,1
10,272,5.0,1
53,30,6.795880017344080,1
36,141,5.0,1
18,143,5.0,1
17,60,5.0,1
23,166,5.0,1
3,87,5.0,1
59,297,5.0,1
37,11,5.0,1
43,191,5.0,1
43,158,5.886056647693160,1
56,22,5.0,1
60,37,6.795880017344080,1
38,378,5.0,1
46,402,5.0,1
1,389,5.0,1
4,141,5.0,1
67,266,5.0,1
18,42,5.0,1
39,74,5.0,1
65,125,6.638272163982410,1
11,412,5.0,1
9,120,5.0,1
21,166,5.698970004336020,1
35,150,5.0,1
66,205,8.200659450546420,1
39,297,6.7447274948966900,1
32,86,5.0,1
63,293,5.481486060122110,1
29,50,5.853871964321760,1
47,123,7.142667503568730,1
49,11,5.0,1
11,158,5.0,1
27,101,5.0,1
1,274,5.0,1
19,375,5.251811972993800,1
51,103,5.0,1
44,15,7.161150909262740,1
60,281,5.356547323513810,1
53,254,5.0,1
44,53,5.251811972993800,1
46,432,5.0,1
37,40,5.0,1
25,56,5.0,1
13,174,5.0,1
2,267,5.0,1
41,148,5.721246399047170,1
58,107,5.5376020021010400,1
37,326,5.0,1
26,408,5.0,1
12,70,5.0,1
30,265,5.0,1
12,157,6.096910013008060,1
48,146,7.055517327849830,1
64,52,5.0,1
49,40,5.0,1
18,343,5.0,1
34,60,5.0,1
62,12,5.657577319177790,1
60,218,6.301029995663980,1
29,202,6.619788758288390,1
59,248,5.0,1
10,425,5.346787486224660,1
3,158,5.0,1
5,361,5.0,1
39,45,6.2441251443275100,1
43,86,5.0,1
27,355,5.0,1
34,422,5.0,1
57,94,6.795880017344080,1
0,360,5.275724130399210,1
11,332,5.0,1
27,245,5.0,1
12,415,5.0,1
22,205,8.67778070526608,1
5,364,5.0,1
50,68,5.0,1
37,98,5.0,1
7,183,5.0,1
44,164,5.017728766960430,1
55,405,5.0,1
54,43,5.0,1
35,73,5.0,1
50,269,5.0,1
17,439,7.102372908709560,1
3,66,7.221848749616360,1
64,127,5.0,1
35,203,5.886056647693160,1
15,325,5.0,1
13,355,5.0,1
1,283,5.0,1
40,60,5.0,1
28,151,5.455931955649720,1
67,132,5.0,1
1,94,5.0,1
61,217,5.0,1
39,32,5.0,1
54,71,5.0,1
30,0,5.0,1
20,286,5.0,1
22,186,5.853871964321760,1
36,97,6.050609993355090,1
29,409,6.522878745280340,1
49,51,6.920818753952380,1
28,45,5.0,1
31,34,7.795880017344080,1
12,64,5.292429823902060,1
38,424,5.0,1
8,52,5.0,1
19,402,5.0,1
57,320,5.0,1
38,340,5.0,1
43,391,5.0,1
44,264,5.0,1
60,192,6.309803919971490,1
4,272,5.0,1
38,149,6.292429823902060,1
67,308,5.0,1
42,264,5.0,1
42,271,5.0,1
35,289,5.0,1
62,96,5.0,1
1,390,5.0,1
28,441,5.0,1
36,182,5.229147988357860,1
33,253,5.0,1
23,394,5.0,1
13,137,5.0,1
30,114,9.036212172654440,1
53,230,5.0,1
31,118,6.251811972993800,1
24,363,5.0,1
31,55,8.05551732784983,1
50,249,5.0,1
59,69,5.0,1
46,183,5.0,1
61,152,5.0,1
28,155,5.0,1
18,235,5.0,1
58,207,5.920818753952380,1
44,225,5.0,1
33,364,5.0,1
5,359,5.0,1
24,395,5.0,1
23,28,5.0,1
58,95,5.552841968657780,1
53,97,6.3979400086720400,1
6,292,5.0,1
65,440,5.292429823902060,1
43,280,5.0,1
40,430,6.161150909262740,1
37,47,5.0,1
27,133,5.0,1
54,105,5.0,1
23,318,5.0,1
51,244,5.0,1
54,90,5.0,1
39,419,6.221848749616360,1
65,225,5.522878745280340,1
2,140,5.0,1
22,353,5.0,1
50,414,5.0,1
16,256,5.0,1
59,48,5.920818753952380,1
52,336,5.0,1
34,277,5.0,1
15,117,6.0655015487564300,1
31,229,7.366531544420410,1
3,219,5.0,1
17,403,5.638272163982410,1
51,213,5.0,1
11,396,7.585026652029180,1
9,178,5.6020599913279600,1
63,306,5.0,1
24,319,5.0,1
63,46,5.0,1
51,335,5.0,1
29,186,6.468521082957750,1
26,163,5.522878745280340,1
14,12,7.161150909262740,1
52,358,5.0,1
23,116,5.0,1
19,430,7.167491087293760,1
34,352,5.698970004336020,1
32,278,5.0,1
17,61,5.0,1
39,60,5.0,1
50,138,5.0,1
6,59,5.823908740944320,1
32,124,5.0,1
6,179,5.0,1
4,61,5.0,1
4,209,5.0,1
37,369,5.0,1
45,75,5.0,1
31,56,7.585026652029180,1
34,288,5.0,1
65,61,5.0,1
50,291,5.0,1
9,128,5.0,1
36,161,7.958607314841780,1
62,388,5.0,1
10,394,5.0,1
3,302,7.2076083105017500,1
17,276,5.0,1
9,330,5.0,1
10,224,7.267606240177030,1
9,225,5.0,1
6,424,5.443697499232710,1
27,412,5.0,1
14,352,5.0,1
41,153,5.2839966563652000,1
54,319,5.0,1
7,347,5.0,1
50,59,5.0,1
50,154,5.0,1
8,248,5.0,1
65,389,7.154901959985740,1
30,97,5.0,1
22,432,5.0,1
9,325,5.0,1
20,100,5.0,1
5,167,5.0,1
66,20,5.0,1
55,35,6.356547323513810,1
18,421,5.0,1
19,68,5.5376020021010400,1
43,116,5.0,1
64,0,5.0,1
34,112,5.0,1
29,328,5.0,1
10,332,5.5376020021010400,1
47,431,5.0,1
6,296,5.0,1
30,201,5.0,1
21,254,5.0,1
53,167,5.585026652029180,1
53,292,5.0,1
55,334,5.0,1
19,30,7.102372908709560,1
18,186,5.0,1
9,332,5.0,1
15,403,5.301029995663980,1
34,293,5.0,1
19,144,5.0,1
47,20,5.0,1
13,25,5.0,1
9,260,5.0,1
61,229,6.107905397309520,1
52,79,5.4089353929735000,1
32,435,6.568636235841010,1
14,95,5.0,1
28,300,5.0,1
60,136,5.6777807052660800,1
47,150,6.698970004336020,1
14,177,5.0,1
29,364,6.886056647693160,1
13,123,5.0,1
5,376,5.366531544420410,1
17,402,5.267606240177030,1
65,357,5.0,1
47,392,5.0,1
23,254,5.0,1
63,313,5.0,1
26,284,5.0,1
32,223,5.0,1
45,55,5.0,1
13,230,5.0,1
38,279,5.0,1
9,416,5.0,1
38,362,5.0,1
51,144,5.0,1
40,72,5.0,1
50,230,5.0,1
65,302,5.0,1
15,384,5.0,1
38,4,5.0,1
9,40,5.0,1
57,225,5.318758762624410,1
43,335,5.0,1
67,83,5.0,1
30,24,5.0,1
61,174,5.0,1
16,349,5.958607314841780,1
54,390,5.0,1
22,308,5.0,1
1,208,5.0,1
7,341,5.0,1
22,427,5.0,1
44,181,5.0,1
67,383,5.0,1
35,362,5.0,1
57,145,5.00436480540245,1
15,308,5.0,1
27,50,5.0,1
13,124,5.0,1
20,213,5.0,1
29,271,5.958607314841780,1
5,179,5.698970004336020,1
66,119,5.0,1
1,19,5.0,1
1,432,5.0,1
45,125,5.0,1
14,439,6.154901959985740,1
53,396,8.086186147616280,1
16,20,5.0,1
6,42,5.0,1
56,372,6.050609993355090,1
49,311,5.0,1
7,428,5.0,1
25,249,5.0,1
37,99,5.0,1
0,25,5.5376020021010400,1
46,85,5.0,1
33,160,5.0,1
48,256,5.0,1
51,5,5.0,1
58,391,5.318758762624410,1
38,247,5.376750709602100,1
64,131,5.0,1
63,30,5.251811972993800,1
24,393,5.0,1
12,258,5.0,1
11,284,5.0,1
20,408,5.0,1
43,110,5.0,1
5,396,6.346787486224660,1
18,324,5.0,1
49,303,5.0,1
28,416,5.0,1
62,360,5.0,1
47,226,6.173925197299170,1
14,340,5.0,1
6,304,5.0,1
52,117,5.0,1
32,189,5.0,1
37,373,5.0,1
51,30,5.0,1
53,225,5.0,1
55,251,6.886056647693160,1
35,285,5.0,1
4,108,5.0,1
56,26,6.769551078621730,1
21,291,5.0,1
42,112,5.0,1
6,157,8.236572006437060,1
11,3,5.0,1
64,174,5.0,1
5,299,5.0,1
19,328,5.0,1
13,283,5.0,1
49,298,5.0,1
11,251,5.0,1
56,282,6.657577319177790,1
22,309,5.0,1
2,242,5.0,1
17,184,5.0,1
63,340,5.0,1
49,170,6.136677139879540,1
45,40,5.0,1
67,13,5.0,1
54,268,5.0,1
27,219,5.0,1
13,122,5.0,1
56,292,9.244125144327510,1
61,75,5.0,1
34,83,5.0,1
36,81,6.0655015487564300,1
58,415,8.698970004336020,1
47,245,6.552841968657780,1
56,224,5.552841968657780,1
63,364,6.522878745280340,1
44,361,5.0,1
25,403,5.0,1
8,71,5.0,1
54,48,5.0,1
59,227,5.0,1
35,114,5.0,1
40,248,6.221848749616360,1
12,272,5.0,1
40,385,7.585026652029180,1
2,255,5.3979400086720400,1
67,277,5.0,1
52,303,6.161150909262740,1
14,187,5.0,1
19,65,5.0,1
27,274,5.0,1
27,411,5.0,1
58,136,6.1249387366083,1
8,26,5.0,1
3,100,5.585026652029180,1
56,441,7.356547323513810,1
7,337,8.397940008672040,1
48,101,5.0,1
18,171,5.0,1
4,106,5.0,1
41,206,5.0,1
65,326,5.0,1
49,404,5.769551078621730,1
6,165,6.769551078621730,1
5,162,5.0,1
0,273,5.0,1
61,266,5.0,1
62,295,5.0,1
47,282,5.0,1
32,379,5.0,1
12,324,5.0,1
28,136,5.568636235841010,1
34,273,5.0,1
47,249,5.0,1
9,180,5.0,1
4,145,5.0,1
26,251,5.920818753952380,1
13,52,5.0,1
1,114,5.0,1
12,7,5.251811972993800,1
53,362,5.920818753952380,1
2,410,7.721246399047170,1
24,403,5.031517051446070,1
65,258,5.0,1
54,325,5.0,1
0,206,5.0,1
10,208,5.0,1
7,118,5.318758762624410,1
10,384,7.522878745280340,1
67,234,5.0,1
47,374,5.42021640338319,1
51,299,5.0,1
43,254,5.0,1
45,105,5.0,1
32,237,5.0,1
53,211,5.0,1
15,220,5.0,1
31,37,7.455931955649720,1
12,250,5.0,1
11,128,5.0,1
51,206,5.0,1
31,314,6.187086643357140,1
4,433,5.0,1
11,50,5.0,1
51,81,5.0,1
32,63,7.42021640338319,1
41,244,5.886056647693160,1
9,323,5.0,1
67,175,5.0,1
3,409,5.0,1
24,113,5.0,1
11,141,5.0,1
5,423,5.0,1
60,260,5.0,1
35,230,5.0,1
46,441,5.0,1
20,409,5.0,1
26,81,5.0,1
25,115,5.0,1
59,178,5.0,1
17,362,5.0,1
56,408,5.0,1
52,417,5.0,1
51,149,5.0,1
27,318,5.0,1
10,387,6.657577319177790,1
55,377,5.0,1
28,385,6.3979400086720400,1
54,437,5.0,1
35,418,5.0,1
64,387,5.0,1
6,341,5.0,1
58,338,9.031517051446060,1
38,423,5.318758762624410,1
32,52,5.0,1
63,348,5.0,1
50,282,7.6020599913279600,1
46,92,5.0,1
47,140,6.221848749616360,1
3,111,5.267606240177030,1
41,349,5.0,1
9,132,5.0,1
8,361,5.0,1
21,269,5.0,1
13,103,5.0,1
8,10,5.0,1
29,334,6.619788758288390,1
27,435,5.0,1
36,277,5.0,1
56,43,6.769551078621730,1
32,396,5.0,1
32,353,5.0,1
29,273,5.0,1
7,439,6.318758762624410,1
39,225,5.0,1
66,254,5.638272163982410,1
61,253,5.0,1
55,77,5.0,1
14,394,5.0,1
28,1,6.431798275933010,1
35,174,5.0,1
19,320,5.0,1
59,228,5.0,1
66,337,5.0,1
52,400,5.853871964321760,1
25,401,5.0,1
47,133,6.4089353929735000,1
21,53,5.0,1
46,135,5.0,1
24,10,5.0,1
30,182,5.0,1
39,71,5.0,1
8,134,5.0,1
30,142,5.0,1
17,100,5.0,1
28,354,5.0,1
49,158,5.0,1
25,67,5.0,1
11,272,5.0,1
46,110,5.42021640338319,1
14,401,5.0,1
24,82,5.0,1
43,316,5.0,1
28,70,5.0,1
44,390,5.0,1
18,299,5.0,1
29,15,7.1249387366083,1
66,66,5.0,1
38,311,5.0,1
63,379,5.0,1
61,279,5.0,1
56,147,7.6777807052660800,1
10,308,5.0,1
13,84,5.0,1
38,147,5.0,1
2,409,9.537602002101040,1
67,315,5.0,1
48,73,5.0,1
62,192,5.0,1
15,152,7.455931955649720,1
4,148,5.0,1
31,127,6.795880017344080,1
10,428,6.346787486224660,1
57,282,5.0,1
17,230,5.0,1
33,403,5.0,1
38,439,7.795880017344080,1
12,433,5.0,1
27,152,5.0,1
38,321,5.0,1
31,358,8.327902142064280,1
63,427,5.0,1
7,177,5.5376020021010400,1
16,198,5.0,1
47,190,7.958607314841780,1
0,213,5.0,1
31,234,7.309803919971490,1
42,189,5.0,1
45,102,7.2441251443275100,1
13,437,5.0,1
23,334,5.0,1
11,89,5.0,1
8,237,5.0,1
67,165,6.481486060122110,1
8,195,5.0,1
12,407,5.0,1
23,295,5.0,1
38,342,5.0,1
52,217,5.0,1
26,198,5.769551078621730,1
2,96,5.0,1
45,116,5.0,1
23,256,5.0,1
40,90,5.0,1
56,61,5.0,1
56,219,6.6777807052660800,1
5,17,5.721246399047170,1
18,194,5.0,1
40,360,5.0,1
37,245,5.0,1
15,333,5.0,1
33,278,5.0,1
52,232,5.0,1
19,211,5.0,1
1,397,5.0,1
16,183,6.107905397309520,1
46,198,5.7447274948966900,1
24,337,5.0,1
37,341,5.0,1
56,129,7.022276394711150,1
58,40,6.769551078621730,1
14,386,5.7447274948966900,1
13,422,5.0,1
67,324,5.0,1
36,328,5.0,1
28,162,7.698970004336020,1
15,267,5.0,1
39,310,5.0,1
41,411,5.0,1
42,17,5.0,1
18,45,5.0,1
59,251,6.142667503568730,1
61,414,5.0,1
30,111,5.0,1
37,384,5.0,1
50,159,5.0,1
36,183,5.0,1
40,347,5.0,1
64,332,5.0,1
59,366,5.0,1
17,280,5.0,1
64,37,5.0,1
56,137,6.6777807052660800,1
26,258,5.0,1
38,414,5.0,1
64,375,5.0,1
47,3,5.0,1
52,41,5.0,1
60,309,5.0,1
42,115,5.0,1
21,389,6.154901959985740,1
27,107,5.275724130399210,1
44,17,8.397940008672040,1
28,109,5.0,1
41,182,6.3979400086720400,1
38,372,5.0,1
49,228,5.0,1
44,188,5.0,1
49,156,5.0,1
45,251,5.0,1
44,201,5.795880017344080,1
24,346,6.00436480540245,1
67,268,5.0,1
10,210,9.229147988357860,1
14,358,5.0,1
52,73,5.0,1
1,260,5.0,1
50,337,5.0,1
12,287,5.0,1
38,176,5.0,1
59,83,6.886056647693160,1
52,256,5.0,1
54,184,5.0,1
29,218,5.508638306165730,1
31,200,6.823908740944320,1
31,17,7.1249387366083,1
55,158,7.886056647693160,1
3,222,5.0,1
15,276,5.0,1
49,17,5.0,1
41,201,5.366531544420410,1
19,369,6.229147988357860,1
23,292,5.0,1
47,239,7.0,1
8,43,5.0,1
56,98,9.0,1
43,48,5.0,1
31,324,7.7447274948966900,1
21,280,5.0,1
12,68,5.0,1
20,270,5.0,1
66,35,6.376750709602100,1
49,116,5.0,1
34,399,5.0,1
4,282,5.0,1
61,23,5.0,1
12,179,6.251811972993800,1
47,43,6.7447274948966900,1
47,166,7.167491087293760,1
62,121,5.0,1
44,309,6.698970004336020,1
57,3,6.050609993355090,1
13,16,5.0,1
36,369,6.585026652029180,1
26,230,5.0,1
0,35,5.0,1
3,106,5.0,1
66,212,5.0,1
58,111,5.0,1
60,368,6.221848749616360,1
39,188,5.0,1
39,307,5.0,1
23,217,5.0,1
37,328,5.0,1
52,11,5.0,1
28,309,5.0,1
60,113,5.2076083105017500,1
19,355,7.1487416512809200,1
52,174,7.431798275933010,1
37,227,5.0,1
20,182,6.167491087293760,1
9,30,5.823908740944320,1
56,383,8.468521082957750,1
8,292,5.0,1
14,15,7.522878745280340,1
57,206,9.55284196865778,1
64,36,5.0,1
33,358,5.0,1
63,412,5.0,1
43,11,5.0,1
40,192,5.0,1
41,439,7.107905397309520,1
34,107,6.721246399047170,1
9,31,5.0,1
26,52,5.0,1
20,195,5.0,1
32,57,5.0,1
47,87,5.0,1
64,288,5.0,1
30,46,5.0,1
47,198,7.327902142064280,1
7,219,5.0,1
20,313,5.0,1
36,275,5.0,1
50,428,5.0,1
66,329,5.0,1
41,312,5.0,1
62,238,5.0,1
17,364,5.0,1
2,359,5.0,1
52,365,5.0,1
2,388,5.0,1
28,259,5.0,1
45,404,5.0,1
28,355,8.036212172654440,1
28,169,7.0915149811213500,1
3,123,5.0,1
3,177,5.0,1
16,62,6.376750709602100,1
24,88,5.0,1
15,35,5.494850021680090,1
41,36,6.522878745280340,1
51,49,5.0,1
31,42,5.823908740944320,1
16,348,5.0,1
56,281,6.853871964321760,1
31,4,5.119186407719210,1
50,180,5.0,1
14,154,5.0,1
47,367,6.251811972993800,1
58,412,5.0,1
46,213,5.0,1
52,112,5.0,1
41,214,6.537602002101040,1
1,57,5.0,1
62,256,5.0,1
40,85,7.221848749616360,1
36,20,5.0,1
64,275,5.0,1
12,403,6.142667503568730,1
37,303,5.0,1
37,34,5.0,1
64,397,5.0,1
20,111,5.0,1
32,378,5.0,1
31,344,7.853871964321760,1
44,299,5.0,1
19,107,6.080921907623930,1
7,353,5.0,1
15,245,6.431798275933010,1
18,58,5.0,1
2,164,9.130768280269020,1
35,378,5.0,1
62,76,5.0,1
28,48,5.0,1
50,27,5.0,1
59,84,5.0,1
62,339,5.698970004336020,1
26,100,5.0,1
50,322,5.0,1
50,33,5.0,1
62,219,5.0,1
14,343,5.0,1
7,47,5.0,1
57,23,5.0,1
29,282,5.0,1
4,388,5.0,1
4,374,5.0,1
6,308,5.0,1
62,93,5.0,1
24,257,5.0,1
11,123,5.0,1
39,227,5.0,1
49,300,5.0,1
15,165,8.366531544420410,1
11,428,5.0,1
56,141,5.075720713938120,1
39,240,5.0,1
10,124,6.200659450546420,1
11,88,5.0,1
5,417,5.0,1
65,121,7.958607314841780,1
8,80,5.0,1
31,384,7.086186147616280,1
21,72,5.0,1
66,177,6.102372908709560,1
30,278,5.0,1
45,194,5.0,1
14,365,5.0,1
14,198,5.958607314841780,1
42,352,5.0,1
47,187,5.958607314841780,1
25,332,5.0,1
39,164,5.0,1
32,286,5.0,1
44,218,6.251811972993800,1
33,430,5.0,1
39,271,5.0,1
0,84,5.0,1
32,195,5.0,1
43,148,5.0,1
43,245,5.0,1
17,103,8.494850021680090,1
59,229,5.0,1
20,302,5.309803919971490,1
53,256,5.0,1
44,23,5.455931955649720,1
46,259,5.0,1
55,119,5.0,1
22,90,5.0,1
38,323,5.0,1
26,348,5.0,1
4,4,6.236572006437060,1
31,359,8.045757490560680,1
58,181,6.455931955649720,1
54,97,5.0,1
1,25,5.0,1
37,41,5.0,1
67,321,5.0,1
18,232,5.0,1
62,3,5.0,1
1,353,5.0,1
18,41,5.0,1
9,317,5.0,1
62,317,5.0,1
20,348,6.769551078621730,1
21,344,5.0,1
45,413,6.508638306165730,1
31,300,8.2518119729938,1
11,94,5.0,1
35,5,6.958607314841780,1
35,68,5.0,1
29,407,5.0,1
38,379,5.0,1
18,356,6.619788758288390,1
62,143,5.0,1
17,59,5.0,1
5,339,6.229147988357860,1
35,17,5.0,1
24,72,5.0,1
11,43,5.0,1
42,355,5.0,1
7,223,5.0,1
28,17,6.4089353929735000,1
19,187,5.0,1
12,328,5.0,1
66,144,5.0,1
10,31,5.229147988357860,1
18,60,5.0,1
62,88,5.0,1
58,86,5.0,1
57,288,5.0,1
22,154,5.795880017344080,1
41,18,5.0,1
56,205,7.823908740944320,1
1,266,5.0,1
45,196,5.161150909262740,1
25,174,5.0,1
23,409,5.0,1
0,50,5.0,1
50,295,5.0,1
62,185,5.0,1
5,106,5.0,1
47,152,7.136677139879540,1
13,235,5.0,1
65,428,5.0,1
20,386,5.508638306165730,1
0,333,6.229147988357860,1
47,21,5.0,1
1,120,5.0,1
47,230,5.0,1
50,5,5.0,1
22,233,5.0,1
51,414,5.0,1
62,105,5.920818753952380,1
53,84,8.443697499232710,1
62,420,5.0,1
3,370,5.0,1
30,5,5.0,1
29,234,5.886056647693160,1
65,247,5.3872161432802600,1
35,351,5.0,1
45,310,5.0,1
59,195,5.0,1
24,144,5.0,1
53,376,6.585026652029180,1
38,415,6.167491087293760,1
59,391,5.2839966563652000,1
59,151,5.0,1
43,78,5.0,1
36,128,5.0,1
5,55,5.795880017344080,1
46,384,5.0,1
16,362,5.795880017344080,1
47,183,5.886056647693160,1
64,153,5.0,1
64,427,5.0,1
58,115,5.795880017344080,1
49,361,5.698970004336020,1
37,51,5.0,1
33,420,5.0,1
49,430,5.0,1
2,87,5.0,1
10,339,5.795880017344080,1
38,228,6.481486060122110,1
54,157,5.0,1
36,142,5.0,1
25,183,5.0,1
41,163,6.327902142064280,1
9,200,7.769551078621730,1
43,354,6.769551078621730,1
11,164,5.0,1
15,305,5.0,1
0,411,5.0,1
23,54,5.0,1
18,301,5.0,1
14,345,5.0,1
47,323,5.0,1
62,395,5.0,1
40,154,7.337242168318430,1
60,389,7.1249387366083,1
14,84,5.0,1
24,110,5.0,1
55,316,5.0,1
13,28,5.0,1
22,53,5.0,1
25,298,5.0,1
62,404,5.0,1
3,31,5.0,1
9,149,5.0,1
15,262,5.346787486224660,1
56,311,5.0,1
11,433,5.0,1
5,140,5.301029995663980,1
5,103,5.0,1
15,189,5.0,1
29,113,5.1487416512809200,1
39,138,5.0,1
14,357,5.0,1
28,111,5.0,1
47,96,7.259637310505760,1
3,406,5.0,1
41,365,5.0,1
54,209,5.0,1
29,413,7.552841968657780,1
31,313,7.309803919971490,1
42,135,5.0,1
1,73,5.0,1
25,225,5.0,1
35,21,5.0,1
56,8,7.2839966563652000,1
28,423,5.958607314841780,1
37,383,5.0,1
4,239,5.0,1
0,34,5.0,1
8,360,5.0,1
1,228,5.6020599913279600,1
61,191,5.0,1
63,81,5.0,1
48,23,5.0,1
35,118,5.886056647693160,1
45,37,5.0,1
14,226,6.481486060122110,1
15,62,5.0,1
58,221,5.366531544420410,1
36,333,7.823908740944320,1
11,52,5.0,1
1,351,5.0,1
52,278,5.0,1
61,145,5.0,1
9,203,5.337242168318430,1
64,65,5.0,1
64,378,5.0,1
24,197,5.0,1
53,409,5.2441251443275100,1
14,68,5.0,1
60,141,5.0,1
26,246,5.0,1
41,225,5.7447274948966900,1
5,198,5.0,1
50,327,5.0,1
20,201,5.0,1
0,220,5.0,1
32,301,5.0,1
18,73,5.0,1
4,126,5.0,1
66,378,6.638272163982410,1
25,66,5.0,1
8,59,5.0,1
0,297,5.0,1
47,189,8.013228265733760,1
51,290,5.0,1
18,154,5.0,1
34,131,6.0,1
40,257,5.958607314841780,1
0,275,5.0,1
59,342,5.0,1
44,315,6.7447274948966900,1
16,332,5.0,1
3,32,5.0,1
31,297,6.455931955649720,1
44,396,6.301029995663980,1
21,22,5.721246399047170,1
60,282,5.0,1
60,396,5.0,1
18,85,5.0,1
26,34,5.0,1
4,396,5.0,1
8,314,5.0,1
6,163,6.698970004336020,1
59,19,5.0,1
14,118,9.585026652029180,1
29,138,5.0,1
20,308,5.0,1
43,296,5.0,1
12,229,6.080921907623930,1
47,383,5.0,1
18,415,5.0,1
5,109,7.113509274827520,1
30,237,5.0,1
20,86,5.0,1
38,292,5.1249387366083,1
7,239,5.0,1
29,211,5.0,1
35,128,5.0,1
16,176,5.0,1
57,299,5.455931955649720,1
50,121,5.494850021680090,1
30,280,5.0,1
29,116,5.0,1
54,295,5.0,1
10,60,6.080921907623930,1
8,320,5.0,1
19,244,5.7447274948966900,1
30,67,5.0,1
34,270,5.0,1
27,298,7.853871964321760,1
39,145,5.0,1
35,414,5.0,1
24,343,7.795880017344080,1
60,3,6.251811972993800,1
0,182,6.259637310505760,1
23,140,5.0,1
48,216,5.013228265733760,1
42,312,8.823908740944320,1
7,168,6.7447274948966900,1
50,99,5.0,1
18,420,5.0,1
7,39,5.0,1
57,78,8.0,1
27,108,5.0,1
56,254,7.2839966563652000,1
0,200,5.0,1
11,195,5.0,1
32,229,6.040958607678910,1
37,243,5.0,1
47,429,8.148741651280930,1
4,387,5.0,1
38,273,5.0,1
0,58,6.0915149811213500,1
27,375,5.0,1
63,104,6.721246399047170,1
8,70,6.167491087293760,1
40,333,5.0,1
40,424,6.366531544420410,1
25,264,5.0,1
24,237,5.0,1
38,164,5.0,1
33,270,5.0,1
59,136,5.0,1
46,347,5.0,1
7,318,5.0,1
23,348,5.0,1
42,289,5.0,1
62,31,5.0,1
44,352,5.0,1
64,321,5.0,1
31,374,5.619788758288390,1
49,50,6.327902142064280,1
19,318,5.0,1
39,93,5.0,1
5,143,5.0,1
29,35,7.055517327849830,1
59,215,5.0,1
20,21,5.0,1
31,309,5.309803919971490,1
13,199,5.0,1
57,111,6.167491087293760,1
18,261,5.0,1
45,276,5.0,1
21,235,5.0,1
5,413,5.0,1
33,236,5.0,1
20,275,5.0,1
6,270,5.0,1
8,372,5.0,1
8,301,5.0,1
57,309,5.0,1
5,235,5.0,1
17,132,9.619788758288390,1
24,436,5.0,1
15,367,5.0,1
43,68,5.0,1
15,340,5.0,1
6,439,6.568636235841010,1
8,428,5.0,1
0,109,8.67778070526608,1
9,19,5.0,1
14,242,5.0,1
61,316,5.0,1
49,282,5.0,1
51,140,5.0,1
30,411,5.0,1
62,308,5.0,1
11,207,7.920818753952380,1
60,316,5.0,1
66,425,6.301029995663980,1
12,377,5.0,1
65,25,5.0,1
3,29,5.0,1
4,67,5.0,1
41,376,5.0,1
67,85,5.0,1
28,226,7.187086643357140,1
16,17,6.356547323513810,1
49,147,5.6020599913279600,1
17,149,5.0,1
27,172,5.0,1
5,43,5.0,1
51,323,5.0,1
32,335,5.0,1
43,246,5.0,1
43,397,5.5376020021010400,1
67,195,5.0,1
42,388,5.0,1
59,318,7.096910013008060,1
56,437,7.2839966563652000,1
5,437,5.0,1
21,42,5.0,1
49,328,5.0,1
3,190,5.0,1
19,257,5.0,1
39,346,5.0,1
17,421,5.0,1
27,156,5.619788758288390,1
15,335,5.0,1
1,3,5.0,1
26,333,5.0,1
67,328,5.0,1
35,419,5.0,1
58,38,5.721246399047170,1
35,163,5.0,1
34,434,5.0,1
63,235,5.309803919971490,1
3,132,5.0,1
56,365,7.958607314841780,1
31,423,6.180456064458130,1
13,356,5.0,1
16,273,5.0,1
27,65,5.0,1
19,161,8.443697499232710,1
28,250,5.0,1
38,363,5.0,1
38,235,5.0,1
24,238,5.0,1
0,116,5.0,1
39,392,5.0,1
67,166,5.7447274948966900,1
34,376,5.0,1
24,77,5.0,1
64,39,5.508638306165730,1
25,250,5.0,1
5,13,5.795880017344080,1
11,199,5.0,1
52,81,5.958607314841780,1
4,352,5.0,1
44,366,5.0,1
1,189,5.0,1
30,317,5.0,1
56,170,9.013228265733760,1
61,379,5.0,1
59,291,5.0,1
31,30,7.494850021680090,1
55,27,5.0,1
8,441,5.0,1
35,314,5.0,1
48,357,5.0,1
53,127,5.638272163982410,1
15,324,5.0,1
5,333,5.0,1
0,32,5.0,1
14,90,5.0,1
4,15,6.2441251443275100,1
3,56,5.0,1
21,252,5.0,1
11,104,5.0,1
46,120,5.0,1
50,13,5.0,1
46,44,5.0,1
3,429,5.0,1
26,143,5.795880017344080,1
36,184,5.42021640338319,1
60,128,5.3979400086720400,1
56,382,7.6020599913279600,1
31,183,5.376750709602100,1
40,3,8.275724130399210,1
6,71,5.0,1
35,60,5.0,1
46,294,5.958607314841780,1
16,271,5.0,1
18,308,5.0,1
49,115,5.0,1
42,441,5.0,1
21,322,5.0,1
3,41,5.0,1
33,197,5.0,1
16,11,7.920818753952380,1
16,111,5.3979400086720400,1
7,315,5.0,1
30,56,5.0,1
45,339,5.0,1
55,199,5.0,1
58,90,5.0,1
23,141,5.0,1
30,202,5.0,1
11,354,5.0,1
13,23,5.0,1
1,155,5.0,1
21,308,5.0,1
37,24,5.0,1
40,27,5.0,1
10,227,8.292429823902060,1
11,224,5.0,1
31,95,6.013228265733760,1
30,392,5.0,1
39,361,5.0,1
57,83,7.5376020021010400,1
9,10,5.167491087293760,1
54,378,5.0,1
44,24,5.0,1
42,395,5.0,1
28,301,5.0,1
8,247,5.0,1
7,232,5.0,1
39,200,7.5376020021010400,1
16,279,5.2441251443275100,1
59,100,5.0,1
47,289,6.468521082957750,1
13,305,5.0,1
4,104,5.0,1
4,215,5.0,1
3,437,5.0,1
27,325,5.0,1
45,307,5.0,1
30,301,5.0,1
52,127,5.0,1
14,204,5.2441251443275100,1
34,284,5.0,1
20,273,5.0,1
57,167,6.2839966563652000,1
55,408,5.161150909262740,1
6,84,7.6777807052660800,1
4,48,5.0,1
44,342,5.0,1
59,223,5.0,1
65,339,5.0,1
1,294,5.0,1
32,80,5.050609993355090,1
49,45,5.376750709602100,1
65,200,6.585026652029180,1
6,252,5.769551078621730,1
0,283,5.0,1
6,395,5.0,1
54,371,5.0,1
52,152,5.0,1
60,38,7.494850021680090,1
53,181,8.431798275933010,1
67,340,5.0,1
55,354,6.638272163982410,1
57,425,6.443697499232710,1
56,32,6.958607314841780,1
42,433,5.0,1
5,337,5.0,1
62,35,5.0,1
17,386,6.142667503568730,1
26,366,5.0,1
54,152,5.0,1
67,151,5.0,1
43,257,5.0,1
48,59,5.619788758288390,1
20,16,5.0,1
28,37,8.275724130399210,1
7,258,5.0,1
16,33,5.0,1
30,419,5.0,1
0,402,5.309803919971490,1
13,90,5.0,1
19,286,5.0,1
55,237,5.0,1
36,145,5.0,1
1,310,5.0,1
0,43,5.0,1
48,155,5.0,1
31,221,5.356547323513810,1
20,344,5.0,1
17,334,5.0,1
2,288,5.0,1
17,156,9.301029995663980,1
66,81,6.119186407719210,1
53,141,5.0,1
66,93,5.1249387366083,1
50,168,7.721246399047170,1
3,114,5.0,1
32,260,5.823908740944320,1
4,107,5.638272163982410,1
16,56,5.0,1
23,155,5.0,1
67,152,5.0,1
41,159,6.853871964321760,1
59,421,5.0,1
62,44,5.0,1
7,161,5.0,1
8,63,6.096910013008060,1
29,149,5.958607314841780,1
56,73,6.481486060122110,1
3,411,5.619788758288390,1
31,293,7.619788758288390,1
62,403,5.0,1
25,301,5.0,1
59,9,5.0,1
65,128,5.795880017344080,1
22,357,8.795880017344080,1
13,155,5.0,1
67,163,5.0,1
31,244,7.494850021680090,1
52,222,5.0,1
7,64,5.0,1
57,409,5.4089353929735000,1
27,273,5.0,1
64,214,5.0,1
28,277,5.0,1
19,221,5.0,1
22,65,5.0,1
51,209,5.0,1
67,233,5.0,1
26,368,5.0,1
11,237,5.0,1
16,196,6.698970004336020,1
18,69,5.698970004336020,1
63,195,6.721246399047170,1
34,43,5.508638306165730,1
4,347,5.0,1
6,327,5.0,1
63,388,5.0,1
9,436,5.0,1
22,183,6.366531544420410,1
1,205,8.301029995663980,1
1,434,5.0,1
11,329,5.0,1
35,198,5.0,1
50,16,5.0,1
64,310,5.0,1
32,406,5.0,1
44,304,5.0,1
24,92,5.0,1
39,18,5.0,1
28,40,5.0,1
27,163,5.0,1
66,357,8.008773924307510,1
0,255,5.0,1
53,196,6.236572006437060,1
50,51,5.0,1
41,12,5.4089353929735000,1
41,8,5.769551078621730,1
21,287,5.0,1
20,356,5.0,1
9,378,5.0,1
54,283,5.0,1
59,186,5.0,1
17,309,5.0,1
9,68,5.0,1
65,407,5.0,1
63,347,5.0,1
19,96,5.0,1
33,241,5.0,1
63,387,6.275724130399210,1
47,225,6.075720713938120,1
57,432,5.958607314841780,1
5,250,5.0,1
47,279,7.958607314841780,1
23,383,5.0,1
43,434,5.0,1
21,59,5.0,1
25,294,5.0,1
29,283,5.769551078621730,1
42,43,5.0,1
20,163,6.6020599913279600,1
59,270,5.0,1
46,94,5.619788758288390,1
66,121,5.0,1
15,16,6.136677139879540,1
44,350,5.0,1
52,322,5.0,1
12,297,5.958607314841780,1
63,383,5.0,1
6,139,5.0,1
10,426,7.214670164989230,1
43,122,5.0,1
28,305,5.769551078621730,1
21,118,9.455931955649720,1
47,315,5.0,1
64,107,5.0,1
42,10,5.0,1
34,395,5.0,1
28,134,5.481486060122110,1
18,327,5.0,1
28,13,6.455931955649720,1
55,65,5.060480747381380,1
22,297,8.346787486224660,1
2,104,5.6020599913279600,1
1,324,5.0,1
4,205,5.0,1
21,259,5.0,1
55,1,5.468521082957750,1
44,209,5.3979400086720400,1
25,234,5.0,1
67,129,5.0,1
14,76,5.0,1
38,6,5.0,1
59,224,5.0,1
23,100,5.0,1
58,93,5.0,1
59,354,5.0,1
4,364,5.0,1
6,284,5.0,1
38,37,6.721246399047170,1
8,321,5.0,1
47,112,6.522878745280340,1
42,345,5.0,1
9,216,5.0,1
59,37,5.0,1
36,11,5.309803919971490,1
31,428,7.221848749616360,1
17,414,5.0,1
44,136,5.0,1
22,130,8.958607314841780,1
48,420,5.0,1
57,301,5.0,1
13,41,5.0,1
24,165,5.0,1
36,256,5.0,1
65,260,5.0,1
30,22,5.0,1
48,441,5.0,1
21,30,5.0,1
54,287,5.0,1
16,37,8.10790539730952,1
50,397,5.886056647693160,1
58,337,6.6777807052660800,1
55,198,5.130768280269020,1
24,261,5.0,1
21,23,5.6020599913279600,1
46,356,5.0,1
16,221,5.958607314841780,1
43,275,5.0,1
67,2,5.0,1
41,197,5.0,1
41,347,5.0,1
58,315,5.0,1
14,247,6.080921907623930,1
42,279,5.0,1
58,311,5.0,1
39,80,5.6777807052660800,1
25,427,5.0,1
27,69,5.0,1
67,388,5.0,1
10,144,5.0,1
60,361,7.040958607678910,1
11,17,5.0,1
67,197,5.0,1
20,165,5.42021640338319,1
4,326,5.0,1
53,387,6.3979400086720400,1
62,336,5.0,1
4,162,5.0,1
53,339,5.0,1
66,58,6.200659450546420,1
8,435,5.0,1
52,150,5.0,1
2,285,6.366531544420410,1
5,338,5.075720713938120,1
56,174,7.161150909262740,1
52,309,5.0,1
40,198,5.0,1
6,320,5.0,1
3,310,5.0,1
4,37,5.275724130399210,1
65,409,5.823908740944320,1
12,236,5.0,1
17,22,6.721246399047170,1
60,342,5.0,1
9,208,5.0,1
45,201,7.481486060122110,1
21,31,5.0,1
17,216,5.0,1
42,61,5.0,1
41,270,5.0,1
31,103,6.3979400086720400,1
52,142,5.0,1
60,439,7.721246399047170,1
9,64,5.0,1
20,423,5.0,1
56,112,6.431798275933010,1
43,199,5.0,1
59,214,5.0,1
46,72,5.0,1
3,433,5.0,1
58,209,5.698970004336020,1
0,164,5.7447274948966900,1
64,193,5.0,1
13,211,5.0,1
66,52,6.585026652029180,1
23,326,5.0,1
50,35,5.0,1
48,114,5.0,1
21,88,5.455931955649720,1
11,278,5.0,1
16,114,5.568636235841010,1
63,435,5.0,1
21,248,5.886056647693160,1
20,247,5.075720713938120,1
18,54,5.0,1
2,183,5.0,1
58,148,8.958607314841780,1
25,241,5.0,1
35,195,5.0,1
4,91,5.0,1
40,236,5.0,1
34,420,5.0,1
60,148,7.376750709602100,1
18,114,5.221848749616360,1
42,283,5.0,1
4,360,5.0,1
57,8,6.920818753952380,1
41,72,5.7447274948966900,1
37,305,5.0,1
53,59,5.6020599913279600,1
12,395,5.0,1
7,66,5.0,1
57,159,8.366531544420410,1
11,303,5.0,1
55,375,5.0,1
8,24,5.0,1
14,391,5.0,1
19,366,6.119186407719210,1
3,287,5.0,1
37,317,5.0,1
1,85,5.0,1
42,414,5.0,1
13,6,5.0,1
2,39,7.522878745280340,1
64,154,5.0,1
13,334,5.0,1
44,241,8.136677139879540,1
19,136,5.0,1
18,35,5.0,1
29,259,6.0915149811213500,1
42,290,5.0,1
47,108,8.036212172654440,1
37,36,5.721246399047170,1
52,52,5.0,1
8,174,5.0,1
37,89,5.0,1
27,357,5.0,1
54,252,5.0,1
20,439,5.795880017344080,1
16,296,5.0,1
33,34,5.0,1
28,400,8.142667503568730,1
17,408,5.5376020021010400,1
23,137,5.0,1
33,375,5.0,1
56,35,7.721246399047170,1
44,409,5.0,1
23,61,5.0,1
3,211,5.0,1
49,229,5.0,1
65,5,7.481486060122110,1
47,109,6.585026652029180,1
21,102,6.102372908709560,1
65,104,5.0,1
47,161,9.267606240177030,1
54,233,5.0,1
6,114,5.638272163982410,1
25,329,5.0,1
51,66,5.0,1
25,0,5.0,1
47,220,5.0,1
36,207,5.795880017344080,1
40,265,5.0,1
66,197,6.200659450546420,1
61,146,5.0,1
61,274,5.0,1
51,80,5.0,1
33,393,5.0,1
28,112,5.0,1
33,87,5.0,1
65,397,5.0,1
0,430,5.0,1
53,195,5.795880017344080,1
7,34,5.0,1
12,398,5.0,1
9,6,5.920818753952380,1
29,276,5.958607314841780,1
51,332,5.0,1
28,286,5.0,1
50,388,5.0,1
42,126,5.0,1
36,326,5.0,1
6,257,5.318758762624410,1
39,65,5.0,1
25,74,5.0,1
16,215,5.0,1
51,186,5.0,1
9,91,5.0,1
2,187,5.657577319177790,1
39,299,5.0,1
10,330,5.0,1
45,175,5.2441251443275100,1
24,338,5.0,1
67,303,5.0,1
21,296,5.0,1
17,231,5.0,1
34,57,5.0,1
65,34,5.0,1
21,355,5.886056647693160,1
42,250,5.0,1
13,202,5.0,1
65,215,5.0,1
64,404,5.0,1
23,9,5.0,1
60,220,5.0,1
3,246,5.0,1
54,326,5.0,1
4,54,5.0,1
59,238,5.0,1
1,372,5.0,1
24,61,5.0,1
34,210,6.229147988357860,1
10,151,5.0,1
59,96,5.0,1
13,313,5.0,1
44,275,5.0,1
57,360,7.309803919971490,1
40,272,5.080921907623930,1
51,181,5.0,1
33,101,5.0,1
30,134,5.0,1
13,234,5.0,1
38,318,5.0,1
11,246,5.0,1
65,149,5.0,1
42,166,5.0,1
53,78,7.3979400086720400,1
48,160,6.886056647693160,1
46,208,5.0,1
60,203,6.795880017344080,1
18,207,5.619788758288390,1
8,300,5.0,1
32,283,5.0,1
67,183,5.0,1
40,96,5.0,1
18,392,5.0,1
50,205,5.0,1
27,19,5.0,1
58,439,5.552841968657780,1
59,166,5.0,1
5,252,5.0,1
23,418,5.0,1
21,163,6.301029995663980,1
67,184,5.0,1
13,171,5.0,1
2,251,8.522878745280340,1
24,260,5.0,1
66,184,5.346787486224660,1
63,318,5.0,1
16,344,6.00436480540245,1
37,275,5.0,1
62,386,5.0,1
16,31,5.0,1
54,116,5.522878745280340,1
44,183,5.0,1
66,162,8.346787486224660,1
65,47,5.0,1
19,338,5.0,1
13,161,5.0,1
64,213,5.0,1
55,186,5.0,1
20,295,5.0,1
9,394,5.0,1
51,366,5.0,1
61,246,5.0,1
13,168,5.0,1
60,336,5.619788758288390,1
65,369,5.0,1
18,96,5.0,1
17,234,5.0,1
31,400,8.537602002101040,1
64,196,5.0,1
0,97,5.6020599913279600,1
32,358,7.267606240177030,1
50,12,5.0,1
64,228,5.0,1
12,175,5.920818753952380,1
14,266,5.0,1
62,359,5.0,1
37,225,5.0,1
66,341,5.0,1
33,166,5.0,1
40,311,5.0,1
7,136,5.0,1
54,2,5.0,1
4,135,5.0,1
47,138,5.0,1
46,96,5.3979400086720400,1
20,67,5.0,1
25,89,5.0,1
60,31,7.468521082957750,1
60,438,5.142667503568730,1
44,428,5.309803919971490,1
52,133,5.0,1
59,387,5.0,1
34,145,5.0,1
61,429,5.0,1
41,426,5.698970004336020,1
0,155,5.0,1
6,260,5.657577319177790,1
49,399,5.0,1
8,217,5.0,1
57,378,5.619788758288390,1
6,120,5.0,1
56,317,5.0,1
9,395,5.0,1
8,241,5.0,1
21,410,5.0,1
4,264,5.0,1
65,310,5.0,1
62,241,5.0,1
15,397,5.0,1
37,29,5.0,1
0,427,5.096910013008060,1
10,179,6.886056647693160,1
55,205,7.795880017344080,1
7,83,5.0,1
39,414,5.0,1
16,98,5.0,1
16,253,5.0,1
18,318,5.0,1
39,107,5.0,1
56,23,5.0,1
16,87,5.0,1
13,430,5.0,1
67,80,5.0,1
22,282,6.769551078621730,1
19,284,5.0,1
64,287,5.0,1
67,205,7.769551078621730,1
21,4,6.1938200260161100,1
38,114,9.431798275933010,1
33,233,5.0,1
22,327,5.0,1
9,101,5.0,1
48,287,5.0,1
64,43,5.0,1
32,429,5.0,1
61,324,5.0,1
5,329,5.0,1
50,219,5.0,1
48,132,5.0,1
0,78,5.008773924307510,1
52,270,5.0,1
38,148,5.721246399047170,1
50,253,5.0,1
30,218,5.0,1
35,221,5.0,1
38,282,5.0,1
18,367,5.0,1
14,1,7.522878745280340,1
35,194,5.0,1
3,229,5.0,1
19,216,6.055517327849830,1
50,175,5.0,1
45,437,5.301029995663980,1
60,130,5.4089353929735000,1
50,308,5.0,1
58,398,6.823908740944320,1
6,243,5.0,1
32,40,5.0,1
15,64,5.0,1
30,365,5.0,1
56,316,5.0,1
34,238,5.0,1
24,234,5.0,1
26,35,5.0,1
9,18,5.0,1
35,119,5.0,1
20,136,5.0,1
35,421,5.0,1
9,232,5.0,1
34,291,5.0,1
32,226,5.0,1
34,414,5.619788758288390,1
21,36,6.221848749616360,1
19,6,7.376750709602100,1
4,130,6.468521082957750,1
12,248,5.0,1
17,43,8.853871964321760,1
64,204,5.0,1
20,64,5.0,1
18,436,5.0,1
13,73,5.0,1
28,299,5.4089353929735000,1
63,217,5.1249387366083,1
27,100,5.0,1
2,391,5.0,1
30,296,5.0,1
6,329,5.0,1
13,200,5.0,1
2,221,5.7447274948966900,1
22,330,5.0,1
34,115,5.0,1
5,374,6.142667503568730,1
18,266,5.0,1
18,200,6.769551078621730,1
13,351,5.0,1
11,269,5.0,1
27,171,5.0,1
6,45,5.0,1
41,398,5.0,1
46,274,5.0,1
24,409,5.0,1
62,36,5.0,1
27,86,5.0,1
19,234,5.468521082957750,1
8,378,5.0,1
0,172,5.721246399047170,1
6,46,5.0,1
35,51,5.0,1
31,305,8.769551078621730,1
30,146,5.0,1
47,181,5.0,1
62,294,5.0,1
25,64,5.0,1
58,121,7.008773924307510,1
33,370,5.0,1
17,1,10.327902142064300,1
18,394,5.0,1
45,38,5.055517327849830,1
32,108,5.0,1
12,347,5.0,1
42,30,5.0,1
36,383,5.853871964321760,1
66,390,5.0,1
52,72,7.119186407719210,1
16,410,6.568636235841010,1
53,219,6.267606240177030,1
21,263,5.0,1
32,141,5.0,1
50,373,5.0,1
63,171,6.3979400086720400,1
23,268,5.0,1
45,334,5.0,1
54,294,5.0,1
16,405,5.0,1
62,209,5.0,1
7,402,5.0,1
58,376,7.481486060122110,1
31,279,5.3979400086720400,1
28,239,6.443697499232710,1
61,333,5.0,1
59,411,5.0,1
7,434,5.0,1
35,11,5.0,1
62,34,5.0,1
17,90,5.0,1
5,108,5.721246399047170,1
51,28,5.0,1
12,176,5.0,1
24,63,5.0,1
46,266,5.0,1
28,240,5.468521082957750,1
30,209,5.0,1
1,325,5.0,1
37,330,5.0,1
47,175,6.823908740944320,1
25,266,5.0,1
34,322,5.0,1
37,204,8.886056647693160,1
17,166,9.508638306165730,1
56,138,6.721246399047170,1
7,412,5.0,1
45,432,5.0,1
8,284,5.0,1
16,84,6.6777807052660800,1
44,16,5.920818753952380,1
6,421,5.0,1
43,336,5.0,1
21,417,5.0,1
34,147,5.0,1
61,305,5.0,1
56,221,6.455931955649720,1
41,405,5.0,1
4,285,5.0,1
1,409,5.494850021680090,1
37,251,5.0,1
12,62,5.0,1
33,62,5.0,1
63,260,6.292429823902060,1
26,19,5.0,1
29,302,5.585026652029180,1
16,7,7.060480747381380,1
40,358,5.221848749616360,1
5,10,5.920818753952380,1
8,385,5.0,1
57,175,6.055517327849830,1
35,424,5.0,1
65,317,5.0,1
54,256,5.0,1
66,279,5.0,1
14,348,5.0,1
6,127,5.0,1
38,317,5.0,1
28,338,7.508638306165730,1
5,346,6.769551078621730,1
14,140,8.187086643357140,1
11,176,5.0,1
44,142,5.0,1
21,426,5.4089353929735000,1
44,121,5.853871964321760,1
67,404,5.0,1
48,379,5.0,1
2,34,5.0,1
19,389,5.7447274948966900,1
30,322,5.0,1
67,96,5.0,1
42,145,5.0,1
7,41,5.0,1
9,173,5.0,1
12,135,5.0,1
38,333,5.0,1
35,43,5.0,1
64,189,5.0,1
41,78,5.0,1
66,73,5.0,1
12,35,5.0,1
55,349,5.0,1
37,141,5.0,1
50,18,5.522878745280340,1
26,401,5.0,1
56,330,7.5376020021010400,1
35,58,5.0,1
20,248,5.455931955649720,1
41,167,5.0,1
39,248,5.0,1
33,402,5.0,1
54,100,5.0,1
64,200,5.0,1
5,419,5.0,1
8,155,5.0,1
55,255,5.0,1
64,165,5.0,1
67,272,5.0,1
59,73,5.0,1
50,119,5.721246399047170,1
52,279,5.0,1
16,277,5.0,1
41,110,5.0,1
42,333,5.0,1
8,255,5.0,1
67,112,5.0,1
56,54,8.886056647693160,1
59,374,6.657577319177790,1
24,81,6.136677139879540,1
2,428,6.443697499232710,1
13,293,5.0,1
63,353,5.0,1
37,259,5.0,1
30,438,5.0,1
49,346,5.0,1
3,83,5.154901959985740,1
13,50,5.0,1
14,86,5.0,1
63,411,5.3979400086720400,1
59,133,5.0,1
59,143,5.0,1
23,320,5.0,1
30,431,5.0,1
20,159,7.309803919971490,1
50,237,5.0,1
10,283,5.0,1
4,430,5.0,1
34,272,5.0,1
24,35,5.0,1
31,216,8.602059991327960,1
33,68,5.0,1
30,159,5.0,1
10,75,5.0,1
48,243,5.0,1
16,187,6.468521082957750,1
26,7,6.337242168318430,1
41,208,5.0,1
16,71,5.0,1
34,40,5.0,1
27,74,5.0,1
45,333,5.0,1
54,286,5.0,1
34,268,5.0,1
46,399,5.0,1
52,302,6.130768280269020,1
51,295,5.0,1
20,331,5.0,1
50,366,5.0,1
57,38,8.259637310505760,1
64,215,5.0,1
29,439,8.2839966563652,1
46,423,5.0,1
24,330,7.886056647693160,1
61,234,5.0,1
10,181,5.301029995663980,1
66,171,7.769551078621730,1
50,14,5.0,1
49,37,5.0,1
36,1,5.0,1
29,384,6.173925197299170,1
51,191,5.0,1
35,130,5.0,1
13,141,5.0,1
44,297,6.657577319177790,1
46,320,7.318758762624410,1
58,29,7.309803919971490,1
14,423,6.154901959985740,1
58,348,6.619788758288390,1
4,1,6.376750709602100,1
47,316,5.0,1
14,146,5.0,1
0,128,5.0,1
35,423,5.0,1
34,52,5.0,1
27,404,5.0,1
54,76,5.0,1
63,393,6.619788758288390,1
50,90,5.0,1
21,406,5.0,1
10,322,5.0,1
17,144,5.0,1
28,205,8.113509274827520,1
3,2,5.0,1
57,163,8.619788758288390,1
59,60,5.0,1
49,167,5.0,1
29,349,5.443697499232710,1
34,418,5.0,1
62,347,5.0,1
27,431,5.0,1
45,71,5.0,1
1,184,5.0,1
66,9,7.136677139879540,1
31,255,7.7447274948966900,1
21,34,5.657577319177790,1
6,301,5.0,1
64,267,5.0,1
43,24,5.0,1
29,339,5.0,1
25,42,5.0,1
23,8,5.0,1
16,407,6.0,1
51,401,5.0,1
20,422,5.0,1
33,217,5.0,1
10,184,5.0,1
11,331,5.0,1
14,413,5.086186147616280,1
31,110,7.5376020021010400,1
59,197,5.0,1
15,346,5.0,1
64,221,5.0,1
4,24,5.0,1
15,412,5.0,1
48,81,6.376750709602100,1
37,331,5.0,1
30,52,5.0,1
51,415,5.0,1
36,258,7.3979400086720400,1
45,348,5.0,1
16,89,5.0,1
27,251,5.0,1
29,345,5.823908740944320,1
42,136,5.0,1
7,124,5.0,1
50,156,5.0,1
29,27,6.180456064458130,1
15,97,5.0,1
10,221,5.356547323513810,1
54,19,5.0,1
55,172,5.0,1
27,80,5.346787486224660,1
44,415,5.017728766960430,1
11,41,5.0,1
50,296,5.0,1
66,257,5.0,1
7,420,5.0,1
9,428,5.0,1
21,38,5.920818753952380,1
13,270,5.0,1
11,220,5.0,1
57,58,6.376750709602100,1
14,33,5.0,1
38,170,5.0,1
64,96,5.0,1
6,182,5.0,1
24,153,5.0,1
24,256,5.0,1
10,423,7.142667503568730,1
66,190,5.275724130399210,1
50,173,5.0,1
31,375,6.537602002101040,1
25,194,5.0,1
3,392,5.0,1
64,425,5.0,1
7,416,5.0,1
9,269,5.0,1
38,266,5.0,1
59,346,6.045757490560680,1
64,329,5.0,1
17,312,5.0,1
67,252,5.0,1
1,392,5.0,1
32,270,5.0,1
54,16,5.0,1
2,425,5.0,1
55,178,6.356547323513810,1
55,208,5.0,1
14,338,5.0,1
38,89,6.537602002101040,1
47,422,5.958607314841780,1
51,183,5.0,1
66,304,6.853871964321760,1
48,9,5.0,1
64,290,5.0,1
12,416,5.229147988357860,1
50,118,5.823908740944320,1
14,293,5.0,1
54,381,5.0,1
58,431,5.0,1
36,271,5.0,1
14,227,5.0,1
49,110,5.0,1
29,58,6.6777807052660800,1
19,190,5.0,1
18,312,5.0,1
29,284,5.0,1
49,8,5.2076083105017500,1
19,49,5.0,1
11,124,5.0,1
47,299,6.920818753952380,1
42,203,5.0,1
49,333,5.0,1
57,255,5.886056647693160,1
64,357,5.0,1
14,433,5.0,1
10,411,6.2441251443275100,1
4,422,5.0,1
55,387,5.0,1
20,435,5.0,1
47,59,5.0,1
43,363,6.366531544420410,1
40,80,5.0,1
10,349,5.0,1
34,1,5.721246399047170,1
55,336,5.0,1
26,417,5.0,1
5,231,5.0,1
50,195,5.0,1
65,130,7.301029995663980,1
15,396,8.267606240177030,1
60,126,5.356547323513810,1
67,429,5.0,1
28,143,5.0,1
28,4,5.6020599913279600,1
28,78,5.0,1
29,428,6.886056647693160,1
21,385,5.585026652029180,1
4,153,5.0,1
24,258,5.0,1
46,416,5.0,1
18,56,5.0,1
17,63,5.0,1
32,300,5.0,1
9,364,5.0,1
50,187,5.0,1
59,311,7.080921907623930,1
16,376,5.0,1
54,243,5.0,1
57,264,6.309803919971490,1
10,399,6.537602002101040,1
47,219,5.0,1
46,83,5.823908740944320,1
35,399,5.0,1
32,248,5.0,1
53,348,5.0,1
42,347,5.0,1
24,309,5.0,1
19,132,5.0,1
8,299,5.0,1
25,287,5.0,1
16,231,5.0,1
56,201,9.221848749616360,1
60,306,5.0,1
49,111,5.431798275933010,1
34,68,5.0,1
30,302,5.0,1
28,42,6.508638306165730,1
54,208,5.0,1
41,306,5.0,1
22,69,5.0,1
23,78,5.0,1
28,402,5.0,1
5,279,5.0,1
43,235,5.0,1
62,59,5.0,1
53,174,5.0,1
52,173,7.552841968657780,1
62,67,5.0,1
5,110,7.075720713938120,1
48,267,5.0,1
57,173,5.0,1
45,117,5.0,1
19,159,8.214670164989230,1
2,420,5.0,1
18,70,5.508638306165730,1
22,97,5.0,1
44,123,5.619788758288390,1
37,351,5.0,1
13,269,5.0,1
48,333,5.823908740944320,1
34,42,5.0,1
31,317,5.267606240177030,1
8,408,5.0,1
19,15,7.267606240177030,1
0,124,5.0,1
15,169,5.0,1
62,23,5.0,1
27,94,5.0,1
8,355,5.0,1
57,440,5.0,1
38,386,7.180456064458130,1
2,28,5.853871964321760,1
8,297,5.0,1
14,264,5.0,1
53,228,6.585026652029180,1
64,144,5.0,1
34,400,5.0,1
27,267,5.0,1
52,196,5.0,1
40,353,7.00436480540245,1
51,363,5.0,1
36,313,5.958607314841780,1
63,359,6.443697499232710,1
38,313,5.0,1
17,252,5.0,1
36,140,5.508638306165730,1
56,194,5.0,1
17,281,5.0,1
17,201,9.18045606445813,1
22,158,9.045757490560680,1
67,347,5.0,1
24,148,5.0,1
20,183,5.0,1
3,182,8.080921907623930,1
3,152,5.0,1
17,203,8.585026652029180,1
38,370,5.0,1
44,9,6.619788758288390,1
24,30,5.0,1
14,150,5.0,1
44,79,5.0,1
10,33,5.0,1
31,46,5.769551078621730,1
26,286,5.0,1
29,171,7.1487416512809200,1
40,250,5.0,1
4,410,5.0,1
67,37,5.0,1
56,130,6.537602002101040,1
45,423,5.585026652029180,1
17,194,5.0,1
29,98,6.508638306165730,1
54,399,5.0,1
40,383,5.0,1
24,173,5.2839966563652000,1
4,310,5.0,1
65,279,5.0,1
30,148,5.0,1
47,68,5.0,1
40,121,5.920818753952380,1
19,62,5.0,1
47,381,7.031517051446070,1
67,97,5.0,1
4,23,5.0,1
7,320,5.0,1
14,296,5.0,1
57,244,7.585026652029180,1
22,109,5.0,1
51,399,5.0,1
64,71,5.0,1
26,129,5.823908740944320,1
55,426,5.0,1
24,243,6.050609993355090,1
53,367,6.180456064458130,1
25,118,5.0,1
66,318,5.0,1
51,12,5.0,1
0,367,5.0,1
31,171,7.920818753952380,1
0,15,5.0,1
31,5,5.657577319177790,1
11,170,5.0,1
62,437,5.0,1
23,176,5.0,1
21,321,5.0,1
25,91,5.0,1
31,318,5.173925197299170,1
44,67,5.136677139879540,1
54,9,5.0,1
28,372,5.0,1
36,348,7.130768280269020,1
29,392,7.823908740944320,1
51,10,5.0,1
53,116,5.0,1
24,244,5.0,1
18,130,5.698970004336020,1
7,331,5.0,1
65,238,5.958607314841780,1
44,75,5.0,1
35,88,5.0,1
25,289,5.0,1
45,422,6.823908740944320,1
50,433,5.0,1
24,392,5.0,1
20,31,5.0,1
50,264,5.0,1
34,26,5.0,1
34,326,5.0,1
2,276,6.337242168318430,1
63,282,5.0,1
22,150,6.958607314841780,1
13,425,5.0,1
20,235,5.0,1
0,347,6.568636235841010,1
16,127,6.154901959985740,1
29,270,6.4089353929735000,1
22,302,7.494850021680090,1
40,427,5.0,1
19,278,5.823908740944320,1
21,167,5.0,1
10,116,7.5376020021010400,1
46,28,5.0,1
4,302,5.0,1
62,7,5.173925197299170,1
44,107,5.0,1
6,335,5.0,1
0,369,5.0,1
7,188,5.0,1
29,43,5.721246399047170,1
10,421,5.337242168318430,1
45,33,5.0,1
62,148,5.0,1
7,389,5.0,1
25,436,5.0,1
39,353,5.0,1
20,236,5.0,1
36,246,5.6777807052660800,1
65,224,5.0,1
16,361,5.3979400086720400,1
7,242,5.0,1
2,171,5.0,1
18,150,5.0,1
19,58,5.508638306165730,1
5,242,5.0,1
66,151,7.036212172654440,1
67,431,5.0,1
24,25,8.67778070526608,1
37,137,5.0,1
39,365,5.0,1
66,123,5.0,1
44,419,5.0,1
27,217,5.0,1
52,171,5.0,1
3,283,5.0,1
42,84,5.0,1
33,371,5.0,1
54,356,5.0,1
53,334,6.494850021680090,1
49,372,6.853871964321760,1
9,241,8.55284196865778,1
31,51,7.327902142064280,1
15,433,5.0,1
27,320,5.0,1
53,338,6.7447274948966900,1
18,286,7.107905397309520,1
45,398,5.0,1
45,110,5.0,1
22,147,5.0,1
14,283,5.0,1
29,135,5.0,1
43,404,5.0,1
56,233,9.154901959985740,1
1,12,5.0,1
29,11,7.920818753952380,1
27,112,5.0,1
52,438,5.0,1
24,12,5.0,1
21,236,5.0,1
38,136,5.0,1
23,163,5.0,1
26,377,5.0,1
6,408,5.0,1
20,116,5.0,1
3,72,8.236572006437060,1
62,341,5.0,1
44,170,6.031517051446070,1
16,229,7.102372908709560,1
30,34,5.0,1
34,49,5.376750709602100,1
52,273,5.0,1
56,28,8.431798275933010,1
23,160,5.0,1
28,145,5.0,1
7,267,5.0,1
56,199,6.958607314841780,1
12,429,5.0,1
12,129,5.0,1
62,63,5.0,1
49,90,5.0,1
51,339,5.0,1
5,390,5.853871964321760,1
32,49,5.0,1
20,79,5.0,1
47,67,5.0,1
29,278,6.920818753952380,1
17,264,5.0,1
32,321,5.0,1
16,308,5.0,1
10,342,5.0,1
2,139,5.0,1
26,412,5.0,1
6,102,6.468521082957750,1
48,261,5.0,1
16,422,5.0,1
46,409,5.0,1
27,62,5.0,1
46,128,5.0,1
33,322,5.0,1
29,331,5.0,1
4,39,6.657577319177790,1
20,162,6.376750709602100,1
28,398,5.0,1
17,394,5.0,1
45,66,5.0,1
24,202,6.443697499232710,1
32,423,5.0,1
19,331,5.0,1
63,33,5.0,1
4,90,5.0,1
15,338,5.6777807052660800,1
30,355,5.0,1
44,318,6.920818753952380,1
40,404,5.0,1
15,91,5.0,1
40,14,8.823908740944320,1
4,393,5.0,1
19,72,5.0,1
38,248,7.5376020021010400,1
21,112,9.173925197299170,1
22,28,6.136677139879540,1
38,111,5.0,1
29,92,5.920818753952380,1
39,174,5.0,1
15,159,5.0,1
51,362,5.0,1
4,227,5.0,1
43,265,5.0,1
23,224,5.0,1
41,429,5.0,1
15,95,5.0,1
53,277,5.0,1
36,332,8.031517051446060,1
66,145,5.6020599913279600,1
39,214,5.167491087293760,1
2,241,7.130768280269020,1
24,267,5.0,1
39,28,5.0,1
8,319,5.0,1
2,181,5.0,1
34,246,5.0,1
23,218,5.0,1
45,319,5.0,1
7,178,5.443697499232710,1
22,225,5.721246399047170,1
13,365,5.0,1
58,237,6.259637310505760,1
15,43,5.0,1
32,357,6.013228265733760,1
1,50,5.0,1
58,131,6.698970004336020,1
39,257,6.040958607678910,1
61,345,5.0,1
31,155,5.7447274948966900,1
22,135,7.070581074285710,1
13,306,5.0,1
53,107,7.619788758288390,1
54,401,5.0,1
51,173,5.0,1
55,206,7.7447274948966900,1
54,216,5.0,1
0,0,7.366531544420410,1
28,371,5.0,1
45,76,5.0,1
57,113,5.0,1
19,192,6.275724130399210,1
65,229,6.346787486224660,1
30,359,5.0,1
60,264,6.096910013008060,1
15,4,6.4089353929735000,1
15,195,5.0,1
2,176,6.769551078621730,1
29,34,6.187086643357140,1
14,371,5.0,1
22,72,5.795880017344080,1
55,359,5.0,1
39,278,5.0,1
52,114,5.0,1
42,319,7.769551078621730,1
0,240,5.0,1
50,153,5.0,1
32,342,5.0,1
55,105,5.0,1
6,85,5.958607314841780,1
18,303,5.0,1
19,37,5.42021640338319,1
48,122,5.0,1
37,281,5.0,1
43,383,5.142667503568730,1
29,377,5.1249387366083,1
6,226,5.886056647693160,1
64,8,5.0,1
36,162,8.698970004336020,1
65,205,6.7447274948966900,1
41,52,5.0,1
17,113,6.886056647693160,1
21,201,5.0,1
2,268,7.3872161432802600,1
1,412,5.0,1
9,348,5.0,1
28,88,5.0,1
10,56,5.443697499232710,1
39,162,5.0,1
16,144,5.0,1
4,111,5.7447274948966900,1
37,254,5.0,1
31,1,6.075720713938120,1
52,66,7.251811972993800,1
0,134,5.0,1
41,152,5.2839966563652000,1
44,307,6.823908740944320,1
19,188,5.0,1
8,350,5.0,1
48,33,5.0,1
45,360,6.214670164989230,1
20,343,7.443697499232710,1
49,379,6.823908740944320,1
1,373,5.0,1
22,237,7.920818753952380,1
28,65,5.0,1
30,231,5.0,1
49,391,5.6777807052660800,1
58,302,5.6777807052660800,1
49,407,5.0,1
37,170,5.0,1
13,66,5.0,1
31,190,7.795880017344080,1
63,72,5.0,1
62,11,5.0,1
65,78,5.0,1
19,288,5.0,1
25,58,5.0,1
11,51,5.0,1
11,310,5.0,1
49,13,5.0,1
56,290,8.148741651280930,1
14,253,5.0,1
41,146,5.0,1
65,142,5.0,1
29,243,6.6777807052660800,1
50,186,5.0,1
62,367,6.376750709602100,1
48,113,5.292429823902060,1
67,82,5.0,1
64,164,5.0,1
50,155,5.0,1
26,395,5.0,1
62,237,5.0,1
25,9,5.0,1
57,95,5.113509274827520,1
10,326,5.0,1
26,49,5.0,1
44,214,7.113509274827520,1
49,437,5.0,1
52,14,5.0,1
12,170,5.0,1
61,68,5.0,1
4,89,5.886056647693160,1
5,8,5.721246399047170,1
29,232,6.508638306165730,1
39,122,5.0,1
1,319,5.0,1
11,407,5.0,1
52,149,5.0,1
2,240,6.0,1
10,158,5.657577319177790,1
32,354,5.0,1
14,165,5.0,1
56,309,5.0,1
0,100,5.0,1
37,343,5.0,1
6,279,5.0,1
55,175,5.070581074285710,1
43,299,5.0,1
43,159,5.214670164989230,1
14,202,6.221848749616360,1
63,26,5.0,1
48,137,5.0,1
50,371,5.0,1
11,409,5.958607314841780,1
44,150,5.0,1
8,347,5.0,1
57,430,8.823908740944320,1
38,275,5.619788758288390,1
21,150,5.0,1
6,95,5.0,1
25,338,5.0,1
8,21,5.0,1
6,401,5.0,1
31,108,8.301029995663980,1
44,216,5.769551078621730,1
31,152,6.180456064458130,1
10,318,5.0,1
39,102,8.958607314841780,1
12,304,5.0,1
3,297,5.0,1
29,204,7.6777807052660800,1
61,210,5.142667503568730,1
15,24,5.0,1
19,76,5.0,1
51,412,5.0,1
47,267,6.0915149811213500,1
53,105,5.0,1
58,142,6.522878745280340,1
27,166,5.823908740944320,1
40,7,8.853871964321760,1
46,339,5.0,1
25,377,5.0,1
12,8,5.698970004336020,1
45,69,5.0,1
6,345,5.0,1
18,234,5.0,1
64,191,5.0,1
2,8,7.468521082957750,1
18,294,5.0,1
57,220,5.0,1
40,296,5.0,1
0,253,5.0,1
10,335,5.7447274948966900,1
18,395,5.0,1
5,34,5.0,1
41,205,5.6020599913279600,1
15,326,5.0,1
4,293,5.0,1
63,10,8.0268721464003,1
27,18,5.0,1
40,136,7.920818753952380,1
12,178,5.0,1
31,377,5.920818753952380,1
32,249,5.0,1
46,171,5.0,1
22,218,8.040958607678910,1
1,422,5.0,1
5,173,5.886056647693160,1
26,157,5.0,1
6,130,5.0,1
57,268,5.508638306165730,1
48,236,5.0,1
42,318,8.769551078621730,1
37,340,5.0,1
17,278,5.0,1
40,12,6.318758762624410,1
46,132,5.0,1
34,199,5.0,1
45,283,5.0,1
60,18,5.173925197299170,1
6,72,5.0,1
37,178,5.0,1
58,51,6.638272163982410,1
59,302,5.0,1
6,155,5.0,1
65,45,5.0,1
30,17,5.0,1
49,32,5.0,1
20,394,5.6020599913279600,1
61,125,5.0,1
27,285,5.0,1
19,277,5.638272163982410,1
5,137,5.0,1
14,192,5.251811972993800,1
64,24,5.0,1
62,337,5.0,1
63,223,5.958607314841780,1
8,90,5.0,1
15,128,5.0,1
13,173,5.0,1
27,56,5.0,1
50,208,5.0,1
30,307,5.1249387366083,1
53,335,5.0,1
45,336,5.0,1
25,157,5.0,1
8,160,5.0,1
0,291,6.008773924307510,1
2,354,6.031517051446070,1
23,390,5.0,1
13,252,5.0,1
44,169,5.0,1
11,65,5.0,1
58,170,6.3872161432802600,1
7,184,5.0,1
50,402,5.0,1
66,436,5.0,1
1,58,5.0,1
48,302,5.0,1
24,340,8.275724130399210,1
12,31,5.0,1
20,367,5.0,1
29,430,6.920818753952380,1
53,157,8.327902142064280,1
2,224,5.0,1
8,48,5.0,1
55,80,5.1249387366083,1
59,246,5.0,1
9,135,5.0,1
33,1,5.0,1
29,221,5.0,1
65,170,5.0,1
12,340,5.0,1
41,268,5.0,1
47,47,5.0,1
63,14,7.886056647693160,1
52,366,5.0,1
60,328,5.3872161432802600,1
26,12,5.0,1
9,303,5.0,1
62,0,5.0,1
62,248,5.0,1
20,389,5.0,1
62,406,5.0,1
29,317,5.0,1
44,172,5.853871964321760,1
19,210,6.6020599913279600,1
45,401,6.619788758288390,1
10,355,5.318758762624410,1
5,415,5.0,1
28,247,5.267606240177030,1
3,149,5.0,1
62,345,5.0,1
27,241,5.0,1
66,63,5.0,1
63,237,5.7447274948966900,1
47,127,6.443697499232710,1
43,310,5.0,1
22,163,8.823908740944320,1
52,195,5.0,1
10,263,5.0,1
55,134,5.721246399047170,1
20,61,5.0,1
6,78,5.0,1
15,277,5.0,1
49,214,5.0,1
21,436,5.0,1
26,147,5.0,1
67,271,5.0,1
61,143,5.0,1
15,30,5.0,1
36,417,6.42021640338319,1
49,62,5.0,1
4,174,5.0,1
52,339,5.0,1
65,322,5.0,1
61,320,5.0,1
40,206,5.0,1
37,269,5.0,1
44,81,6.0,1
21,227,5.0,1
11,35,5.0,1
30,309,5.0,1
20,145,5.0,1
26,232,5.0,1
44,319,7.508638306165730,1
0,388,5.0,1
36,296,5.0,1
57,218,6.568636235841010,1
23,68,5.0,1
6,148,5.0,1
15,13,7.259637310505760,1
12,191,5.0,1
61,327,5.0,1
10,83,5.494850021680090,1
45,337,5.0,1
17,360,5.0,1
18,21,5.0,1
60,53,6.522878745280340,1
42,150,5.0,1
16,44,5.0,1
18,79,5.6777807052660800,1
61,240,5.0,1
47,203,8.602059991327960,1
10,250,5.0,1
40,270,5.0,1
37,60,5.0,1
44,407,7.0,1
42,299,5.0,1
60,429,6.537602002101040,1
48,304,5.431798275933010,1
65,209,5.0,1
23,45,9.744727494896690,1
47,129,6.0655015487564300,1
41,427,5.698970004336020,1
6,379,5.0,1
52,409,5.0,1
4,93,5.0,1
13,114,5.0,1
52,110,6.698970004336020,1
49,405,5.0,1
2,272,5.2839966563652000,1
39,53,5.0,1
4,281,5.0,1
63,8,8.275724130399210,1
64,251,5.0,1
13,210,5.0,1
53,299,5.585026652029180,1
48,142,5.0,1
28,72,5.0,1
25,167,5.0,1
59,25,5.0,1
8,37,5.0,1
59,240,5.3979400086720400,1
46,50,5.327902142064280,1
60,420,5.0,1
40,164,5.0,1
36,429,5.886056647693160,1
64,139,5.0,1
21,416,6.2441251443275100,1
14,392,5.0,1
67,419,5.0,1
53,185,5.275724130399210,1
4,222,5.0,1
2,381,5.0,1
18,142,5.0,1
7,240,5.0,1
39,228,5.0,1
50,342,5.0,1
23,159,5.0,1
49,197,5.318758762624410,1
36,80,6.455931955649720,1
6,140,5.0,1
37,242,5.0,1
21,429,6.036212172654440,1
15,45,5.0,1
40,432,7.1487416512809200,1
20,265,5.0,1
45,21,5.0,1
36,73,5.0,1
51,329,5.0,1
1,345,5.0,1
2,91,6.022276394711150,1
24,154,5.0,1
46,179,5.301029995663980,1
6,405,5.0,1
9,243,5.0,1
14,368,5.0,1
41,32,5.0,1
13,264,5.0,1
56,51,8.958607314841780,1
13,223,5.0,1
26,120,6.853871964321760,1
19,193,5.0,1
7,30,5.0,1
14,431,5.0,1
11,32,5.0,1
55,323,5.0,1
65,138,5.585026652029180,1
54,235,5.0,1
59,29,5.0,1
32,399,5.0,1
35,339,5.0,1
45,150,5.853871964321760,1
23,290,5.0,1
56,164,9.657577319177790,1
25,7,5.0,1
22,274,5.0,1
36,171,6.958607314841780,1
66,183,7.2076083105017500,1
38,229,9.187086643357140,1
21,143,5.0,1
3,225,5.0,1
51,297,5.0,1
56,357,7.823908740944320,1
13,158,5.0,1
54,44,5.0,1
1,142,5.0,1
60,287,5.0,1
2,81,5.7447274948966900,1
4,418,5.0,1
55,366,5.0,1
2,252,5.0,1
32,409,6.958607314841780,1
58,85,5.7447274948966900,1
60,325,7.180456064458130,1
19,79,5.086186147616280,1
4,238,5.0,1
66,384,6.173925197299170,1
10,289,5.721246399047170,1
27,428,5.0,1
57,55,6.376750709602100,1
5,210,5.0,1
22,119,6.721246399047170,1
18,433,5.0,1
55,10,5.259637310505760,1
43,389,5.327902142064280,1
16,157,5.638272163982410,1
18,24,5.0,1
18,390,5.0,1
38,349,5.0,1
65,80,5.0,1
37,169,5.356547323513810,1
43,83,5.0,1
14,321,5.0,1
38,421,5.0,1
37,77,5.0,1
64,184,5.0,1
20,82,5.0,1
27,246,5.0,1
61,36,5.795880017344080,1
40,105,5.0,1
11,149,5.0,1
57,431,5.0,1
63,246,6.318758762624410,1
65,237,5.7447274948966900,1
1,45,5.0,1
54,365,5.0,1
11,231,5.0,1
53,158,9.267606240177030,1
39,178,5.0,1
38,50,5.0,1
58,429,7.958607314841780,1
35,348,5.0,1
52,91,5.0,1
4,214,5.366531544420410,1
58,39,6.886056647693160,1
61,373,5.0,1
16,312,5.0,1
60,105,6.0,1
62,179,5.0,1
17,225,6.508638306165730,1
49,39,5.0,1
45,277,5.136677139879540,1
28,237,6.698970004336020,1
60,29,5.327902142064280,1
16,82,5.0,1
49,216,7.045757490560680,1
43,49,5.0,1
32,20,5.0,1
1,406,5.0,1
15,108,5.0,1
20,10,5.0,1
15,127,5.431798275933010,1
50,213,5.0,1
37,70,5.0,1
34,127,5.6777807052660800,1
9,345,5.0,1
15,269,5.0,1
23,128,5.0,1
10,312,5.0,1
59,31,5.0,1
64,403,5.0,1
67,348,5.0,1
32,153,5.0,1
49,294,5.0,1
67,322,5.0,1
54,440,5.0,1
45,430,7.853871964321760,1
9,404,5.0,1
36,291,5.0,1
55,182,5.0,1
67,398,5.0,1
6,149,5.0,1
10,175,8.468521082957750,1
14,377,5.0,1
32,184,5.0,1
35,352,5.0,1
38,437,6.619788758288390,1
1,259,5.0,1
63,275,5.0,1
49,378,5.853871964321760,1
18,111,5.0,1
1,140,5.0,1
42,437,5.0,1
60,298,7.346787486224660,1
67,89,5.0,1
59,211,5.0,1
33,165,5.0,1
57,394,6.6020599913279600,1
47,358,8.508638306165730,1
9,209,5.0,1
65,329,5.0,1
56,189,7.3979400086720400,1
36,420,5.0,1
66,34,5.0,1
16,371,5.0,1
16,418,7.431798275933010,1
22,91,5.0,1
66,400,8.387216143280270,1
31,438,7.013228265733760,1
30,151,5.0,1
30,101,5.0,1
29,72,5.0,1
13,287,5.0,1
10,103,6.853871964321760,1
48,362,5.0,1
27,23,5.0,1
8,206,5.0,1
38,401,5.0,1
8,28,5.0,1
16,180,7.4089353929735000,1
51,316,5.0,1
6,307,5.0,1
45,420,5.0,1
65,232,5.0,1
55,14,6.886056647693160,1
18,239,5.0,1
22,2,7.3979400086720400,1
65,65,5.0,1
11,255,5.0,1
64,48,5.0,1
6,225,5.251811972993800,1
42,134,5.0,1
26,268,5.0,1
42,288,5.0,1
26,404,5.0,1
17,296,5.0,1
26,102,5.0,1
26,309,5.0,1
12,184,5.0,1
53,433,5.0,1
42,56,5.0,1
37,395,5.0,1
14,356,6.075720713938120,1
42,252,5.0,1
33,5,5.0,1
28,44,5.0,1
47,300,5.0,1
66,263,5.0,1
16,367,5.481486060122110,1
20,326,5.180456064458130,1
5,178,5.366531544420410,1
39,348,5.0,1
8,138,5.0,1
0,177,6.657577319177790,1
56,212,5.036212172654440,1
57,49,5.6777807052660800,1
41,109,5.0,1
67,330,5.0,1
5,15,5.823908740944320,1
65,371,5.0,1
46,140,5.0,1
25,68,5.0,1
62,151,5.0,1
3,414,5.0,1
34,117,5.1938200260161100,1
58,336,5.920818753952380,1
54,24,5.0,1
44,284,5.0,1
49,203,5.1487416512809200,1
30,144,5.0,1
61,179,5.619788758288390,1
23,248,6.0,1
16,357,5.6777807052660800,1
14,123,10.0,1
14,260,5.0,1
58,177,5.356547323513810,1
46,421,5.0,1
64,305,5.0,1
56,245,6.721246399047170,1
40,398,5.0,1
41,59,7.136677139879540,1
41,56,5.698970004336020,1
29,320,5.0,1
50,29,5.0,1
45,62,5.886056647693160,1
67,153,5.0,1
65,398,5.0,1
61,14,5.0,1
14,107,5.0,1
27,288,5.0,1
40,231,5.0,1
44,125,7.00436480540245,1
55,308,5.0,1
18,175,5.0,1
62,424,8.318758762624410,1
58,159,8.309803919971490,1
4,185,5.0,1
53,8,6.301029995663980,1
39,119,5.0,1
16,306,5.0,1
30,244,5.0,1
15,286,5.0,1
17,419,5.0,1
18,259,5.0,1
42,294,5.0,1
37,238,5.0,1
27,248,5.0,1
17,5,10.721246399047200,1
39,251,5.0,1
40,393,5.0,1
1,191,5.0,1
44,64,5.6020599913279600,1
53,404,6.795880017344080,1
66,419,7.494850021680090,1
10,433,7.026872146400300,1
57,91,6.958607314841780,1
56,127,7.568636235841010,1
49,433,5.0,1
65,381,5.0,1
41,46,5.0,1
43,269,5.0,1
54,214,5.0,1
28,220,5.0,1
60,217,5.200659450546420,1
51,79,5.0,1
28,342,5.0,1
55,195,5.0,1
33,77,5.0,1
6,348,5.0,1
54,317,5.0,1
44,95,5.0,1
27,423,5.0,1
24,385,5.161150909262740,1
54,17,5.0,1
26,123,7.3979400086720400,1
0,71,5.455931955649720,1
64,171,5.0,1
60,118,5.42021640338319,1
9,397,5.337242168318430,1
2,160,7.958607314841780,1
12,325,5.0,1
29,416,5.0,1
41,431,5.0,1
52,440,5.0,1
3,388,5.0,1
23,117,5.0,1
5,288,5.0,1
57,188,6.366531544420410,1
65,423,5.431798275933010,1
56,435,7.008773924307510,1
62,425,5.0,1
18,226,5.0,1
37,220,5.0,1
59,72,5.0,1
23,76,5.0,1
56,392,7.173925197299170,1
54,398,5.0,1
67,52,5.0,1
30,216,5.0,1
56,131,6.200659450546420,1
5,133,5.823908740944320,1
66,178,6.070581074285710,1
19,420,5.0,1
22,377,5.0,1
55,21,5.0,1
43,164,5.522878745280340,1
66,89,6.638272163982410,1
14,74,5.0,1
16,220,5.0,1
26,111,5.0,1
48,92,5.0,1
25,360,5.0,1
42,253,5.0,1
16,194,5.0,1
34,323,5.0,1
42,266,5.0,1
15,105,5.0,1
3,277,5.0,1
2,26,5.0,1
17,14,10.537602002101000,1
42,143,5.0,1
53,159,8.200659450546420,1
16,245,8.67778070526608,1
4,254,5.0,1
31,325,7.443697499232710,1
60,107,6.214670164989230,1
58,102,6.853871964321760,1
5,232,5.0,1
18,379,5.0,1
25,17,5.0,1
26,116,9.244125144327510,1
26,385,5.6777807052660800,1
66,18,5.309803919971490,1
0,337,5.0,1
20,334,5.0,1
58,434,7.886056647693160,1
34,13,6.0,1
9,80,5.0,1
8,139,5.0,1
67,131,5.0,1
15,243,5.0,1
45,227,5.795880017344080,1
11,300,5.0,1
3,110,6.537602002101040,1
34,212,5.0,1
43,293,5.0,1
62,363,5.0,1
60,42,5.5376020021010400,1
29,247,6.2441251443275100,1
14,350,5.0,1
17,10,10.193820026016100,1
26,330,5.0,1
12,81,5.0,1
35,83,5.0,1
44,408,6.6020599913279600,1
27,188,5.0,1
57,80,7.657577319177790,1
6,154,6.6777807052660800,1
27,387,5.0,1
20,101,5.0,1
57,260,7.251811972993800,1
33,200,5.0,1
2,336,5.0,1
17,305,5.0,1
36,168,6.42021640338319,1
42,241,5.0,1
27,395,5.0,1
48,430,5.0,1
19,77,5.920818753952380,1
32,8,5.0,1
62,167,5.958607314841780,1
67,177,5.0,1
18,10,5.0,1
49,20,5.0,1
54,330,5.0,1
27,132,5.853871964321760,1
31,105,6.619788758288390,1
67,331,5.0,1
36,115,5.275724130399210,1
35,440,6.113509274827520,1
46,228,5.0,1
17,398,5.0,1
9,266,5.0,1
27,13,6.886056647693160,1
1,74,5.0,1
55,347,5.0,1
8,69,5.0,1
55,11,6.229147988357860,1
44,91,5.522878745280340,1
35,85,5.0,1
49,53,7.337242168318430,1
25,246,5.0,1
42,121,5.0,1
47,217,6.096910013008060,1
50,139,5.0,1
43,319,5.0,1
17,413,5.698970004336020,1
28,350,5.0,1
17,145,5.0,1
1,128,5.0,1
45,240,6.229147988357860,1
36,167,5.6777807052660800,1
61,22,5.0,1
51,280,5.0,1
27,247,5.0,1
13,97,5.0,1
48,10,5.0,1
23,441,5.0,1
45,103,7.008773924307510,1
61,211,5.0,1
56,400,7.173925197299170,1
29,333,6.055517327849830,1
33,291,5.0,1
36,237,5.0,1
11,287,5.0,1
15,298,9.494850021680090,1
42,383,5.0,1
43,92,5.0,1
45,231,5.0,1
1,216,5.0,1
9,199,5.0,1
22,16,7.568636235841010,1
56,99,6.958607314841780,1
49,202,5.200659450546420,1
59,275,5.0,1
43,32,5.0,1
4,308,5.0,1
41,155,5.0,1
49,134,5.0,1
10,3,9.744727494896690,1
42,261,5.0,1
62,92,5.0,1
55,174,5.0,1
0,385,5.0,1
10,157,5.0,1
66,29,7.075720713938120,1
58,378,7.568636235841010,1
10,304,6.468521082957750,1
12,414,5.1938200260161100,1
50,55,5.0,1
66,149,7.136677139879540,1
30,363,5.443697499232710,1
34,372,5.0,1
61,194,5.0,1
16,110,5.0,1
35,373,5.0,1
57,89,7.886056647693160,1
43,103,5.3872161432802600,1
16,255,5.0,1
53,172,6.327902142064280,1
26,264,5.0,1
6,318,5.0,1
61,230,5.0,1
28,346,6.318758762624410,1
61,334,5.0,1
1,195,5.0,1
46,257,5.0,1
46,14,5.0,1
50,438,5.0,1
45,114,5.0,1
58,50,5.958607314841780,1
18,220,5.0,1
60,303,5.585026652029180,1
61,52,5.0,1
30,213,5.0,1
16,340,5.0,1
36,75,5.0,1
4,217,5.0,1
34,388,5.0,1
60,94,6.920818753952380,1
6,126,5.0,1
59,353,5.0,1
3,21,5.0,1
14,105,5.154901959985740,1
42,194,5.698970004336020,1
28,263,5.0,1
14,38,5.42021640338319,1
52,93,5.0,1
65,208,5.0,1
51,237,5.0,1
64,265,5.0,1
58,69,5.795880017344080,1
16,107,5.0,1
21,197,5.0,1
5,168,6.431798275933010,1
20,196,5.769551078621730,1
11,441,5.0,1
52,407,5.0,1
28,131,5.173925197299170,1
34,375,5.0,1
65,92,5.0,1
61,70,5.508638306165730,1
32,114,5.187086643357140,1
9,29,5.0,1
32,251,6.568636235841010,1
45,308,5.0,1
38,106,5.0,1
45,43,5.0,1
3,309,5.0,1
1,65,5.0,1
7,8,5.0,1
36,261,5.0,1
32,317,5.0,1
59,58,5.0,1
27,249,5.0,1
61,412,5.0,1
23,278,5.0,1
48,118,5.0,1
67,422,5.0,1
9,339,5.0,1
64,187,5.0,1
2,211,6.113509274827520,1
62,136,5.0,1
60,441,5.42021640338319,1
22,0,5.0,1
20,76,5.0,1
25,412,5.0,1
28,213,5.0,1
56,339,8.823908740944320,1
46,210,5.0,1
27,271,5.0,1
5,176,5.167491087293760,1
28,166,5.259637310505760,1
42,424,5.0,1
20,55,5.552841968657780,1
40,323,5.0,1
22,414,7.6777807052660800,1
22,58,6.259637310505760,1
66,372,5.0,1
50,94,5.0,1
11,56,5.0,1
32,369,5.142667503568730,1
38,92,5.107905397309520,1
23,136,5.0,1
27,26,5.0,1
60,301,5.0,1
42,188,5.0,1
18,348,5.0,1
44,249,5.0,1
61,335,5.0,1
37,400,5.886056647693160,1
59,320,8.275724130399210,1
40,407,5.823908740944320,1
2,363,5.958607314841780,1
48,359,6.0915149811213500,1
28,262,5.920818753952380,1
5,196,5.795880017344080,1
62,38,5.1487416512809200,1
56,160,8.602059991327960,1
63,165,5.721246399047170,1
25,327,5.0,1
10,167,7.958607314841780,1
51,286,5.0,1
48,310,5.0,1
12,223,5.0,1
9,94,5.0,1
36,94,5.0,1
53,161,8.744727494896690,1
41,428,5.823908740944320,1
17,329,5.0,1
8,145,6.2076083105017500,1
46,304,5.0,1
67,79,5.055517327849830,1
11,290,5.0,1
9,253,5.0,1
66,215,7.337242168318430,1
32,121,5.0,1
42,394,5.0,1
57,126,5.0,1
10,307,5.0,1
24,180,5.0,1
56,74,6.292429823902060,1
47,256,5.0,1
2,94,5.0,1
17,129,9.619788758288390,1
30,53,5.0,1
12,90,5.0,1
4,384,5.0,1
31,148,5.958607314841780,1
9,284,5.0,1
25,288,5.0,1
1,151,5.0,1
58,182,5.3979400086720400,1
7,334,5.0,1
65,350,5.0,1
3,301,5.0,1
27,321,5.0,1
13,288,5.0,1
4,314,5.0,1
39,410,6.0,1
66,291,5.522878745280340,1
53,38,7.568636235841010,1
33,347,5.0,1
52,201,5.0,1
28,235,5.275724130399210,1
46,292,5.0,1
10,59,6.107905397309520,1
26,311,5.0,1
51,322,5.0,1
42,402,5.0,1
61,295,5.0,1
20,56,5.0,1
10,345,5.0,1
61,254,5.0,1
32,238,5.0,1
3,356,5.0,1
21,317,5.0,1
48,170,6.096910013008060,1
49,344,5.0,1
47,242,6.318758762624410,1
2,4,9.113509274827520,1
28,324,5.769551078621730,1
24,71,5.0,1
53,109,6.585026652029180,1
38,186,5.0,1
40,348,5.0,1
62,332,6.769551078621730,1
39,321,5.0,1
40,362,5.455931955649720,1
53,288,5.0,1
10,50,5.0,1
42,71,5.0,1
28,3,5.346787486224660,1
44,285,5.0,1
5,81,5.657577319177790,1
50,108,5.0,1
51,34,5.0,1
28,12,6.7447274948966900,1
45,286,5.0,1
50,23,5.508638306165730,1
34,327,5.0,1
26,292,5.0,1
2,167,7.301029995663980,1
14,200,5.107905397309520,1
47,286,6.161150909262740,1
24,391,5.0,1
20,130,5.0,1
17,204,9.244125144327510,1
11,147,5.0,1
55,147,5.0,1
43,250,5.0,1
30,408,5.0,1
16,218,6.026872146400300,1
48,21,5.0,1
6,315,5.0,1
37,266,5.0,1
3,38,5.0,1
54,279,5.0,1
29,368,5.0,1
46,398,5.0,1
9,425,5.0,1
39,377,5.0,1
9,45,5.0,1
66,141,5.0,1
30,428,5.0,1
10,182,5.0,1
32,106,5.080921907623930,1
10,348,5.0,1
29,174,5.0,1
58,12,8.267606240177030,1
56,409,7.187086643357140,1
31,328,5.0,1
11,250,5.0,1
7,143,5.0,1
3,254,5.0,1
3,421,5.0,1
52,45,5.795880017344080,1
56,6,7.7447274948966900,1
57,7,6.853871964321760,1
58,334,5.920818753952380,1
50,60,5.0,1
67,160,5.0,1
49,436,5.0,1
41,331,5.0,1
24,57,6.431798275933010,1
33,176,5.0,1
44,104,5.0,1
33,232,5.0,1
17,247,5.0,1
38,103,5.0,1
11,134,5.0,1
25,111,5.0,1
37,5,5.113509274827520,1
50,125,5.0,1
55,50,5.0,1
66,46,5.0,1
57,275,5.0,1
24,285,5.0,1
31,57,5.522878745280340,1
46,349,5.0,1
51,228,5.0,1
62,175,5.0,1
24,45,5.0,1
62,170,5.0,1
17,381,5.920818753952380,1
3,183,5.0,1
13,260,5.0,1
64,256,5.0,1
34,38,5.0,1
2,334,5.0,1
55,188,5.0,1
19,146,5.0,1
1,269,5.0,1
29,401,5.7447274948966900,1
41,62,5.0,1
38,361,5.0,1
14,194,5.0,1
29,40,5.721246399047170,1
2,293,5.0,1
26,125,5.3979400086720400,1
27,48,5.0,1
6,9,6.537602002101040,1
60,213,6.508638306165730,1
17,189,5.0,1
3,46,5.0,1
19,219,6.769551078621730,1
66,182,5.769551078621730,1
37,93,5.0,1
14,372,5.0,1
38,138,8.221848749616360,1
24,358,5.0,1
9,306,5.0,1
6,228,6.455931955649720,1
26,115,8.958607314841780,1
41,124,5.0,1
0,265,6.060480747381380,1
2,402,7.356547323513810,1
34,71,5.0,1
17,211,6.2441251443275100,1
44,171,5.0,1
37,364,5.0,1
41,2,5.0,1
49,289,5.0,1
11,106,5.0,1
56,289,8.508638306165730,1
21,440,5.0,1
28,184,5.0,1
0,192,5.0,1
48,95,5.0,1
14,438,5.0,1
18,217,5.853871964321760,1
59,88,5.886056647693160,1
51,252,5.0,1
9,50,5.0,1
38,33,5.0,1
49,255,5.0,1
22,167,7.055517327849830,1
34,6,6.292429823902060,1
55,25,5.0,1
60,215,6.060480747381380,1
10,137,5.522878745280340,1
7,285,5.0,1
33,234,5.0,1
3,261,5.0,1
30,246,5.0,1
15,28,5.0,1
63,243,6.619788758288390,1
25,324,5.0,1
52,353,5.0,1
11,39,5.698970004336020,1
5,95,5.0,1
8,167,5.0,1
34,251,5.0,1
42,5,5.0,1
26,231,5.0,1
5,344,6.2839966563652000,1
36,108,5.327902142064280,1
67,23,5.0,1
12,409,6.823908740944320,1
0,118,5.0,1
24,327,5.0,1
5,441,5.0,1
17,36,5.0,1
18,434,5.0,1
54,391,5.0,1
27,434,5.0,1
66,430,8.537602002101040,1
44,320,7.376750709602100,1
66,414,6.6777807052660800,1
14,353,6.154901959985740,1
67,77,5.0,1
32,436,5.0,1
47,158,9.148741651280930,1
52,88,5.7447274948966900,1
1,193,5.0,1
30,283,5.0,1
58,294,6.251811972993800,1
30,417,5.0,1
32,174,5.0,1
8,411,5.0,1
19,398,6.275724130399210,1
24,373,5.0,1
56,229,7.7447274948966900,1
57,401,6.050609993355090,1
60,221,5.0,1
33,53,5.0,1
12,24,5.0,1
56,195,8.008773924307510,1
55,306,5.0,1
37,221,5.0,1
10,223,7.522878745280340,1
2,2,8.721246399047170,1
18,339,5.0,1
39,155,5.0,1
45,214,7.075720713938120,1
1,117,5.0,1
44,438,5.0,1
1,220,5.0,1
2,50,5.522878745280340,1
11,324,5.0,1
18,30,6.0,1
13,213,5.0,1
42,310,8.853871964321760,1
31,112,5.958607314841780,1
25,133,5.0,1
60,273,5.920818753952380,1
40,200,8.744727494896690,1
22,83,6.070581074285710,1
15,177,5.0,1
36,86,5.0,1
45,230,5.0,1
3,1,5.0,1
31,192,6.537602002101040,1
35,350,5.0,1
53,10,6.301029995663980,1
14,235,5.0,1
43,57,5.0,1
50,113,6.468521082957750,1
28,298,7.552841968657780,1
14,252,5.0,1
51,75,5.0,1
51,416,5.0,1
34,438,5.0,1
21,5,6.823908740944320,1
36,154,5.0,1
62,71,5.0,1
21,153,5.0,1
61,63,5.0,1
54,357,5.0,1
44,45,5.795880017344080,1
31,172,8.142667503568730,1
65,122,7.920818753952380,1
57,59,5.823908740944320,1
36,36,6.769551078621730,1
6,412,5.0,1
14,405,5.823908740944320,1
38,30,5.0,1
24,305,5.0,1
62,165,5.0,1
62,48,5.0,1
49,106,5.0,1
32,171,5.0,1
32,272,5.0,1
5,146,6.481486060122110,1
23,435,5.0,1
7,303,5.0,1
55,298,7.431798275933010,1
35,364,5.0,1
52,434,5.0,1
12,118,5.0,1
51,137,5.0,1
12,181,5.0,1
2,264,8.508638306165730,1
32,66,5.0,1
27,193,5.0,1
36,216,6.7447274948966900,1
49,420,5.0,1
50,212,5.0,1
26,105,5.161150909262740,1
15,382,5.0,1
46,407,5.0,1
40,327,5.0,1
62,129,5.0,1
22,7,6.958607314841780,1
6,411,5.0,1
27,277,5.0,1
54,431,5.0,1
60,275,6.1938200260161100,1
31,169,8.387216143280270,1
9,277,5.0,1
45,424,5.468521082957750,1
12,164,5.0,1
15,79,5.0,1
10,367,6.443697499232710,1
15,36,5.6777807052660800,1
32,305,5.0,1
54,201,5.0,1
2,361,5.0,1
55,329,5.0,1
60,210,7.142667503568730,1
39,213,5.0,1
2,393,5.0,1
35,439,5.0,1
37,375,5.0,1
30,195,5.0,1
49,88,5.0,1
62,97,5.0,1
36,40,5.0,1
40,229,6.638272163982410,1
47,229,5.0,1
4,208,5.0,1
42,382,5.0,1
12,269,5.0,1
19,83,5.187086643357140,1
47,331,5.0,1
55,196,5.136677139879540,1
32,33,5.0,1
43,50,5.721246399047170,1
29,305,6.853871964321760,1
23,315,5.0,1
48,254,5.0,1
7,332,5.0,1
6,109,5.0,1
56,153,7.055517327849830,1
16,265,5.0,1
18,246,5.0,1
3,376,5.0,1
5,61,5.0,1
29,321,5.0,1
37,10,5.0,1
22,95,5.0,1
60,34,5.356547323513810,1
63,395,5.0,1
42,268,5.0,1
63,190,5.0,1
58,163,7.958607314841780,1
17,320,5.0,1
64,424,5.0,1
7,432,5.0,1
28,20,5.0,1
44,313,6.42021640338319,1
3,413,5.0,1
47,341,5.0,1
4,367,5.0,1
56,148,7.1938200260161100,1
45,391,5.0,1
45,106,5.0,1
41,245,9.568636235841010,1
53,418,6.00436480540245,1
58,403,7.356547323513810,1
67,254,5.0,1
5,306,5.0,1
37,310,5.0,1
8,304,5.0,1
17,428,5.0,1
32,1,5.0,1
14,259,5.0,1
12,350,5.0,1
66,241,8.744727494896690,1
15,55,5.0,1
51,141,5.0,1
12,313,5.0,1
12,369,5.0,1
28,95,5.0,1
16,90,5.0,1
43,33,5.0,1
56,72,7.0,1
9,351,5.0,1
13,144,5.0,1
57,101,6.958607314841780,1
53,133,5.366531544420410,1
55,342,5.0,1
20,212,5.0,1
10,80,6.221848749616360,1
7,191,5.6777807052660800,1
60,116,5.823908740944320,1
6,160,6.568636235841010,1
24,170,6.214670164989230,1
26,25,5.0,1
14,93,5.0,1
10,262,7.431798275933010,1
32,75,5.0,1
22,324,5.0,1
0,73,5.0,1
58,406,5.0,1
63,203,6.537602002101040,1
13,401,5.0,1
10,279,5.0,1
16,175,5.0,1
21,182,5.0,1
50,344,5.0,1
10,58,5.0,1
2,335,5.0,1
48,352,5.0,1
47,111,6.327902142064280,1
17,441,5.0,1
64,83,5.0,1
30,41,5.0,1
12,289,5.0,1
28,190,5.0,1
7,317,5.0,1
11,379,5.0,1
63,141,5.0,1
30,256,5.0,1
13,271,5.0,1
8,358,5.0,1
11,371,5.0,1
23,255,5.0,1
15,425,5.0,1
67,198,5.0,1
55,128,5.522878745280340,1
50,48,5.0,1
21,241,7.017728766960430,1
44,27,5.958607314841780,1
9,157,6.958607314841780,1
33,266,5.0,1
48,437,5.0,1
27,300,5.0,1
32,275,5.0,1
35,226,5.0,1
38,188,5.337242168318430,1
27,278,5.0,1
41,213,5.585026652029180,1
30,207,5.0,1
29,162,8.18045606445813,1
63,319,5.0,1
56,420,5.0,1
64,291,5.0,1
57,164,7.958607314841780,1
19,295,5.522878745280340,1
18,32,5.0,1
36,349,5.161150909262740,1
14,162,5.795880017344080,1
32,163,8.585026652029180,1
35,416,5.0,1
47,258,5.0,1
43,121,5.0,1
52,406,5.0,1
47,85,6.795880017344080,1
29,115,5.337242168318430,1
24,287,5.0,1
40,22,6.040958607678910,1
67,186,5.0,1
8,439,6.585026652029180,1
26,218,6.00436480540245,1
56,243,7.481486060122110,1
53,304,7.080921907623930,1
48,375,5.443697499232710,1
53,23,5.0,1
62,180,5.0,1
65,402,5.0,1
43,85,5.657577319177790,1
30,321,6.026872146400300,1
56,133,6.619788758288390,1
35,344,5.0,1
57,171,6.853871964321760,1
38,109,5.0,1
67,164,5.0,1
8,254,5.0,1
53,94,6.522878745280340,1
31,227,6.958607314841780,1
61,183,5.0,1
35,322,5.886056647693160,1
59,285,5.0,1
19,98,5.0,1
21,183,5.0,1
33,147,5.0,1
5,142,5.0,1
0,229,5.0,1
36,327,6.568636235841010,1
64,117,5.0,1
54,182,5.0,1
38,413,6.853871964321760,1
0,258,5.0,1
36,10,5.0,1
15,435,5.0,1
1,101,5.0,1
58,58,7.301029995663980,1
4,261,5.0,1
58,333,6.167491087293760,1
18,80,5.0,1
46,392,5.0,1
28,204,8.638272163982410,1
24,377,5.0,1
21,312,5.0,1
25,365,5.0,1
19,13,7.337242168318430,1
61,384,5.0,1
1,108,5.0,1
34,119,5.494850021680090,1
28,140,5.0,1
43,217,5.0,1
35,189,5.0,1
26,430,5.0,1
62,126,5.0,1
15,67,5.0,1
42,235,5.0,1
30,155,5.0,1
11,218,5.0,1
19,148,5.0,1
35,238,5.0,1
65,312,5.0,1
41,440,5.0,1
23,339,5.0,1
29,400,7.443697499232710,1
59,220,5.0,1
54,384,5.0,1
65,134,6.356547323513810,1
40,127,8.119186407719210,1
54,36,5.0,1
47,197,7.42021640338319,1
40,275,5.0,1
55,302,5.5376020021010400,1
11,122,5.0,1
46,187,5.0,1
22,367,5.7447274948966900,1
21,92,5.0,1
63,6,8.481486060122110,1
62,99,5.173925197299170,1
56,368,7.522878745280340,1
54,318,5.0,1
15,153,7.638272163982410,1
28,58,5.552841968657780,1
25,439,5.0,1
51,418,5.0,1
46,39,5.0,1
56,9,7.6777807052660800,1
12,277,5.494850021680090,1
1,156,5.0,1
30,170,5.0,1
9,237,5.721246399047170,1
34,82,5.638272163982410,1
2,405,5.0,1
15,434,5.0,1
65,309,5.0,1
40,219,5.0,1
49,338,6.698970004336020,1
65,58,5.0,1
1,407,5.0,1
58,404,6.327902142064280,1
67,337,5.0,1
61,407,5.0,1
23,114,5.0,1
31,124,5.0,1
22,152,6.096910013008060,1
10,128,7.7447274948966900,1
3,212,5.0,1
6,170,5.0,1
2,317,5.0,1
58,65,5.2839966563652000,1
45,197,5.698970004336020,1
52,385,5.0,1
12,3,5.0,1
17,346,5.0,1
65,189,5.920818753952380,1
58,16,6.42021640338319,1
60,238,5.508638306165730,1
53,16,5.0,1
41,1,6.113509274827520,1
66,386,7.292429823902060,1
19,20,5.0,1
48,329,5.267606240177030,1
31,289,7.366531544420410,1
61,166,5.0,1
48,415,5.0,1
43,350,5.0,1
31,424,7.823908740944320,1
8,352,5.0,1
50,30,5.0,1
7,312,5.0,1
37,354,6.055517327849830,1
66,187,7.619788758288390,1
44,19,7.7447274948966900,1
14,248,5.6777807052660800,1
41,199,5.0,1
62,232,5.0,1
36,191,5.0,1
32,375,5.0,1
58,308,5.0,1
66,290,6.6777807052660800,1
37,355,7.853871964321760,1
3,424,5.0,1
57,310,5.0,1
52,126,5.0,1
12,177,5.0,1
2,169,5.0,1
13,76,5.0,1
28,253,5.0,1
0,91,6.42021640338319,1
63,182,5.0,1
32,72,5.522878745280340,1
25,146,5.0,1
61,220,5.0,1
32,382,5.0,1
32,422,5.0,1
19,259,5.0,1
64,177,5.0,1
59,176,5.0,1
20,384,5.0,1
5,118,5.522878745280340,1
26,47,5.0,1
54,69,5.0,1
17,363,7.508638306165730,1
42,102,5.0,1
45,123,5.0,1
44,129,5.508638306165730,1
25,135,5.0,1
14,7,7.2441251443275100,1
30,253,5.0,1
13,40,5.0,1
30,191,5.0,1
38,236,5.259637310505760,1
46,426,5.0,1
59,440,5.0,1
37,253,5.0,1
62,131,5.0,1
59,359,5.236572006437060,1
2,312,5.0,1
47,240,6.698970004336020,1
12,144,5.0,1
66,368,5.431798275933010,1
67,359,5.0,1
38,262,8.130768280269020,1
33,72,5.0,1
50,182,5.0,1
32,338,5.638272163982410,1
9,16,5.0,1
57,19,5.0,1
30,181,5.0,1
9,52,5.0,1
7,278,5.0,1
51,124,5.0,1
26,155,5.0,1
42,337,5.0,1
9,211,5.0,1
64,222,5.0,1
3,131,5.0,1
43,30,5.0,1
33,164,5.0,1
42,328,6.2076083105017500,1
65,82,5.0,1
24,98,6.251811972993800,1
56,273,5.508638306165730,1
24,286,5.0,1
2,42,5.0,1
34,325,5.0,1
59,386,5.0,1
12,166,6.229147988357860,1
12,260,5.0,1
43,239,5.0,1
14,11,6.161150909262740,1
9,438,5.0,1
47,213,5.468521082957750,1
46,357,5.0,1
57,311,5.0,1
23,370,5.0,1
17,311,5.0,1
18,124,5.0,1
16,224,6.958607314841780,1
38,53,5.0,1
23,352,5.0,1
41,422,5.0,1
64,416,5.0,1
54,132,5.0,1
30,328,5.0,1
3,331,5.0,1
26,110,5.0,1
15,121,6.920818753952380,1
31,13,6.040958607678910,1
31,78,6.6777807052660800,1
46,201,5.0,1
59,144,5.0,1
1,309,5.0,1
16,210,7.522878745280340,1
4,99,5.0,1
29,104,7.173925197299170,1
26,324,5.236572006437060,1
55,321,5.0,1
65,152,5.958607314841780,1
2,417,6.494850021680090,1
51,51,5.0,1
25,380,5.0,1
22,245,8.853871964321760,1
49,18,5.0,1
58,341,5.0,1
20,317,5.0,1
33,94,5.0,1
0,26,6.7447274948966900,1
34,7,6.026872146400300,1
21,111,5.886056647693160,1
56,124,5.0,1
39,129,5.721246399047170,1
5,149,5.0,1
16,54,5.0,1
32,81,5.0,1
18,178,5.0,1
39,88,5.0,1
3,142,5.0,1
51,121,5.0,1
10,317,5.0,1
36,112,5.886056647693160,1
0,358,6.7447274948966900,1
44,77,5.0,1
57,108,6.958607314841780,1
67,257,5.0,1
45,243,5.0,1
51,269,5.0,1
1,23,5.0,1
54,188,5.0,1
52,420,5.0,1
59,81,7.366531544420410,1
7,154,5.0,1
2,438,5.920818753952380,1
24,387,7.0655015487564300,1
25,376,5.0,1
58,144,5.0,1
47,52,6.337242168318430,1
24,190,5.0,1
11,349,5.0,1
11,46,5.0,1
15,318,5.0,1
2,213,5.0,1
0,346,6.0,1
2,347,5.0,1
29,412,5.7447274948966900,1
37,25,5.0,1
43,356,5.0,1
24,9,5.0,1
44,310,6.721246399047170,1
8,261,5.0,1
56,88,5.619788758288390,1
2,206,7.7447274948966900,1
30,42,5.0,1
3,314,5.0,1
15,227,5.698970004336020,1
11,174,5.0,1
55,46,5.0,1
1,154,5.0,1
1,95,5.0,1
10,233,5.0,1
28,275,5.0,1
64,364,5.0,1
2,142,5.0,1
17,287,5.0,1
56,252,6.853871964321760,1
42,77,5.0,1
34,431,5.0,1
17,265,5.0,1
41,122,5.0,1
63,373,5.102372908709560,1
10,231,5.0,1
11,29,5.0,1
3,141,5.0,1
40,21,7.161150909262740,1
49,400,6.136677139879540,1
23,233,5.0,1
34,413,5.0,1
61,397,5.0,1
17,94,5.0,1
34,227,5.0,1
18,25,5.0,1
23,365,5.0,1
1,69,5.0,1
10,220,5.0,1
7,98,6.886056647693160,1
26,359,5.0,1
48,125,5.0,1
16,92,5.0,1
49,35,5.0,1
7,324,5.0,1
22,313,5.0,1
47,57,5.0,1
65,29,5.0,1
9,365,5.522878745280340,1
21,302,5.0,1
53,268,5.853871964321760,1
1,297,7.958607314841780,1
41,415,5.0,1
46,196,5.0,1
43,59,5.0,1
25,2,5.0,1
17,260,5.0,1
18,188,5.0,1
65,289,5.0,1
36,378,5.823908740944320,1
35,237,5.0,1
52,213,5.0,1
51,222,5.0,1
24,157,5.0,1
20,150,5.0,1
41,93,5.0,1
58,63,5.0,1
41,340,5.0,1
25,178,5.0,1
65,360,5.0,1
65,119,8.060480747381380,1
35,361,5.0,1
49,95,5.0,1
16,381,5.886056647693160,1
44,232,5.0,1
23,41,5.7447274948966900,1
56,101,7.769551078621730,1
16,40,5.0,1
20,199,5.0,1
5,386,5.0,1
65,155,5.638272163982410,1
47,297,7.221848749616360,1
53,297,8.958607314841780,1
39,431,5.0,1
38,108,5.958607314841780,1
33,408,5.0,1
27,296,5.0,1
5,274,5.0,1
28,137,5.958607314841780,1
42,265,5.823908740944320,1
18,329,5.0,1
21,303,5.0,1
47,34,6.795880017344080,1
19,228,6.795880017344080,1
30,348,5.0,1
63,218,6.187086643357140,1
34,142,5.0,1
0,334,5.0,1
6,355,6.920818753952380,1
15,289,5.0,1
29,157,7.136677139879540,1
45,95,5.0,1
44,115,5.522878745280340,1
49,287,5.0,1
54,302,5.0,1
56,220,5.585026652029180,1
18,92,5.0,1
34,283,5.0,1
8,309,5.0,1
0,145,5.0,1
5,391,5.0,1
12,33,5.0,1
33,387,5.0,1
26,312,5.0,1
61,342,5.0,1
47,93,7.1938200260161100,1
12,79,7.060480747381380,1
42,165,5.0,1
20,98,5.0,1
67,276,5.0,1
9,242,5.0,1
0,149,5.0,1
45,287,5.0,1
49,195,10.443697499232700,1
5,105,6.187086643357140,1
48,409,5.0,1
45,250,5.0,1
42,148,5.0,1
28,440,5.0,1
6,74,6.275724130399210,1
4,65,5.0,1
51,170,5.0,1
62,201,5.0,1
4,307,5.0,1
4,97,5.0,1
6,218,5.0,1
46,124,5.0,1
49,245,5.0,1
34,8,6.1249387366083,1
65,79,5.7447274948966900,1
18,300,5.0,1
66,160,9.3767507096021,1
20,180,5.7447274948966900,1
29,385,6.251811972993800,1
66,135,5.0,1
62,281,5.0,1
50,93,5.0,1
53,190,5.721246399047170,1
57,77,6.522878745280340,1
26,339,5.0,1
64,374,5.0,1
9,7,5.0,1
1,335,5.0,1
66,333,5.853871964321760,1
34,218,5.853871964321760,1
55,279,5.0,1
46,202,5.0,1
51,142,5.0,1
48,423,5.0,1
2,134,6.886056647693160,1
66,42,7.251811972993800,1
15,293,5.0,1
20,410,5.0,1
56,184,8.236572006437060,1
5,33,5.0,1
36,96,5.327902142064280,1
31,225,5.585026652029180,1
46,403,5.0,1
47,62,5.0,1
9,121,6.292429823902060,1
60,70,6.920818753952380,1
25,305,5.0,1
10,277,5.0,1
15,154,7.455931955649720,1
8,208,5.0,1
22,246,9.0,1
10,324,5.0,1
18,113,5.0,1
1,157,7.3872161432802600,1
44,148,5.0,1
57,81,7.698970004336020,1
26,179,6.508638306165730,1
18,103,7.481486060122110,1
40,37,5.0,1
32,311,5.0,1
7,342,5.0,1
28,199,6.619788758288390,1
46,368,5.0,1
24,78,5.275724130399210,1
25,423,5.0,1
52,163,5.031517051446070,1
38,377,5.0,1
50,392,5.0,1
49,324,5.0,1
19,128,5.0,1
46,366,5.0,1
32,430,8.09151498112135,1
28,33,5.096910013008060,1
3,189,5.0,1
44,36,5.0,1
55,287,5.119186407719210,1
45,94,5.0,1
30,36,5.0,1
45,146,5.0,1
50,329,5.0,1
22,232,5.0,1
36,0,7.318758762624410,1
1,230,5.0,1
17,112,6.920818753952380,1
66,344,6.00436480540245,1
59,179,5.0,1
16,322,5.0,1
44,379,5.136677139879540,1
5,349,5.2839966563652000,1
4,237,5.0,1
17,177,5.0,1
0,204,5.0,1
65,334,5.0,1
48,222,5.0,1
25,358,5.0,1
6,435,5.0,1
23,211,5.0,1
45,79,5.0,1
29,150,6.1249387366083,1
49,295,5.0,1
14,429,5.327902142064280,1
17,292,5.0,1
45,219,5.0,1
28,164,7.107905397309520,1
65,192,5.0,1
47,292,6.508638306165730,1
4,429,5.0,1
30,315,5.0,1
27,317,5.0,1
13,111,5.0,1
65,233,5.0,1
63,230,5.42021640338319,1
32,131,6.958607314841780,1
7,180,5.0,1
31,117,5.853871964321760,1
12,264,5.0,1
19,9,7.1249387366083,1
55,152,5.568636235841010,1
44,101,6.086186147616280,1
45,53,5.0,1
29,20,6.431798275933010,1
66,410,5.853871964321760,1
59,277,5.0,1
50,257,5.568636235841010,1
43,279,5.0,1
34,424,5.0,1
52,59,5.0,1
54,135,5.0,1
30,187,5.0,1
67,395,5.0,1
44,357,6.455931955649720,1
8,61,6.376750709602100,1
12,392,5.0,1
48,296,5.0,1
14,287,5.0,1
20,204,5.2839966563652000,1
48,168,5.958607314841780,1
10,27,6.161150909262740,1
20,437,5.0,1
38,66,5.0,1
16,18,6.0655015487564300,1
41,228,6.552841968657780,1
25,388,5.0,1
5,255,5.0,1
51,172,5.0,1
4,19,5.0,1
2,399,6.221848749616360,1
16,163,6.0655015487564300,1
4,346,5.0,1
22,242,5.0,1
36,101,5.0,1
39,193,5.0,1
23,368,5.0,1
20,122,5.0,1
51,221,5.0,1
27,381,5.0,1
22,335,5.0,1
19,267,7.096910013008060,1
24,318,5.0,1
56,303,6.795880017344080,1
54,324,5.0,1
61,225,5.0,1
43,188,5.0,1
60,45,5.031517051446070,1
27,73,5.0,1
28,139,5.0,1
7,363,5.0,1
26,265,5.0,1
3,54,5.0,1
25,275,5.0,1
39,38,5.0,1
59,141,5.0,1
62,211,5.0,1
4,327,5.0,1
66,189,6.920818753952380,1
14,141,5.0,1
17,119,6.920818753952380,1
21,203,5.795880017344080,1
56,150,7.638272163982410,1
51,120,5.0,1
41,227,6.309803919971490,1
25,399,5.0,1
63,103,6.638272163982410,1
29,375,6.552841968657780,1
49,226,5.698970004336020,1
35,341,5.0,1
53,204,9.537602002101040,1
25,60,5.0,1
28,404,6.327902142064280,1
60,300,5.920818753952380,1
46,328,5.0,1
5,96,5.0,1
24,47,5.0,1
41,30,5.0,1
8,197,5.0,1
16,52,5.0,1
58,155,6.958607314841780,1
1,281,5.0,1
57,180,7.795880017344080,1
35,292,5.0,1
6,29,5.0,1
4,53,5.0,1
27,302,5.0,1
46,151,5.0,1
9,155,5.0,1
55,220,5.0,1
21,190,5.0,1
12,308,5.0,1
9,97,5.0,1
13,276,5.0,1
33,345,5.0,1
26,223,5.481486060122110,1
35,64,5.0,1
44,312,6.721246399047170,1
5,165,5.0,1
39,210,7.327902142064280,1
39,35,5.0,1
20,345,5.0,1
3,140,5.0,1
30,110,5.0,1
21,379,5.0,1
18,44,5.568636235841010,1
46,345,5.0,1
53,26,5.0,1
36,285,5.0,1
48,109,6.6020599913279600,1
6,68,5.0,1
33,292,5.0,1
33,122,5.0,1
56,244,8.193820026016110,1
52,29,5.0,1
9,26,5.0,1
44,278,5.0,1
23,297,5.0,1
16,186,6.1487416512809200,1
33,91,5.0,1
17,39,9.67778070526608,1
62,381,5.0,1
61,286,5.0,1
29,417,6.568636235841010,1
48,163,6.008773924307510,1
30,45,5.0,1
14,250,6.585026652029180,1
24,130,5.0,1
12,124,5.0,1
39,364,5.0,1
45,85,5.0,1
47,164,8.356547323513810,1
61,154,5.0,1
66,309,5.0,1
30,380,5.0,1
60,315,5.0,1
66,427,6.468521082957750,1
11,71,5.0,1
14,399,5.0,1
58,254,5.958607314841780,1
53,5,5.920818753952380,1
3,50,5.0,1
39,319,5.0,1
38,296,5.0,1
1,39,5.0,1
20,11,5.0,1
47,121,6.721246399047170,1
59,316,6.522878745280340,1
34,432,5.0,1
13,358,5.0,1
37,7,5.0,1
51,9,5.0,1
62,197,5.0,1
13,296,5.0,1
22,173,5.0,1
44,144,5.0,1
25,428,5.0,1
0,57,6.1487416512809200,1
20,250,5.0,1
25,219,5.0,1
29,100,5.0,1
35,164,5.0,1
44,429,5.00436480540245,1
40,89,5.0,1
25,253,5.0,1
40,197,5.823908740944320,1
55,386,6.0,1
33,167,5.0,1
51,223,5.0,1
67,20,5.0,1
53,330,5.0,1
29,88,5.638272163982410,1
36,4,5.0,1
60,112,5.468521082957750,1
20,227,5.0,1
61,51,5.0,1
20,39,5.0,1
8,47,5.0,1
44,29,5.0,1
65,227,5.823908740944320,1
43,25,5.0,1
55,120,5.0,1
30,414,5.0,1
66,45,5.0,1
49,144,5.0,1
57,135,5.0,1
65,99,5.0,1
13,181,5.0,1
49,243,5.657577319177790,1
44,345,5.0,1
37,108,5.0,1
52,8,5.0,1
0,46,5.0,1
65,27,5.6777807052660800,1
23,247,5.0,1
18,65,5.0,1
46,25,5.0,1
10,193,5.0,1
5,308,5.0,1
6,47,5.0,1
56,57,7.3872161432802600,1
23,83,5.0,1
17,34,5.031517051446070,1
17,251,5.0,1
52,55,5.0,1
49,211,5.0,1
36,311,5.0,1
14,289,5.0,1
42,430,5.0,1
33,256,5.0,1
64,197,5.0,1
41,29,6.113509274827520,1
56,239,8.301029995663980,1
29,402,5.0,1
19,50,5.0,1
32,93,5.0,1
14,363,6.522878745280340,1
3,129,5.0,1
66,61,5.0,1
1,217,5.0,1
65,14,7.318758762624410,1
47,221,5.0,1
59,174,5.0,1
23,74,5.0,1
5,102,5.0,1
61,175,5.0,1
21,95,5.0,1
36,228,6.187086643357140,1
6,80,5.0,1
12,408,5.0,1
66,3,5.585026652029180,1
67,253,5.0,1
32,322,5.0,1
51,253,5.0,1
43,322,5.0,1
12,186,5.0,1
23,299,5.0,1
34,409,5.795880017344080,1
13,433,5.0,1
27,392,5.0,1
2,340,5.0,1
16,207,5.0,1
4,312,5.0,1
20,29,5.301029995663980,1
47,263,5.0,1
7,397,5.0,1
60,26,5.0,1
41,313,5.0,1
42,28,5.0,1
33,282,5.0,1
33,0,5.0,1
63,438,5.318758762624410,1
8,3,5.0,1
45,228,5.657577319177790,1
61,264,5.0,1
28,24,5.0,1
12,417,5.0,1
31,392,7.292429823902060,1
62,53,5.455931955649720,1
36,428,5.0,1
45,15,6.187086643357140,1
4,102,5.0,1
40,87,5.0,1
67,259,5.0,1
41,335,5.0,1
55,343,5.0,1
14,315,5.0,1
63,207,5.638272163982410,1
6,249,5.0,1
19,152,6.3872161432802600,1
54,33,5.0,1
16,181,5.0,1
62,69,5.0,1
20,365,5.0,1
59,184,5.0,1
28,412,5.0,1
59,357,5.0,1
63,229,7.080921907623930,1
8,272,5.0,1
53,233,6.356547323513810,1
52,343,5.0,1
9,32,5.0,1
3,271,5.0,1
45,191,5.0,1
15,244,5.585026652029180,1
28,418,6.920818753952380,1
66,158,8.42021640338319,1
8,240,5.0,1
12,291,5.0,1
35,216,5.0,1
38,234,5.0,1
47,180,5.853871964321760,1
12,105,5.0,1
44,157,5.920818753952380,1
15,391,5.0,1
52,170,5.0,1
3,241,5.0,1
42,29,5.0,1
51,268,5.0,1
33,273,5.0,1
25,34,5.0,1
51,89,5.0,1
57,50,6.013228265733760,1
15,69,5.0,1
53,356,7.619788758288390,1
34,441,5.0,1
50,40,5.0,1
21,96,5.0,1
15,329,5.0,1
44,423,6.481486060122110,1
12,152,5.0,1
17,222,5.0,1
10,352,6.4089353929735000,1
52,432,5.0,1
57,434,5.0,1
34,260,5.0,1
3,306,5.0,1
63,117,5.0,1
6,60,5.0,1
44,60,5.795880017344080,1
53,269,5.0,1
28,183,5.958607314841780,1
25,233,5.0,1
53,371,6.823908740944320,1
63,1,8.522878745280340,1
66,434,5.0,1
37,218,6.795880017344080,1
57,124,5.0,1
49,380,5.0,1
49,360,5.920818753952380,1
51,394,5.0,1
50,126,5.0,1
57,271,6.013228265733760,1
22,439,8.259637310505760,1
62,187,5.0,1
33,437,5.0,1
54,114,5.376750709602100,1
57,239,5.769551078621730,1
58,316,5.0,1
17,266,5.455931955649720,1
1,214,5.6777807052660800,1
40,293,5.0,1
40,167,8.309803919971490,1
65,338,6.2076083105017500,1
20,24,5.0,1
8,267,6.154901959985740,1
37,127,5.0,1
30,243,5.0,1
18,423,5.0,1
38,116,9.214670164989230,1
4,298,5.0,1
17,243,5.0,1
53,315,5.0,1
60,374,6.376750709602100,1
2,113,5.721246399047170,1
21,148,5.0,1
8,9,5.0,1
1,115,5.0,1
40,319,5.0,1
20,432,5.0,1
29,315,5.0,1
47,427,7.853871964321760,1
47,238,6.136677139879540,1
26,189,7.161150909262740,1
64,176,5.0,1
53,14,6.036212172654440,1
26,290,5.0,1
21,386,7.585026652029180,1
44,416,6.055517327849830,1
5,237,5.0,1
65,321,5.0,1
62,150,5.0,1
30,245,5.0,1
42,249,5.0,1
2,75,8.4089353929735,1
22,429,6.346787486224660,1
27,44,5.0,1
11,317,5.0,1
13,88,5.0,1
13,212,5.0,1
23,422,5.0,1
53,154,6.42021640338319,1
12,244,5.0,1
5,77,5.0,1
30,39,5.0,1
7,58,7.657577319177790,1
54,266,5.0,1
51,409,5.0,1
35,236,5.0,1
34,180,5.0,1
33,183,5.0,1
30,185,5.0,1
53,33,5.0,1
11,185,5.0,1
53,129,5.0,1
31,49,7.180456064458130,1
49,60,5.823908740944320,1
65,438,5.0,1
49,250,5.0,1
54,382,5.0,1
35,13,7.6020599913279600,1
53,365,6.031517051446070,1
6,325,5.0,1
25,184,5.0,1
27,222,5.0,1
0,262,5.0,1
41,165,5.853871964321760,1
56,69,7.075720713938120,1
36,366,5.107905397309520,1
17,37,5.0,1
66,321,5.0,1
20,292,5.0,1
7,192,5.0,1
8,373,5.0,1
18,169,5.0,1
40,119,6.0655015487564300,1
19,434,5.0,1
10,400,7.0,1
23,429,5.0,1
2,36,6.130768280269020,1
22,343,5.0,1
56,18,6.167491087293760,1
6,244,5.494850021680090,1
46,300,5.0,1
13,193,5.0,1
26,278,5.0,1
48,284,5.0,1
35,192,5.0,1
38,252,5.0,1
47,44,6.619788758288390,1
38,130,5.0,1
36,430,5.494850021680090,1
51,62,5.0,1
21,209,5.0,1
60,189,6.657577319177790,1
1,276,5.0,1
63,161,7.346787486224660,1
15,82,5.0,1
26,191,6.267606240177030,1
59,120,5.657577319177790,1
8,76,5.0,1
21,395,5.0,1
53,255,5.769551078621730,1
6,398,5.0,1
39,233,5.0,1
50,45,6.275724130399210,1
49,176,5.920818753952380,1
6,420,5.0,1
57,217,5.7447274948966900,1
65,230,5.0,1
57,116,5.0,1
2,306,5.0,1
47,50,6.638272163982410,1
28,21,5.721246399047170,1
31,9,5.6020599913279600,1
47,163,8.823908740944320,1
39,57,5.0,1
67,389,5.0,1
23,102,5.0,1
45,238,5.0,1
57,30,6.508638306165730,1
16,219,6.638272163982410,1
3,273,5.0,1
24,20,5.0,1
48,74,5.0,1
43,15,5.638272163982410,1
45,151,6.00436480540245,1
32,132,5.0,1
14,398,5.0,1
51,84,5.0,1
8,363,5.0,1
7,20,5.0,1
53,388,5.823908740944320,1
41,48,5.0,1
40,274,6.958607314841780,1
18,265,5.0,1
9,3,5.337242168318430,1
8,417,5.0,1
66,64,5.0,1
30,382,5.0,1
15,290,5.0,1
46,61,5.0,1
39,329,5.0,1
36,305,5.853871964321760,1
60,274,5.769551078621730,1
59,182,5.0,1
43,21,5.0,1
44,151,6.2441251443275100,1
1,331,5.0,1
20,105,5.657577319177790,1
7,307,5.0,1
15,268,5.0,1
51,364,5.0,1
67,187,5.0,1
25,142,5.0,1
58,105,5.6777807052660800,1
29,118,5.0,1
32,148,5.0,1
56,353,9.337242168318430,1
5,371,5.0,1
14,4,5.823908740944320,1
14,306,5.0,1
51,108,5.0,1
6,150,5.0,1
66,240,5.431798275933010,1
42,142,5.0,1
44,398,5.0,1
52,141,5.0,1
36,376,6.136677139879540,1
41,86,5.0,1
37,295,5.0,1
52,42,5.0,1
31,20,5.42021640338319,1
34,391,5.0,1
53,257,5.0,1
24,369,5.0,1
54,265,5.0,1
45,375,5.0,1
24,69,5.0,1
55,164,7.769551078621730,1
53,276,5.0,1
53,311,5.0,1
25,258,5.0,1
64,304,5.0,1
53,68,5.1487416512809200,1
35,245,5.0,1
25,13,5.0,1
40,392,5.0,1
11,386,6.769551078621730,1
20,220,5.0,1
40,245,6.080921907623930,1
27,115,5.0,1
13,55,5.0,1
0,120,5.0,1
54,185,5.0,1
0,272,5.0,1
14,240,5.0,1
6,317,5.0,1
38,324,5.0,1
48,291,5.0,1
51,203,5.0,1
52,197,5.0,1
65,206,5.698970004336020,1
36,61,5.0,1
36,234,7.6777807052660800,1
67,215,5.0,1
34,401,5.0,1
24,116,5.0,1
56,206,8.022276394711150,1
1,415,5.0,1
38,73,5.0,1
48,103,5.0,1
61,130,5.0,1
61,182,5.0,1
60,267,6.886056647693160,1
8,381,5.0,1
11,182,5.0,1
16,291,5.0,1
1,186,5.0,1
63,398,5.0,1
46,419,5.0,1
62,33,5.0,1
67,217,5.0,1
30,297,5.0,1
53,132,5.0,1
62,104,5.0,1
2,210,7.958607314841780,1
43,178,5.013228265733760,1
6,271,5.0,1
55,30,5.0,1
47,280,7.795880017344080,1
56,253,8.0,1
6,164,5.619788758288390,1
51,118,5.0,1
22,172,5.0,1
42,400,5.0,1
66,346,6.1938200260161100,1
47,421,6.0,1
63,16,8.397940008672040,1
42,313,8.494850021680090,1
9,270,5.0,1
0,68,5.0,1
22,159,8.853871964321760,1
55,159,7.522878745280340,1
13,131,5.0,1
66,283,5.886056647693160,1
47,173,5.6020599913279600,1
16,384,5.0,1
64,19,5.0,1
25,328,5.0,1
7,401,5.0,1
49,63,5.0,1
45,8,6.251811972993800,1
24,210,5.0,1
60,244,6.086186147616280,1
62,333,5.920818753952380,1
39,263,5.0,1
4,315,5.0,1
54,421,5.0,1
2,13,8.0,1
63,409,6.568636235841010,1
28,410,5.0,1
17,120,5.657577319177790,1
31,223,8.318758762624410,1
49,308,5.0,1
16,153,5.568636235841010,1
63,110,5.0,1
16,23,5.958607314841780,1
38,294,5.638272163982410,1
63,61,6.537602002101040,1
37,174,5.0,1
14,42,5.0,1
23,67,5.0,1
28,167,6.468521082957750,1
29,307,5.0,1
14,139,6.6777807052660800,1
17,401,5.0,1
25,302,5.0,1
46,271,5.0,1
37,55,5.0,1
46,334,5.0,1
3,148,5.0,1
31,138,5.0,1
16,138,5.0,1
7,167,5.0,1
49,412,5.0,1
45,59,5.0,1
9,193,5.0,1
41,103,5.119186407719210,1
48,165,5.0,1
26,350,5.0,1
21,364,5.309803919971490,1
35,167,6.853871964321760,1
49,413,5.0,1
24,339,7.267606240177030,1
12,339,5.0,1
25,226,5.0,1
51,67,5.0,1
6,56,5.0,1
51,346,5.0,1
66,343,5.259637310505760,1
28,223,7.0655015487564300,1
21,358,5.0,1
2,413,7.161150909262740,1
27,322,5.0,1
63,19,5.0,1
46,185,5.0,1
27,169,5.0,1
19,44,5.0,1
67,345,5.0,1
25,285,5.0,1
35,286,5.0,1
10,203,7.136677139879540,1
26,22,5.0,1
63,288,5.356547323513810,1
26,328,5.1249387366083,1
61,238,5.0,1
53,378,5.508638306165730,1
18,90,5.0,1
42,175,5.0,1
38,31,5.823908740944320,1
10,404,6.6020599913279600,1
38,13,5.0,1
64,410,5.0,1
9,220,5.0,1
7,248,5.795880017344080,1
20,254,5.0,1
60,381,6.102372908709560,1
46,439,5.3979400086720400,1
1,431,5.0,1
14,246,5.769551078621730,1
59,20,5.0,1
3,416,5.0,1
7,23,5.0,1
47,260,5.522878745280340,1
67,122,5.0,1
43,379,5.0,1
21,401,5.0,1
30,174,5.0,1
12,160,5.0,1
8,239,5.0,1
46,22,5.0,1
9,20,5.0,1
11,245,5.0,1
49,389,5.0,1
1,326,5.0,1
48,182,6.619788758288390,1
3,362,5.0,1
60,334,7.0,1
17,365,5.0,1
17,108,5.0,1
15,368,5.0,1
9,368,5.0,1
36,362,5.0,1
61,114,6.6777807052660800,1
11,418,5.0,1
1,359,5.0,1
30,71,5.0,1
21,156,5.958607314841780,1
55,296,5.0,1
19,215,5.823908740944320,1
0,146,7.050609993355090,1
53,178,7.080921907623930,1
26,289,5.0,1
3,251,5.0,1
20,429,5.0,1
31,159,9.18045606445813,1
27,71,5.0,1
35,217,5.0,1
34,333,5.0,1
23,358,5.0,1
2,11,8.55284196865778,1
65,15,7.795880017344080,1
57,257,5.0,1
58,242,5.698970004336020,1
67,313,5.0,1
6,288,5.0,1
45,205,8.638272163982410,1
29,188,6.376750709602100,1
27,31,5.0,1
39,298,7.136677139879540,1
7,306,5.0,1
37,202,6.7447274948966900,1
3,250,5.0,1
11,150,5.0,1
44,108,5.494850021680090,1
22,323,5.0,1
65,56,5.0,1
34,98,5.0,1
60,43,5.920818753952380,1
23,147,5.0,1
5,156,5.0,1
64,280,5.0,1
3,358,5.0,1
57,366,6.337242168318430,1
67,191,5.0,1
47,275,6.769551078621730,1
45,42,5.0,1
1,168,5.0,1
22,68,5.0,1
4,325,5.0,1
37,97,5.0,1
4,380,5.0,1
59,219,5.0,1
36,229,5.958607314841780,1
2,165,6.920818753952380,1
52,80,6.3872161432802600,1
13,387,5.0,1
4,351,5.0,1
45,262,5.0,1
56,322,8.494850021680090,1
24,126,5.0,1
36,307,6.2441251443275100,1
60,271,5.0,1
7,283,5.0,1
60,16,6.2441251443275100,1
64,67,5.0,1
26,255,5.0,1
55,365,5.0,1
24,439,7.481486060122110,1
12,146,5.0,1
56,105,8.455931955649720,1
25,415,5.0,1
53,191,7.086186147616280,1
60,408,5.958607314841780,1
44,177,6.455931955649720,1
34,324,5.0,1
23,397,5.0,1
5,27,6.173925197299170,1
41,160,7.017728766960430,1
35,234,5.0,1
5,275,5.0,1
56,310,5.0,1
4,139,5.346787486224660,1
22,208,5.0,1
59,395,5.0,1
9,273,5.0,1
13,426,5.0,1
12,394,5.0,1
12,226,5.301029995663980,1
65,120,6.638272163982410,1
59,216,5.0,1
38,167,5.1938200260161100,1
42,58,5.0,1
57,141,5.0,1
38,135,5.0,1
33,433,5.0,1
41,89,6.0655015487564300,1
33,138,5.0,1
29,24,5.0,1
58,222,6.096910013008060,1
30,179,5.0,1
26,21,5.0,1
6,361,6.0,1
37,278,5.0,1
43,180,5.0,1
6,359,5.920818753952380,1
49,244,5.0,1
14,119,9.619788758288390,1
0,176,6.638272163982410,1
12,66,5.0,1
46,360,6.173925197299170,1
4,84,5.0,1
56,222,8.602059991327960,1
56,325,7.366531544420410,1
25,109,5.0,1
13,78,5.0,1
27,180,5.0,1
26,364,5.0,1
66,43,5.0,1
26,152,5.0,1
41,40,5.0,1
46,276,5.0,1
54,46,5.0,1
61,426,5.0,1
65,403,5.0,1
24,268,5.0,1
24,254,5.0,1
53,173,5.0,1
51,260,5.0,1
55,303,5.5376020021010400,1
22,291,5.0,1
20,223,5.0,1
18,335,5.0,1
36,389,5.920818753952380,1
8,41,5.0,1
27,87,5.0,1
52,307,5.0,1
67,211,5.0,1
22,29,5.920818753952380,1
55,191,5.0,1
48,213,5.229147988357860,1
2,117,6.259637310505760,1
41,292,5.0,1
26,390,5.0,1
26,79,5.886056647693160,1
60,332,5.958607314841780,1
17,95,5.0,1
23,244,5.0,1
29,340,5.0,1
53,221,5.0,1
38,177,5.0,1
64,62,5.0,1
5,408,5.251811972993800,1
25,278,5.0,1
28,236,5.0,1
28,306,5.0,1
54,26,5.0,1
67,212,5.0,1
26,65,5.0,1
53,312,5.0,1
5,71,6.920818753952380,1
6,191,5.0,1
44,349,5.657577319177790,1
31,327,7.7447274948966900,1
64,430,5.0,1
16,164,5.522878745280340,1
18,273,5.0,1
16,29,5.0,1
60,101,7.886056647693160,1
19,347,5.0,1
29,424,6.795880017344080,1
21,158,5.920818753952380,1
12,145,5.0,1
23,306,5.0,1
2,51,5.356547323513810,1
39,166,7.0655015487564300,1
40,150,6.167491087293760,1
61,159,6.508638306165730,1
64,116,5.0,1
15,23,5.0,1
52,251,5.366531544420410,1
64,61,5.0,1
56,374,5.920818753952380,1
21,202,5.0,1
11,352,5.0,1
31,440,5.173925197299170,1
15,406,5.0,1
30,291,5.0,1
27,268,5.0,1
1,162,8.657577319177790,1
56,75,5.292429823902060,1
37,118,5.585026652029180,1
27,142,5.0,1
1,190,5.0,1
54,150,5.0,1
30,406,5.0,1
31,208,7.522878745280340,1
1,68,5.0,1
66,399,5.0,1
57,400,7.031517051446070,1
31,142,5.0,1
10,99,5.0,1
45,83,5.0,1
1,207,7.443697499232710,1
7,103,5.0,1
0,428,5.221848749616360,1
32,19,5.0,1
24,259,5.0,1
63,434,5.0,1
7,173,5.0,1
65,297,6.638272163982410,1
10,115,7.585026652029180,1
33,309,5.0,1
50,163,5.0,1
46,314,8.387216143280270,1
36,421,5.318758762624410,1
58,437,7.638272163982410,1
10,169,6.568636235841010,1
2,411,5.0,1
49,137,5.508638306165730,1
49,416,5.0,1
38,406,5.0,1
0,382,5.0,1
18,15,5.0,1
39,309,5.0,1
30,65,5.0,1
5,335,5.0,1
59,79,5.0,1
32,210,5.0,1
59,361,5.0,1
43,65,5.0,1
9,313,5.0,1
34,308,5.0,1
33,359,5.0,1
22,318,5.0,1
49,103,5.0,1
19,204,8.795880017344080,1
54,11,5.0,1
0,121,5.0,1
40,334,5.0,1
11,83,5.0,1
36,204,7.3872161432802600,1
36,27,6.568636235841010,1
41,138,5.0,1
56,423,6.638272163982410,1
31,414,8.031517051446060,1
40,377,5.0,1
8,426,5.0,1
25,141,5.0,1
62,335,5.0,1
44,175,6.721246399047170,1
25,65,5.0,1
50,210,5.552841968657780,1
37,440,8.096910013008060,1
15,311,5.0,1
1,13,5.0,1
61,265,5.0,1
48,1,5.0,1
12,55,5.0,1
12,73,5.0,1
12,436,5.0,1
24,34,5.0,1
38,98,5.0,1
2,198,7.251811972993800,1
60,417,6.075720713938120,1
16,345,5.0,1
31,388,5.0,1
18,14,6.096910013008060,1
24,18,5.0,1
12,214,7.221848749616360,1
25,299,5.0,1
28,408,5.698970004336020,1
9,57,5.0,1
7,141,5.0,1
15,342,5.0,1
36,71,5.0,1
41,23,5.0,1
49,118,5.0,1
32,297,8.3767507096021,1
57,241,7.337242168318430,1
25,392,5.0,1
27,255,5.0,1
21,261,5.0,1
61,416,5.0,1
45,275,5.0,1
43,420,5.0,1
59,208,5.346787486224660,1
49,427,6.522878745280340,1
15,106,5.0,1
35,57,5.0,1
17,272,5.0,1
47,10,6.366531544420410,1
8,202,5.0,1
22,437,7.318758762624410,1
41,55,5.5376020021010400,1
38,40,5.0,1
65,185,5.0,1
13,289,5.0,1
41,237,5.958607314841780,1
52,283,5.0,1
2,424,5.7447274948966900,1
2,47,5.0,1
45,190,6.096910013008060,1
35,155,5.0,1
21,307,5.0,1
17,8,10.795880017344100,1
38,154,5.0,1
28,68,5.0,1
0,215,5.721246399047170,1
5,124,6.060480747381380,1
3,155,5.0,1
11,60,5.0,1
28,369,5.494850021680090,1
12,185,5.0,1
31,215,8.443697499232710,1
44,187,5.0,1
13,394,5.0,1
20,252,5.0,1
66,216,7.431798275933010,1
47,11,6.173925197299170,1
18,20,5.0,1
40,288,5.0,1
40,169,7.585026652029180,1
54,102,5.0,1
63,67,5.0,1
17,274,5.187086643357140,1
26,93,5.0,1
24,192,5.0,1
56,230,6.055517327849830,1
15,158,5.0,1
36,137,5.508638306165730,1
11,180,5.0,1
36,223,6.853871964321760,1
62,30,5.0,1
62,343,5.0,1
51,429,5.0,1
64,326,5.0,1
44,8,7.221848749616360,1
0,244,5.0,1
43,357,5.0,1
27,388,5.0,1
53,50,5.481486060122110,1
18,428,5.0,1
64,355,5.0,1
8,42,5.0,1
49,165,5.0,1
55,192,5.0,1
1,227,5.0,1
25,10,5.0,1
15,207,9.508638306165730,1
48,390,5.0,1
65,314,5.0,1
8,429,5.0,1
26,358,5.0,1
34,374,5.0,1
14,114,9.886056647693160,1
13,337,5.0,1
61,189,5.568636235841010,1
59,170,5.0,1
6,311,5.0,1
24,365,5.0,1
50,57,5.0,1
55,295,5.795880017344080,1
54,267,5.0,1
43,51,5.0,1
66,350,5.0,1
3,407,5.0,1
17,134,9.4089353929735,1
33,186,5.0,1
18,71,6.657577319177790,1
7,3,5.0,1
23,353,5.0,1
21,137,5.769551078621730,1
63,330,5.0,1
58,117,6.958607314841780,1
62,267,5.0,1
5,307,5.0,1
5,367,5.823908740944320,1
28,316,5.0,1
11,201,5.0,1
46,395,5.0,1
63,209,5.187086643357140,1
67,255,5.0,1
38,369,5.0,1
39,391,5.0,1
23,223,5.0,1
59,426,5.0,1
27,359,5.0,1
56,126,5.920818753952380,1
26,396,5.0,1
59,117,5.6020599913279600,1
58,320,5.0,1
58,269,7.0915149811213500,1
19,66,5.0,1
3,395,5.0,1
55,428,5.0,1
39,216,5.0,1
29,358,7.455931955649720,1
43,27,5.0,1
54,163,5.0,1
39,423,5.0,1
58,251,7.356547323513810,1
17,218,9.244125144327510,1
25,245,5.0,1
55,328,5.0,1
47,355,8.387216143280270,1
19,33,5.0,1
45,382,5.0,1
2,222,5.0,1
17,289,5.0,1
33,315,5.0,1
6,363,5.00436480540245,1
61,53,5.0,1
35,53,5.0,1
45,162,6.130768280269020,1
15,34,5.0,1
31,41,7.2441251443275100,1
10,177,5.721246399047170,1
10,254,5.0,1
54,259,5.0,1
47,38,5.721246399047170,1
2,154,5.522878745280340,1
35,239,5.0,1
45,377,5.0,1
26,142,5.0,1
16,316,5.0,1
56,331,5.0,1
23,69,5.0,1
65,69,5.0,1
16,135,5.0,1
62,247,5.0,1
64,300,5.0,1
65,33,5.0,1
35,252,5.0,1
43,127,5.0,1
48,368,5.236572006437060,1
55,291,5.0,1
41,90,5.0,1
28,291,5.823908740944320,1
27,32,5.0,1
66,262,7.309803919971490,1
35,242,5.0,1
47,404,7.638272163982410,1
31,274,5.309803919971490,1
49,12,5.0,1
64,69,5.0,1
43,337,5.0,1
57,316,5.0,1
42,51,5.0,1
16,141,5.0,1
61,272,5.0,1
64,421,5.0,1
16,64,5.0,1
52,268,5.0,1
60,77,5.42021640338319,1
40,350,5.0,1
49,157,5.0,1
7,212,5.0,1
5,258,5.0,1
39,226,5.0,1
42,362,5.0,1
42,259,5.0,1
39,172,5.0,1
66,198,5.0,1
43,421,5.0,1
67,380,5.0,1
21,437,5.657577319177790,1
11,7,6.1938200260161100,1
10,24,5.0,1
58,271,6.236572006437060,1
19,166,5.638272163982410,1
11,62,5.0,1
49,276,5.0,1
6,247,6.00436480540245,1
65,375,5.0,1
61,115,6.638272163982410,1
55,419,6.221848749616360,1
43,35,5.638272163982410,1
66,418,7.721246399047170,1
14,186,5.0,1
67,367,5.0,1
50,41,5.481486060122110,1
60,229,5.0,1
34,430,5.0,1
35,75,5.0,1
10,159,6.0,1
47,329,6.221848749616360,1
14,108,5.136677139879540,1
62,382,5.0,1
54,311,5.0,1
1,314,5.0,1
61,88,5.0,1
19,424,6.823908740944320,1
31,222,8.468521082957750,1
64,248,5.0,1
34,257,5.0,1
43,175,5.568636235841010,1
56,431,5.0,1
47,373,6.309803919971490,1
22,88,5.0,1
2,275,5.0,1
47,194,5.0,1
2,368,5.769551078621730,1
54,224,5.0,1
11,316,5.0,1
45,265,5.0,1
56,401,9.346787486224660,1
32,154,5.0,1
18,331,5.0,1
40,227,6.4089353929735000,1
33,412,5.0,1
16,368,8.387216143280270,1
53,341,5.0,1
15,343,5.0,1
3,346,5.0,1
12,77,5.0,1
37,87,5.0,1
37,154,5.0,1
30,87,5.0,1
18,87,5.0,1
40,221,5.0,1
1,393,5.0,1
37,6,5.853871964321760,1
35,105,5.0,1
66,366,5.0,1
24,321,5.0,1
44,103,5.214670164989230,1
63,242,5.585026652029180,1
56,265,7.823908740944320,1
28,36,5.522878745280340,1
50,429,5.0,1
64,175,5.0,1
36,396,5.0,1
52,414,5.0,1
50,432,5.0,1
38,300,5.0,1
44,387,5.443697499232710,1
0,396,5.0,1
26,373,5.0,1
51,178,5.0,1
52,401,5.886056647693160,1
0,238,5.0,1
20,420,5.0,1
61,97,5.0,1
20,90,5.0,1
42,226,5.0,1
62,401,5.0,1
40,44,8.244125144327510,1
58,216,9.065501548756430,1
49,190,5.0,1
24,49,5.0,1
30,252,5.0,1
22,41,5.0,1
59,289,5.0,1
28,424,8.236572006437060,1
61,263,5.0,1
18,338,5.0,1
37,100,5.0,1
46,147,5.0,1
47,8,6.4089353929735000,1
64,365,5.0,1
52,441,5.0,1
42,35,5.0,1
7,69,5.0,1
56,247,6.853871964321760,1
14,69,5.0,1
12,241,5.721246399047170,1
63,386,7.086186147616280,1
59,189,5.0,1
11,413,6.795880017344080,1
20,280,5.0,1
3,264,5.0,1
59,412,5.0,1
17,355,6.136677139879540,1
16,86,5.0,1
56,169,7.795880017344080,1
23,4,5.0,1
40,133,8.356547323513810,1
67,425,5.0,1
51,426,5.0,1
35,391,5.0,1
57,353,5.0,1
63,18,5.0,1
47,207,6.3872161432802600,1
1,9,5.0,1
1,423,5.0,1
42,303,5.0,1
67,342,5.0,1
30,153,5.0,1
56,171,7.431798275933010,1
32,140,5.0,1
16,151,5.0,1
11,171,5.0,1
66,305,6.585026652029180,1
19,391,6.376750709602100,1
7,132,5.0,1
56,114,5.958607314841780,1
62,377,6.221848749616360,1
13,104,5.0,1
21,346,5.0,1
50,271,5.0,1
59,21,5.0,1
6,268,5.721246399047170,1
60,173,5.0,1
59,424,5.0,1
56,191,8.769551078621730,1
20,346,5.0,1
6,177,5.0,1
63,204,6.638272163982410,1
39,266,5.0,1
58,178,5.161150909262740,1
39,347,5.0,1
25,168,5.0,1
55,376,5.0,1
67,382,5.0,1
40,251,5.0,1
18,140,5.0,1
42,36,5.0,1
18,359,5.0,1
15,7,7.346787486224660,1
10,190,5.0,1
33,323,5.0,1
7,433,5.0,1
45,57,5.0,1
66,379,5.0,1
65,133,6.537602002101040,1
67,265,5.0,1
12,19,5.0,1
22,288,5.0,1
9,74,5.920818753952380,1
5,365,5.376750709602100,1
1,337,5.0,1
23,412,5.0,1
56,19,5.050609993355090,1
23,307,5.0,1
64,99,5.0,1
47,305,6.026872146400300,1
17,170,5.0,1
55,74,6.886056647693160,1
61,282,5.0,1
59,303,5.0,1
33,146,5.0,1
2,373,5.0,1
35,134,5.0,1
2,431,5.0,1
44,242,5.0,1
36,176,5.0,1
60,164,7.5376020021010400,1
66,78,5.0,1
13,2,5.0,1
11,2,5.0,1
43,405,5.0,1
61,244,5.455931955649720,1
2,419,7.468521082957750,1
61,371,5.0,1
23,36,5.0,1
18,371,5.0,1
21,360,5.0,1
48,257,5.0,1
0,63,5.508638306165730,1
65,183,5.0,1
67,302,5.0,1
22,259,8.522878745280340,1
0,39,5.0,1
25,73,5.0,1
28,328,5.0,1
29,55,5.0,1
66,349,5.0,1
65,217,6.259637310505760,1
9,17,5.0,1
8,276,5.0,1
31,367,7.1487416512809200,1
21,316,5.0,1
23,389,5.0,1
11,325,5.0,1
37,255,5.0,1
48,294,5.585026652029180,1
16,298,5.0,1
26,369,5.0,1
17,117,6.494850021680090,1
18,342,5.0,1
10,136,8.036212172654440,1
3,311,5.0,1
62,212,5.0,1
57,196,5.920818753952380,1
64,93,5.0,1
7,185,5.0,1
40,199,5.0,1
23,359,5.0,1
23,270,5.0,1
30,169,5.0,1
5,136,5.0,1
0,20,5.0,1
47,344,5.0,1
26,441,5.0,1
35,74,5.0,1
45,189,5.229147988357860,1
49,172,6.267606240177030,1
8,393,5.0,1
24,124,5.0,1
64,203,5.0,1
49,240,5.7447274948966900,1
27,400,5.0,1
21,179,6.017728766960430,1
13,309,5.0,1
15,344,5.0,1
57,285,5.0,1
11,129,5.0,1
49,415,5.585026652029180,1
66,234,6.113509274827520,1
46,363,5.0,1
6,299,5.0,1
48,202,5.823908740944320,1
11,205,7.455931955649720,1
65,148,5.0,1
48,232,5.0,1
65,311,5.0,1
34,250,5.0,1
52,319,5.0,1
21,225,5.0,1
3,275,5.0,1
50,254,5.0,1
31,69,6.3872161432802600,1
34,168,5.0,1
39,287,5.0,1
66,381,6.958607314841780,1
66,340,5.0,1
64,388,5.0,1
58,35,6.823908740944320,1
26,419,5.0,1
10,152,5.0,1
10,106,5.0,1
66,439,8.2839966563652,1
52,383,5.0,1
28,428,6.346787486224660,1
50,84,5.0,1
5,219,5.0,1
8,191,5.0,1
39,239,5.0,1
23,386,5.886056647693160,1
18,27,5.0,1
64,243,5.0,1
14,432,5.0,1
2,296,7.267606240177030,1
64,103,5.0,1
67,441,5.0,1
10,226,8.508638306165730,1
58,96,5.7447274948966900,1
45,284,5.0,1
46,325,5.0,1
27,336,5.0,1
52,159,5.130768280269020,1
3,337,5.0,1
18,165,5.1487416512809200,1
5,363,5.0,1
61,356,5.0,1
0,413,6.853871964321760,1
24,178,6.698970004336020,1
40,255,6.259637310505760,1
57,404,6.920818753952380,1
5,52,5.0,1
32,165,7.795880017344080,1
29,81,7.031517051446070,1
59,67,5.0,1
46,200,5.0,1
25,374,5.0,1
58,0,6.327902142064280,1
0,373,5.0,1
36,427,5.0,1
62,306,5.0,1
46,48,5.0,1
58,411,5.0,1
56,217,7.431798275933010,1
38,352,5.096910013008060,1
67,173,5.0,1
51,59,5.0,1
64,247,5.0,1
53,284,5.0,1
13,236,5.0,1
44,30,5.585026652029180,1
8,376,5.0,1
19,407,5.0,1
42,427,5.0,1
62,18,5.0,1
62,103,5.0,1
5,74,5.0,1
55,407,5.0,1
13,20,5.0,1
2,250,7.585026652029180,1
48,432,5.0,1
61,237,5.0,1
37,22,5.0,1
42,435,5.0,1
37,436,5.0,1
66,233,5.853871964321760,1
43,249,5.0,1
56,362,5.0,1
42,371,5.0,1
34,18,5.0,1
49,351,5.0,1
9,47,5.0,1
17,70,5.0,1
28,414,5.657577319177790,1
3,378,5.0,1
3,320,5.0,1
46,21,5.0,1
46,174,5.0,1
9,392,5.0,1
20,52,5.0,1
30,200,5.0,1
47,223,7.026872146400300,1
12,240,5.0,1
14,60,5.0,1
64,296,5.0,1
66,131,5.0,1
63,334,5.657577319177790,1
63,159,7.853871964321760,1
24,228,5.0,1
36,298,6.958607314841780,1
56,234,8.522878745280340,1
59,428,5.0,1
64,333,5.0,1
48,7,5.0,1
43,114,5.0,1
8,414,5.0,1
59,284,5.0,1
13,408,5.0,1
41,57,5.0,1
25,269,5.0,1
9,79,5.2441251443275100,1
36,324,6.251811972993800,1
63,261,5.443697499232710,1
63,233,5.853871964321760,1
34,114,5.0,1
39,104,5.0,1
30,255,5.0,1
61,393,5.0,1
14,180,5.0,1
40,65,5.0,1
29,161,7.698970004336020,1
20,255,5.0,1
30,251,5.0,1
66,218,6.026872146400300,1
24,138,5.0,1
58,276,5.0,1
65,118,8.050609993355090,1
8,122,5.0,1
44,293,6.2839966563652000,1
38,429,5.0,1
29,306,5.0,1
22,44,5.455931955649720,1
60,108,7.346787486224660,1
14,168,7.0,1
4,280,5.0,1
26,118,9.2839966563652,1
49,48,5.0,1
62,10,5.0,1
58,120,8.468521082957750,1
10,316,5.0,1
14,25,5.0,1
4,306,5.0,1
62,374,5.853871964321760,1
64,119,5.0,1
46,372,5.0,1
49,312,5.0,1
48,440,5.0,1
2,301,5.0,1
47,237,6.494850021680090,1
50,252,5.0,1
51,126,5.0,1
22,374,5.0,1
65,231,5.0,1
32,150,5.0,1
33,60,5.0,1
43,358,5.0,1
11,79,5.0,1
35,152,5.0,1
22,262,5.0,1
24,183,5.0,1
24,231,5.0,1
41,437,5.853871964321760,1
67,91,5.0,1
49,422,6.318758762624410,1
8,253,5.0,1
31,272,5.6020599913279600,1
42,195,5.0,1
46,270,5.0,1
28,153,5.958607314841780,1
1,77,5.0,1
46,244,5.0,1
44,231,5.0,1
15,271,5.0,1
16,275,5.0,1
59,6,5.275724130399210,1
6,76,5.0,1
38,425,5.0,1
51,0,5.0,1
15,429,5.0,1
13,338,5.0,1
24,255,5.0,1
45,90,5.0,1
29,341,5.0,1
30,229,5.0,1
29,338,7.6777807052660800,1
8,334,5.619788758288390,1
18,67,5.0,1
45,247,5.6777807052660800,1
20,357,5.0,1
26,425,5.0,1
10,385,7.5376020021010400,1
26,159,5.958607314841780,1
5,434,5.259637310505760,1
67,241,5.0,1
27,203,6.008773924307510,1
30,397,5.0,1
56,161,8.619788758288390,1
39,12,5.0,1
35,337,5.0,1
36,399,7.055517327849830,1
14,422,5.0,1
13,346,5.0,1
6,189,5.508638306165730,1
3,136,5.0,1
51,23,5.0,1
37,173,5.0,1
21,253,5.0,1
48,382,5.0,1
2,147,5.221848749616360,1
3,160,5.0,1
40,93,5.0,1
16,393,5.086186147616280,1
3,220,7.013228265733760,1
32,178,5.638272163982410,1
4,160,5.853871964321760,1
43,74,5.0,1
48,57,5.0,1
54,359,5.0,1
9,35,8.337242168318430,1
49,342,5.0,1
56,291,8.200659450546420,1
22,409,9.102372908709560,1
5,58,7.102372908709560,1
1,199,5.0,1
30,400,5.0,1
11,102,6.795880017344080,1
65,44,5.0,1
22,59,5.356547323513810,1
4,252,5.0,1
7,140,5.0,1
67,377,5.0,1
6,98,5.0,1
64,9,5.0,1
53,266,6.721246399047170,1
18,389,5.0,1
55,207,6.619788758288390,1
62,396,5.0,1
38,175,6.309803919971490,1
12,227,5.1249387366083,1
66,1,7.200659450546420,1
3,9,5.0,1
61,440,5.0,1
37,130,6.309803919971490,1
49,136,5.0,1
4,35,5.0,1
46,281,5.0,1
35,233,5.0,1
60,378,5.0,1
7,348,5.0,1
43,345,5.0,1
46,172,5.0,1
59,330,5.0,1
25,346,5.0,1
42,128,5.0,1
56,326,5.568636235841010,1
26,70,6.214670164989230,1
55,238,5.0,1
2,55,5.0,1
3,199,5.0,1
53,83,6.6020599913279600,1
65,53,5.0,1
12,266,5.0,1
13,109,5.0,1
50,440,5.356547323513810,1
32,176,5.0,1
44,405,5.0,1
55,168,5.0,1
46,253,5.0,1
36,269,5.0,1
37,424,5.0,1
46,331,5.0,1
42,405,5.0,1
10,303,5.853871964321760,1
53,183,5.0,1
47,412,6.42021640338319,1
24,213,5.0,1
66,246,6.468521082957750,1
66,196,8.086186147616280,1
62,259,5.0,1
26,253,5.0,1
47,48,5.0,1
41,186,6.154901959985740,1
66,165,7.022276394711150,1
54,346,5.0,1
17,351,5.0,1
11,399,5.0,1
17,374,5.0,1
21,200,5.769551078621730,1
34,101,5.0,1
55,389,5.0,1
13,310,5.0,1
57,28,7.721246399047170,1
55,280,5.0,1
66,268,5.0,1
38,157,5.0,1
15,420,5.0,1
50,276,5.0,1
20,264,5.0,1
19,346,5.0,1
59,187,5.0,1
50,340,5.0,1
0,287,5.0,1
42,192,5.0,1
55,73,5.0,1
57,289,5.0,1
36,217,5.522878745280340,1
40,416,7.327902142064280,1
11,298,7.301029995663980,1
50,83,5.0,1
56,91,6.107905397309520,1
55,391,5.0,1
39,47,5.0,1
46,114,5.0,1
34,187,5.0,1
37,37,5.0,1
10,51,6.259637310505760,1
52,249,5.0,1
66,274,5.0,1
41,308,5.0,1
12,224,5.0,1
8,5,5.0,1
44,200,6.443697499232710,1
53,220,5.0,1
32,84,8.468521082957750,1
50,323,5.0,1
18,89,5.0,1
48,332,6.455931955649720,1
26,391,5.0,1
9,396,5.0,1
46,30,5.0,1
21,327,5.0,1
60,159,8.309803919971490,1
41,424,5.0,1
66,130,6.026872146400300,1
40,11,5.6777807052660800,1
10,320,5.0,1
65,377,5.0,1
21,65,5.0,1
67,101,5.0,1
49,329,5.0,1
60,88,5.0,1
19,3,5.346787486224660,1
19,223,7.1487416512809200,1
65,264,5.0,1
55,441,5.0,1
9,403,5.0,1
49,186,5.920818753952380,1
1,138,5.0,1
29,123,6.251811972993800,1
34,304,5.0,1
24,159,5.0,1
58,34,7.356547323513810,1
36,79,5.0,1
44,329,5.431798275933010,1
57,215,6.958607314841780,1
67,364,5.0,1
18,183,5.0,1
10,67,5.0,1
39,167,5.795880017344080,1
50,422,5.6020599913279600,1
2,234,5.0,1
21,377,5.0,1
33,188,5.0,1
35,139,5.0,1
16,68,5.0,1
13,59,5.0,1
18,272,5.0,1
24,220,5.0,1
13,169,5.0,1
22,117,6.6777807052660800,1
21,176,5.0,1
52,5,5.0,1
54,428,5.0,1
14,430,5.0,1
24,308,5.0,1
34,357,5.0,1
31,22,5.0,1
16,190,7.508638306165730,1
57,421,5.200659450546420,1
41,51,5.823908740944320,1
56,185,7.508638306165730,1
19,227,6.251811972993800,1
27,164,5.0,1
13,360,5.0,1
44,25,5.0,1
52,402,5.7447274948966900,1
19,294,6.366531544420410,1
13,113,5.0,1
38,134,5.0,1
34,286,5.0,1
48,110,5.267606240177030,1
1,84,8.0,1
38,397,5.275724130399210,1
16,328,5.0,1
59,399,5.0,1
3,281,5.0,1
39,369,5.0,1
39,385,5.0,1
38,441,5.0,1
17,313,5.0,1
20,282,5.0,1
17,300,6.1938200260161100,1
11,402,5.0,1
61,259,5.0,1
2,324,5.0,1
9,14,5.823908740944320,1
42,53,5.0,1
56,255,7.698970004336020,1
13,439,5.0,1
63,424,6.292429823902060,1
62,244,5.0,1
33,40,5.0,1
37,110,5.0,1
60,163,7.698970004336020,1
38,326,5.0,1
60,20,5.0,1
9,55,5.0,1
51,293,5.0,1
4,177,5.0,1
21,205,5.508638306165730,1
23,21,5.0,1
27,99,5.0,1
17,407,6.638272163982410,1
32,170,5.0,1
43,237,6.259637310505760,1
5,48,5.0,1
40,36,5.292429823902060,1
33,66,5.0,1
38,43,5.0,1
59,171,5.2076083105017500,1
38,357,5.0,1
65,269,5.0,1
53,206,9.2518119729938,1
61,157,5.508638306165730,1
6,266,5.886056647693160,1
33,192,5.0,1
28,47,5.0,1
42,88,5.0,1
9,274,5.0,1
62,329,5.0,1
8,370,5.638272163982410,1
44,168,6.494850021680090,1
34,204,5.0,1
41,402,5.920818753952380,1
30,314,5.0,1
12,234,5.0,1
15,130,7.443697499232710,1
62,127,5.0,1
15,41,5.0,1
48,174,5.585026652029180,1
54,423,5.0,1
4,105,5.0,1
24,14,5.0,1
11,99,5.0,1
26,363,6.275724130399210,1
46,20,5.0,1
1,381,5.0,1
55,257,5.0,1
50,315,5.0,1
57,328,5.0,1
7,225,5.0,1
44,247,5.0,1
38,29,5.0,1
3,359,5.0,1
42,432,5.0,1
16,434,5.0,1
43,368,5.0,1
58,201,6.657577319177790,1
38,100,5.0,1
39,294,5.0,1
59,358,5.0,1
52,326,5.0,1
61,176,5.0,1
41,252,5.0,1
56,37,8.167491087293760,1
66,426,5.309803919971490,1
9,37,6.4089353929735000,1
36,353,7.008773924307510,1
25,218,5.0,1
31,126,6.102372908709560,1
52,236,5.2076083105017500,1
45,349,5.721246399047170,1
7,93,5.0,1
39,420,5.0,1
66,199,6.568636235841010,1
19,56,5.0,1
47,19,5.0,1
37,111,5.0,1
32,232,5.0,1
3,375,5.0,1
29,170,5.0,1
38,305,5.0,1
19,195,6.886056647693160,1
66,269,5.568636235841010,1
34,301,5.0,1
20,403,5.0,1
8,340,5.0,1
44,63,5.0,1
30,310,5.0,1
14,282,5.0,1
14,83,5.0,1
52,65,7.161150909262740,1
23,378,5.0,1
54,367,5.0,1
42,1,5.0,1
8,395,5.0,1
49,248,5.0,1
20,438,5.0,1
26,343,5.0,1
30,351,5.0,1
29,432,5.552841968657780,1
60,39,6.187086643357140,1
28,319,5.0,1
32,387,5.0,1
1,311,5.0,1
52,84,5.0,1
41,95,5.0,1
32,303,5.0,1
4,18,5.0,1
4,115,9.721246399047170,1
36,226,5.6020599913279600,1
67,102,6.568636235841010,1
22,433,5.0,1
0,351,5.337242168318430,1
20,63,5.0,1
9,381,5.0,1
36,43,5.0,1
14,28,5.0,1
44,234,5.0,1
0,348,7.721246399047170,1
48,152,5.0,1
2,186,5.0,1
27,104,5.0,1
55,179,8.481486060122110,1
23,317,5.0,1
34,95,5.0,1
62,102,5.0,1
53,34,5.0,1
36,34,6.920818753952380,1
51,190,5.0,1
7,133,5.0,1
14,311,5.0,1
0,77,5.0,1
7,296,5.0,1
28,210,6.7447274948966900,1
31,26,5.2076083105017500,1
64,327,5.0,1
63,311,5.0,1
50,236,5.0,1
47,106,5.0,1
9,136,5.0,1
66,147,5.698970004336020,1
15,21,5.0,1
30,33,5.0,1
21,108,5.026872146400300,1
2,99,5.0,1
20,237,5.0,1
53,197,5.0,1
61,184,5.0,1
11,380,5.0,1
35,42,5.0,1
38,123,8.823908740944320,1
47,24,5.0,1
64,238,5.0,1
29,369,5.657577319177790,1
20,173,5.0,1
36,325,6.508638306165730,1
62,387,6.619788758288390,1
30,69,5.0,1
25,221,5.0,1
52,185,5.0,1
54,307,5.0,1
49,77,5.0,1
4,164,5.0,1
58,363,5.017728766960430,1
2,201,8.356547323513810,1
31,11,6.022276394711150,1
34,4,5.0,1
27,154,5.0,1
50,152,5.0,1
29,207,7.119186407719210,1
12,242,5.0,1
11,82,5.0,1
12,228,5.886056647693160,1
21,304,5.0,1
13,266,5.0,1
45,378,5.0,1
14,164,6.309803919971490,1
55,185,5.0,1
38,299,5.0,1
10,390,7.0,1
58,37,7.920818753952380,1
22,363,7.6777807052660800,1
59,139,5.0,1
59,57,5.0,1
53,424,5.292429823902060,1
23,439,6.040958607678910,1
44,295,5.0,1
41,22,5.0,1
54,106,5.0,1
62,228,5.0,1
46,425,5.7447274948966900,1
66,11,7.180456064458130,1
5,403,7.00436480540245,1
36,439,7.823908740944320,1
11,427,5.0,1
9,423,5.0,1
63,40,5.0,1
55,227,5.0,1
43,262,5.0,1
24,31,6.376750709602100,1
33,413,5.0,1
32,370,5.0,1
33,419,5.0,1
10,418,5.920818753952380,1
1,221,5.0,1
39,123,5.0,1
65,186,5.0,1
57,53,7.096910013008060,1
34,408,5.0,1
24,262,5.267606240177030,1
48,100,5.0,1
57,221,5.0,1
60,360,5.585026652029180,1
64,138,5.0,1
65,348,5.0,1
0,364,5.0,1
30,437,5.0,1
58,55,6.2441251443275100,1
16,165,5.0,1
9,130,5.0,1
44,41,8.67778070526608,1
61,144,5.0,1
67,68,5.0,1
19,249,5.0,1
26,240,5.0,1
59,371,5.0,1
11,381,5.0,1
55,261,5.0,1
36,67,5.0,1
15,231,5.0,1
9,67,5.0,1
20,146,7.119186407719210,1
16,268,5.0,1
19,330,5.0,1
16,372,5.0,1
37,216,5.0,1
49,381,5.886056647693160,1
25,263,5.0,1
17,179,5.0,1
58,247,6.7447274948966900,1
25,396,5.0,1
29,235,6.6777807052660800,1
21,371,5.0,1
53,381,6.2076083105017500,1
64,277,5.0,1
11,416,5.0,1
55,118,5.0,1
48,162,6.481486060122110,1
36,159,8.167491087293760,1
5,213,5.0,1
0,198,5.0,1
59,226,5.0,1
26,32,5.0,1
30,429,5.0,1
15,323,5.0,1
37,112,5.886056647693160,1
28,367,5.0,1
58,249,5.0,1
17,367,5.0,1
66,296,6.292429823902060,1
7,284,5.0,1
48,225,5.0,1
33,416,5.0,1
9,244,5.0,1
42,201,5.0,1
67,279,5.0,1
12,147,5.0,1
54,215,5.0,1
41,85,5.0,1
13,279,5.0,1
26,153,5.0,1
57,74,5.958607314841780,1
47,433,5.026872146400300,1
10,121,7.1487416512809200,1
14,396,5.5376020021010400,1
31,401,7.154901959985740,1
66,15,7.1938200260161100,1
55,236,5.0,1
49,209,5.0,1
14,388,5.0,1
12,300,5.0,1
35,52,5.0,1
54,81,5.0,1
35,255,5.0,1
33,110,5.0,1
5,72,8.193820026016110,1
43,410,5.0,1
65,373,5.0,1
11,260,5.0,1
58,436,7.259637310505760,1
33,304,5.0,1
48,201,5.3872161432802600,1
0,94,5.42021640338319,1
30,203,5.0,1
9,333,5.0,1
30,55,5.0,1
20,407,5.0,1
7,328,6.958607314841780,1
32,262,5.080921907623930,1
0,329,7.251811972993800,1
5,161,5.337242168318430,1
1,211,5.0,1
12,421,5.0,1
33,410,5.0,1
64,27,5.0,1
57,114,5.167491087293760,1
50,111,5.0,1
66,49,6.508638306165730,1
7,38,5.0,1
10,388,5.0,1
11,143,5.0,1
50,65,5.0,1
35,394,5.0,1
13,261,5.0,1
49,9,5.698970004336020,1
39,396,5.0,1
4,179,6.443697499232710,1
46,391,5.0,1
46,387,5.0,1
28,248,7.0915149811213500,1
21,91,5.0,1
37,180,5.0,1
58,284,5.0,1
42,196,5.0,1
51,93,5.0,1
59,124,5.0,1
17,96,5.0,1
0,224,5.0,1
55,47,5.0,1
67,3,5.0,1
2,350,5.356547323513810,1
66,401,5.0,1
53,163,8.267606240177030,1
31,285,5.0,1
4,242,5.0,1
10,257,5.0,1
66,300,5.920818753952380,1
48,172,6.508638306165730,1
23,46,5.0,1
8,416,5.0,1
1,130,5.040958607678910,1
23,132,5.0,1
40,132,8.229147988357860,1
53,187,5.920818753952380,1
58,30,5.026872146400300,1
21,409,6.070581074285710,1
59,269,5.0,1
51,425,5.0,1
56,425,5.508638306165730,1
54,14,5.0,1
18,193,5.0,1
32,115,5.0,1
66,209,6.42021640338319,1
34,261,5.0,1
31,233,7.853871964321760,1
45,302,5.0,1
23,413,5.638272163982410,1
35,257,5.0,1
30,415,5.0,1
67,202,5.0,1
12,332,5.0,1
35,188,5.0,1
26,186,5.0,1
39,222,5.0,1
34,116,5.0,1
57,190,6.026872146400300,1
19,287,5.0,1
15,441,5.0,1
35,316,5.0,1
6,300,5.0,1
56,416,6.0,1
20,69,5.0,1
27,192,5.0,1
49,175,5.0,1
63,414,7.080921907623930,1
16,209,5.0,1
56,250,6.769551078621730,1
28,329,5.0,1
9,44,5.0,1
25,189,5.0,1
58,343,5.823908740944320,1
54,263,5.0,1
40,63,5.0,1
39,284,6.337242168318430,1
45,350,5.0,1
18,192,5.0,1
30,165,5.0,1
33,235,5.0,1
61,436,5.0,1
36,209,5.657577319177790,1
24,222,5.0,1
27,1,6.769551078621730,1
50,17,5.0,1
31,395,7.585026652029180,1
29,425,6.2839966563652000,1
65,298,7.055517327849830,1
4,88,5.0,1
43,370,5.0,1
24,67,5.0,1
34,363,5.0,1
16,223,7.142667503568730,1
7,374,5.0,1
22,311,5.0,1
41,150,5.0,1
37,347,5.0,1
0,147,5.0,1
43,225,5.0,1
35,38,5.0,1
30,80,5.0,1
23,182,5.0,1
33,207,5.0,1
50,193,5.0,1
45,56,5.0,1
46,417,5.0,1
24,431,5.0,1
54,51,5.0,1
14,36,5.552841968657780,1
50,385,5.0,1
33,298,5.0,1
57,381,6.698970004336020,1
33,46,5.0,1
27,289,5.0,1
62,233,5.0,1
52,156,5.0,1
28,389,5.619788758288390,1
35,274,5.0,1
45,241,6.318758762624410,1
48,175,5.0,1
21,52,5.0,1
34,23,5.0,1
31,321,6.537602002101040,1
5,76,8.148741651280930,1
64,322,5.0,1
55,397,5.42021640338319,1
12,424,6.3872161432802600,1
59,436,5.0,1
40,312,5.0,1
60,177,6.0,1
30,160,5.0,1
31,357,8.173925197299170,1
7,123,6.443697499232710,1
66,286,5.0,1
16,369,5.0,1
24,317,5.0,1
62,243,5.0,1
14,390,5.173925197299170,1
16,342,5.0,1
63,148,5.0,1
32,398,5.0,1
30,2,5.0,1
48,421,5.0,1
22,171,5.0,1
1,202,6.494850021680090,1
49,33,5.0,1
61,118,6.327902142064280,1
4,109,6.013228265733760,1
25,244,5.0,1
37,324,5.0,1
46,249,5.0,1
54,293,5.0,1
9,93,5.0,1
5,334,5.0,1
66,404,6.823908740944320,1
56,13,7.638272163982410,1
29,414,6.236572006437060,1
3,69,6.154901959985740,1
33,222,5.0,1
49,150,5.0,1
48,309,5.0,1
7,249,5.0,1
3,138,5.0,1
59,413,5.0,1
44,371,5.0,1
42,183,5.0,1
16,226,7.096910013008060,1
64,86,5.0,1
39,205,7.337242168318430,1
27,340,5.0,1
66,74,5.886056647693160,1
55,131,5.275724130399210,1
36,340,6.267606240177030,1
19,435,5.0,1
39,117,5.0,1
61,270,5.0,1
20,239,5.0,1
6,326,5.0,1
55,83,5.0,1
61,192,5.0,1
57,197,5.0,1
16,276,5.0,1
41,220,6.050609993355090,1
37,297,8.0,1
32,83,5.795880017344080,1
48,20,5.0,1
50,128,5.0,1
61,6,5.0,1
43,297,6.721246399047170,1
2,199,6.119186407719210,1
14,312,5.0,1
34,433,5.0,1
53,46,5.0,1
44,238,6.6777807052660800,1
32,426,5.0,1
21,71,5.0,1
0,421,5.0,1
66,385,6.552841968657780,1
11,64,5.0,1
61,201,7.638272163982410,1
9,54,5.0,1
66,438,5.0,1
28,227,6.6777807052660800,1
18,302,5.0,1
20,211,5.0,1
52,280,5.0,1
22,87,5.0,1
40,423,7.455931955649720,1
18,432,5.0,1
27,157,5.0,1
19,73,5.0,1
35,107,5.0,1
2,105,5.0,1
54,226,5.0,1
1,54,5.0,1
18,195,5.0,1
67,155,5.0,1
56,406,6.494850021680090,1
1,405,5.0,1
67,284,5.0,1
23,62,5.0,1
47,204,8.2518119729938,1
49,7,5.0,1
11,110,5.0,1
11,374,5.0,1
22,400,6.267606240177030,1
27,335,5.0,1
62,139,5.0,1
58,357,6.920818753952380,1
25,261,5.0,1
63,278,5.0,1
25,87,5.0,1
58,210,7.309803919971490,1
4,368,5.0,1
40,108,5.0,1
18,315,5.0,1
60,102,5.721246399047170,1
60,375,5.0915149811213500,1
45,48,5.0,1
44,373,5.6777807052660800,1
35,86,5.0,1
27,221,5.0,1
10,44,5.0,1
49,55,7.045757490560680,1
25,349,5.0,1
63,349,5.0,1
39,151,5.0,1
27,117,5.0,1
27,122,5.0,1
16,85,5.0,1
43,419,5.0,1
40,52,5.0,1
3,256,5.0,1
3,186,5.0,1
34,39,7.167491087293760,1
33,334,5.0,1
55,414,5.638272163982410,1
8,56,5.0,1
50,386,5.431798275933010,1
10,91,5.0,1
37,293,5.0,1
52,108,5.0,1
7,388,5.0,1
32,313,5.0,1
24,90,5.0,1
41,358,6.292429823902060,1
9,28,5.0,1
64,81,5.0,1
2,0,5.0,1
10,64,5.0,1
43,23,5.0,1
45,431,5.0,1
24,400,5.0,1
28,66,5.0,1
63,415,5.356547323513810,1
60,84,6.2076083105017500,1
14,285,5.0,1
48,151,5.0,1
32,143,5.0,1
42,272,5.0,1
28,69,5.0,1
60,314,5.0,1
42,79,5.0,1
6,39,5.508638306165730,1
51,327,5.0,1
30,20,5.0,1
35,186,5.0,1
8,295,5.0,1
33,353,5.0,1
59,341,5.0,1
52,94,5.0,1
48,251,5.0,1
13,419,5.0,1
3,274,5.0,1
17,348,5.0,1
4,241,5.886056647693160,1
57,142,5.0,1
30,334,5.0,1
0,321,5.2839966563652000,1
46,138,5.0,1
41,58,7.1938200260161100,1
54,320,5.0,1
52,4,5.0,1
62,422,5.0,1
35,196,5.0,1
52,225,5.0,1
30,271,5.0,1
21,315,5.0,1
63,93,5.0,1
58,204,7.309803919971490,1
6,133,5.0,1
48,274,5.0,1
5,394,5.0,1
44,253,5.5376020021010400,1
32,111,5.0,1
32,78,5.0,1
9,111,5.0,1
41,436,5.0,1
34,315,5.0,1
7,238,5.0,1
6,210,5.568636235841010,1
24,118,5.0,1
22,211,6.167491087293760,1
61,149,5.0,1
59,390,5.0,1
65,214,7.0915149811213500,1
49,419,6.481486060122110,1
2,346,5.823908740944320,1
22,126,8.443697499232710,1
25,336,5.0,1
7,56,5.920818753952380,1
59,392,5.0,1
19,197,5.0,1
60,208,5.0,1
17,30,5.0,1
12,143,5.0,1
20,153,5.0,1
57,308,5.0,1
64,125,5.327902142064280,1
35,27,5.0,1
54,386,5.0,1
15,3,5.886056647693160,1
3,334,5.0,1
53,15,6.2076083105017500,1
13,75,5.0,1
63,15,8.1249387366083,1
43,292,5.0,1
31,398,5.958607314841780,1
2,98,5.494850021680090,1
33,246,5.0,1
15,345,5.0,1
50,390,5.0,1
58,33,5.7447274948966900,1
67,189,5.0,1
47,317,5.0,1
2,131,5.958607314841780,1
13,175,5.0,1
10,74,5.0,1
6,111,5.0,1
18,410,7.698970004336020,1
52,54,5.0,1
63,405,5.060480747381380,1
9,235,5.0,1
26,131,5.0,1
20,81,6.366531544420410,1
38,141,5.0,1
39,218,7.0,1
39,341,5.0,1
42,110,5.2441251443275100,1
10,393,5.4089353929735000,1
59,87,5.721246399047170,1
11,90,5.0,1
51,189,5.0,1
30,308,5.0,1
0,214,5.0,1
36,56,6.853871964321760,1
41,269,5.0,1
26,228,5.0,1
26,46,5.0,1
59,131,5.0,1
16,293,5.0,1
63,277,5.376750709602100,1
47,216,7.568636235841010,1
47,74,5.229147988357860,1
12,113,5.0,1
1,229,6.356547323513810,1
21,61,5.0,1
63,135,5.0,1
12,130,5.823908740944320,1
48,399,5.0,1
65,164,5.886056647693160,1
11,146,5.0,1
21,282,5.0,1
40,302,5.0,1
54,174,5.0,1
58,231,5.0,1
3,242,5.0,1
60,437,6.920818753952380,1
33,254,5.0,1
45,47,5.0,1
66,104,6.853871964321760,1
20,309,5.0,1
57,165,7.301029995663980,1
27,91,5.0,1
57,127,5.6777807052660800,1
21,135,5.0,1
19,205,8.142667503568730,1
6,413,6.7447274948966900,1
57,350,5.0,1
26,8,6.2839966563652000,1
15,107,5.0,1
6,73,5.0,1
43,281,5.0,1
21,67,5.0,1
18,5,5.0,1
24,310,5.0,1
23,319,5.0,1
41,242,5.0,1
39,255,5.0,1
43,309,5.0,1
24,94,5.0,1
47,156,7.481486060122110,1
46,101,5.0,1
1,27,5.0,1
58,296,5.0,1
50,304,5.0,1
29,30,7.086186147616280,1
3,345,5.0,1
6,372,5.0,1
51,305,5.0,1
4,220,5.0,1
37,388,5.0,1
29,51,6.275724130399210,1
37,434,5.0,1
65,66,5.0,1
64,356,5.0,1
4,11,5.585026652029180,1
10,427,5.920818753952380,1
63,166,5.42021640338319,1
30,306,6.173925197299170,1
43,192,5.0,1
55,221,5.0,1
21,107,5.200659450546420,1
21,164,5.0,1
11,362,5.0,1
40,300,5.481486060122110,1
27,228,5.0,1
22,258,5.958607314841780,1
62,191,5.0,1
43,248,5.1487416512809200,1
37,399,5.0,1
13,384,5.0,1
67,361,5.0,1
61,86,5.0,1
54,164,5.0,1
55,250,6.638272163982410,1
43,176,5.259637310505760,1
13,277,5.0,1
39,19,5.0,1
33,227,5.0,1
18,12,6.259637310505760,1
21,140,6.638272163982410,1
50,248,5.0,1
35,273,5.0,1
40,419,5.200659450546420,1
47,77,5.6020599913279600,1
2,61,5.853871964321760,1
21,412,5.0,1
36,114,5.823908740944320,1
25,335,5.0,1
16,242,5.0,1
16,38,6.130768280269020,1
41,256,5.0,1
31,62,5.0,1
58,377,6.795880017344080,1
54,77,5.0,1
15,111,5.0,1
6,366,5.0,1
7,321,5.0,1
24,26,8.522878745280340,1
38,291,5.0,1
40,242,5.3872161432802600,1
9,201,6.221848749616360,1
14,383,5.0,1
12,202,5.060480747381380,1
5,297,5.229147988357860,1
67,280,5.0,1
32,336,5.0,1
49,61,5.0,1
25,420,5.0,1
12,413,5.823908740944320,1
8,17,5.0,1
28,149,6.920818753952380,1
36,371,6.619788758288390,1
61,438,5.0,1
30,378,5.0,1
30,78,5.0,1
5,425,7.455931955649720,1
40,330,5.0,1
17,437,9.522878745280340,1
46,16,5.0,1
13,438,5.0,1
27,141,5.0,1
32,100,5.0,1
58,329,5.3979400086720400,1
50,21,5.0,1
11,75,5.0,1
13,240,5.0,1
42,341,5.0,1
50,367,5.0,1
37,105,5.0,1
51,367,5.0,1
11,163,5.0,1
5,302,6.481486060122110,1
32,392,5.0,1
49,275,5.958607314841780,1
54,372,5.0,1
57,41,5.619788758288390,1
43,303,5.0,1
24,48,5.0,1
36,238,5.0,1
53,408,5.0,1
28,315,5.0,1
5,289,5.0,1
45,385,5.136677139879540,1
37,273,5.0,1
63,354,5.0,1
61,222,5.0,1
1,366,5.0,1
37,270,5.0,1
20,88,5.0,1
65,363,8.337242168318430,1
21,337,5.0,1
9,347,5.0,1
10,392,5.0,1
31,106,5.6020599913279600,1
8,156,5.0,1
55,253,5.0,1
58,241,6.698970004336020,1
7,24,5.0,1
51,256,5.0,1
64,390,5.0,1
47,402,6.1938200260161100,1
8,286,5.0,1
39,440,7.958607314841780,1
44,138,5.5376020021010400,1
61,285,5.0,1
65,319,5.0,1
49,237,5.721246399047170,1
64,306,5.0,1
35,383,5.0,1
53,51,6.013228265733760,1
47,349,6.7447274948966900,1
61,106,5.0,1
2,299,5.0,1
24,102,5.0,1
65,424,5.0,1
0,186,5.0,1
34,435,5.0,1
52,212,5.0,1
18,227,5.0,1
50,311,5.0,1
24,127,5.0,1
40,126,8.42021640338319,1
46,307,6.522878745280340,1
42,44,5.5376020021010400,1
30,338,5.0,1
41,364,5.0,1
7,109,5.0,1
55,22,5.0,1
59,4,5.0,1
30,90,5.0,1
51,38,5.0,1
65,112,8.022276394711150,1
41,219,5.494850021680090,1
48,77,6.267606240177030,1
20,350,5.0,1
14,320,5.0,1
5,26,5.0,1
42,351,5.0,1
15,404,5.0,1
49,401,5.886056647693160,1
46,386,5.0,1
28,7,6.356547323513810,1
39,73,5.0,1
58,118,7.102372908709560,1
48,131,5.0,1
56,165,7.552841968657780,1
63,352,5.585026652029180,1
60,407,5.0,1
36,205,6.698970004336020,1
20,401,5.0,1
32,213,5.0,1
11,378,5.0,1
65,376,5.0,1
4,182,5.0,1
3,88,5.0,1
67,11,5.0,1
27,138,5.0,1
15,347,5.0,1
30,126,5.0,1
25,72,5.0,1
14,117,9.585026652029180,1
50,196,5.0,1
19,422,5.0,1
3,204,5.0,1
66,94,6.050609993355090,1
44,52,5.0,1
60,227,5.7447274948966900,1
61,111,5.0,1
4,180,5.0,1
32,166,6.3979400086720400,1
20,210,5.0,1
67,59,5.0,1
16,303,5.0,1
45,358,5.638272163982410,1
40,140,6.026872146400300,1
5,54,5.327902142064280,1
61,121,6.060480747381380,1
40,115,6.200659450546420,1
26,252,5.0,1
67,147,5.0,1
22,61,6.1938200260161100,1
55,9,6.886056647693160,1
56,135,5.0,1
65,74,5.0,1
11,239,5.0,1
8,86,5.0,1
66,194,8.318758762624410,1
16,412,5.0,1
61,135,5.0,1
63,420,5.0,1
56,96,8.853871964321760,1
11,308,5.0,1
54,316,5.0,1
42,158,5.6020599913279600,1
8,268,5.0,1
49,429,5.619788758288390,1
2,265,5.0,1
30,156,5.0,1
7,171,5.0,1
42,85,5.0,1
3,377,5.0,1
1,396,5.0,1
12,106,5.0,1
49,15,5.0,1
1,93,5.0,1
37,75,5.0,1
35,389,6.045757490560680,1
31,6,6.0,1
7,107,5.0,1
0,353,5.0,1
36,240,5.318758762624410,1
25,19,5.0,1
7,17,5.0,1
2,157,7.0655015487564300,1
49,152,5.0,1
40,322,5.0,1
25,295,5.0,1
38,78,6.070581074285710,1
32,323,5.0,1
56,329,7.721246399047170,1
2,352,6.2839966563652000,1
6,440,5.585026652029180,1
56,39,7.823908740944320,1
4,127,5.0,1
52,115,5.0,1
36,419,5.769551078621730,1
29,257,5.0,1
1,330,5.0,1
14,385,5.309803919971490,1
16,261,5.0,1
1,166,5.7447274948966900,1
33,150,5.0,1
27,124,5.0,1
18,393,5.0,1
1,109,5.0,1
16,179,5.443697499232710,1
38,402,5.0,1
41,127,5.0,1
13,396,5.0,1
37,88,5.0,1
25,322,5.0,1
3,15,5.0,1
2,20,5.853871964321760,1
0,412,5.0,1
37,136,5.0,1
64,237,5.0,1
61,224,5.0,1
23,216,5.0,1
57,307,5.0,1
50,439,5.0,1
66,139,5.0,1
36,270,5.0,1
24,357,5.0,1
42,64,5.0,1
39,179,5.0,1
41,403,7.366531544420410,1
15,63,5.0,1
47,195,8.455931955649720,1
31,245,6.537602002101040,1
59,128,5.0,1
15,56,5.0,1
34,19,5.0,1
31,349,6.920818753952380,1
63,12,8.031517051446060,1
48,40,5.0,1
36,415,6.920818753952380,1
32,192,5.0,1
57,263,5.0,1
43,333,5.0,1
21,185,5.0,1
35,10,8.337242168318430,1
50,372,5.0,1
57,13,6.853871964321760,1
18,388,5.0,1
44,427,5.0,1
30,141,5.0,1
41,327,5.795880017344080,1
48,394,5.0,1
40,437,8.638272163982410,1
3,166,5.0,1
62,110,5.0,1
35,29,5.0,1
8,413,5.0,1
32,424,5.0,1
19,263,5.0,1
34,412,5.0,1
43,9,6.698970004336020,1
63,300,5.0,1
65,307,5.0,1
64,391,5.0,1
47,18,5.958607314841780,1
4,203,5.0,1
32,421,5.0,1
31,381,6.698970004336020,1
48,364,5.0,1
11,4,5.3872161432802600,1
55,109,5.0,1
6,238,5.585026652029180,1
49,286,5.0,1
20,19,5.0,1
52,229,5.0,1
21,221,5.0,1
4,66,5.0,1
23,88,5.853871964321760,1
37,45,6.552841968657780,1
28,406,5.0,1
36,272,5.0,1
14,335,5.0,1
28,108,5.1249387366083,1
43,28,5.0,1
22,106,6.7447274948966900,1
64,376,5.0,1
34,157,6.0,1
33,180,5.0,1
54,96,5.0,1
6,290,5.0,1
34,439,5.0,1
55,218,5.522878745280340,1
16,230,5.0,1
38,227,8.113509274827520,1
60,143,5.920818753952380,1
22,187,6.6777807052660800,1
35,357,5.0,1
30,3,5.0,1
61,44,5.0,1
32,194,5.0,1
44,159,6.200659450546420,1
10,102,6.920818753952380,1
16,390,5.0,1
12,363,6.022276394711150,1
13,436,5.0,1
55,121,5.0,1
31,352,7.3872161432802600,1
40,78,5.0,1
41,246,9.193820026016110,1
16,236,5.0,1
31,98,7.086186147616280,1
52,144,5.3872161432802600,1
60,239,5.455931955649720,1
22,100,5.0,1
16,120,5.0,1
36,380,5.886056647693160,1
36,304,6.045757490560680,1
38,55,5.0,1
50,112,5.769551078621730,1
64,271,5.0,1
13,152,5.0,1
42,270,5.0,1
61,49,5.0,1
37,403,5.0,1
37,235,5.0,1
65,427,5.0,1
26,27,5.0,1
30,89,5.0,1
29,277,5.638272163982410,1
15,157,9.130768280269020,1
26,327,5.0,1
30,43,5.0,1
22,423,6.275724130399210,1
39,147,5.0,1
42,78,5.0,1
53,45,5.0,1
36,9,5.0,1
20,205,5.0,1
63,273,5.0,1
52,221,5.0,1
0,340,7.958607314841780,1
17,32,5.0,1
2,41,5.0,1
5,79,6.958607314841780,1
33,311,5.0,1
0,415,5.0,1
58,261,5.5376020021010400,1
4,353,5.0,1
59,126,5.0,1
25,311,5.0,1
64,31,5.0,1
6,393,5.638272163982410,1
54,244,5.0,1
10,98,5.0,1
42,233,5.0,1
47,398,5.0,1
40,285,7.013228265733760,1
48,93,5.0,1
61,386,5.0,1
64,384,5.0,1
47,353,5.0,1
66,211,5.0,1
6,415,5.221848749616360,1
34,265,5.0,1
19,272,5.0,1
51,211,5.0,1
6,434,5.0,1
65,60,5.0,1
13,232,5.0,1
22,197,5.2441251443275100,1
31,179,6.823908740944320,1
13,362,5.0,1
5,392,5.0,1
22,365,6.292429823902060,1
32,427,5.0,1
61,24,5.0,1
43,326,5.0,1
44,340,8.045757490560680,1
54,173,5.0,1
65,126,5.958607314841780,1
8,146,5.346787486224660,1
39,339,5.0,1
33,168,5.0,1
62,222,5.0,1
2,86,5.0,1
12,161,5.0,1
61,355,5.0,1
1,233,5.0,1
7,106,5.0,1
38,124,5.0,1
51,125,5.0,1
61,180,5.0,1
40,172,5.0,1
17,197,5.0,1
46,103,5.0,1
22,404,6.096910013008060,1
46,370,5.0,1
60,372,5.657577319177790,1
43,118,5.0,1
6,183,5.0,1
65,115,8.229147988357860,1
46,148,5.0,1
8,407,5.0,1
34,287,5.0,1
7,211,5.0,1
33,357,5.0,1
3,33,5.0,1
23,157,5.0,1
67,256,5.0,1
38,63,5.0,1
35,400,5.0,1
44,206,5.769551078621730,1
28,302,5.0,1
20,368,5.0,1
42,373,5.0,1
27,275,5.0,1
28,103,7.0,1
6,427,5.0,1
46,282,5.0,1
58,312,5.0,1
62,391,5.0,1
52,269,5.0,1
58,420,5.0,1
37,339,5.0,1
7,21,5.0,1
32,37,6.468521082957750,1
43,285,5.0,1
10,299,5.0,1
8,92,5.0,1
29,294,6.080921907623930,1
11,258,5.0,1
23,187,5.0,1
37,91,5.0,1
25,29,5.0,1
40,159,5.795880017344080,1
3,292,5.0,1
64,92,5.0,1
25,15,5.0,1
32,241,5.920818753952380,1
26,96,5.0,1
43,344,5.0,1
62,138,5.0,1
25,240,5.0,1
65,157,6.585026652029180,1
56,3,6.886056647693160,1
63,356,7.585026652029180,1
21,160,6.886056647693160,1
18,122,5.119186407719210,1
62,5,5.0,1
61,69,5.0,1
8,111,5.6777807052660800,1
7,423,5.0,1
27,430,5.0,1
4,17,5.0,1
50,412,5.0,1
64,229,5.0,1
1,352,5.0,1
31,350,7.376750709602100,1
46,355,5.0,1
1,270,5.0,1
27,139,5.0,1
18,94,5.0,1
13,47,5.0,1
35,369,5.0,1
49,178,5.920818753952380,1
2,277,5.958607314841780,1
0,151,5.0,1
34,87,5.0,1
56,384,8.657577319177790,1
9,417,5.0,1
17,114,6.769551078621730,1
11,419,5.0,1
7,227,5.0,1
25,214,5.0,1
3,196,5.0,1
18,401,5.0,1
39,91,5.0,1
64,132,5.0,1
57,398,6.853871964321760,1
57,362,6.431798275933010,1
64,342,5.0,1
65,323,5.0,1
37,195,5.0,1
9,236,5.0,1
57,438,6.537602002101040,1
57,332,6.1487416512809200,1
56,44,5.0,1
7,153,5.0,1
41,172,7.214670164989230,1
7,237,5.0,1
30,410,5.0,1
64,134,5.0,1
26,185,5.0,1
53,36,6.0915149811213500,1
11,181,5.0,1
25,378,5.0,1
6,174,5.0,1
4,13,6.080921907623930,1
51,235,5.0,1
12,301,5.0,1
14,170,5.0,1
9,258,5.0,1
47,193,7.6777807052660800,1
65,240,5.0,1
56,132,6.721246399047170,1
3,361,5.0,1
29,203,6.795880017344080,1
49,225,5.0,1
42,231,5.0,1
7,335,9.721246399047170,1
27,68,5.0,1
21,120,6.721246399047170,1
48,67,6.552841968657780,1
41,145,5.769551078621730,1
55,341,5.0,1
61,307,5.0,1
49,138,5.0,1
20,351,5.0,1
51,46,5.0,1
8,322,5.0,1
50,398,5.0,1
14,284,5.0,1
31,151,6.508638306165730,1
53,302,5.0,1
9,271,5.0,1
34,86,5.0,1
19,261,6.366531544420410,1
23,331,5.0,1
40,92,5.0,1
61,60,5.0,1
28,251,5.0,1
17,130,5.6777807052660800,1
22,18,5.0,1
52,266,6.008773924307510,1
21,314,5.0,1
31,178,6.6020599913279600,1
58,257,5.318758762624410,1
53,417,6.318758762624410,1
38,219,6.130768280269020,1
31,343,7.0,1
33,423,5.0,1
41,281,5.060480747381380,1
23,335,5.0,1
19,84,7.221848749616360,1
26,210,6.200659450546420,1
6,94,5.552841968657780,1
38,223,6.346787486224660,1
62,270,5.0,1
48,303,5.0,1
7,11,5.0,1
52,161,5.0,1
63,63,5.0,1
13,226,5.0,1
43,403,5.0,1
6,369,5.0,1
15,253,5.0,1
61,369,5.0,1
53,314,5.0,1
57,183,5.585026652029180,1
43,69,5.0,1
63,238,5.698970004336020,1
22,138,6.236572006437060,1
55,361,5.0,1
33,2,5.0,1
2,434,5.0,1
41,60,5.769551078621730,1
19,39,6.721246399047170,1
49,120,5.0,1
56,14,7.431798275933010,1
54,229,5.0,1
18,61,5.0,1
55,169,5.0,1
50,352,5.0,1
31,97,7.200659450546420,1
59,329,5.0,1
35,310,5.0,1
62,135,5.0,1
50,100,5.0,1
44,5,6.619788758288390,1
7,355,5.0,1
16,178,5.0,1
48,111,5.0,1
22,52,5.0,1
27,34,5.0,1
54,146,5.0,1
19,413,7.619788758288390,1
13,381,5.0,1
18,384,5.0,1
60,24,5.0,1
31,288,7.522878745280340,1
22,116,6.795880017344080,1
8,394,5.0,1
28,138,5.0,1
4,270,5.0,1
0,218,5.0,1
32,118,5.0,1
18,133,5.309803919971490,1
19,16,5.0,1
63,109,5.0,1
30,332,5.0,1
64,415,5.0,1
15,200,9.42021640338319,1
14,231,5.0,1
30,129,5.0,1
62,52,5.0,1
61,387,5.0,1
34,153,5.920818753952380,1
50,316,5.0,1
39,381,5.0,1
67,171,5.0,1
66,292,5.0,1
36,62,5.0,1
26,212,5.0,1
28,61,5.0,1
27,77,5.0,1
55,34,5.0,1
1,388,5.0,1
3,418,5.0,1
14,121,9.657577319177790,1
23,146,5.0,1
32,82,5.0,1
52,35,5.0,1
53,95,5.2076083105017500,1
60,435,5.0,1
64,312,5.0,1
12,174,5.0,1
39,262,5.0,1
2,191,5.0,1
47,122,6.346787486224660,1
45,137,7.0915149811213500,1
53,380,6.823908740944320,1
41,84,6.154901959985740,1
14,314,5.0,1
50,54,5.0,1
34,74,5.0,1
61,122,6.455931955649720,1
34,353,5.0,1
25,84,8.657577319177790,1
2,18,5.0,1
7,380,5.0,1
13,115,5.0,1
51,411,5.0,1
56,228,7.619788758288390,1
27,85,5.0,1
23,249,5.0,1
11,196,5.0,1
67,119,5.0,1
30,250,5.0,1
57,419,5.292429823902060,1
57,340,5.0,1
0,17,5.0,1
61,196,5.0,1
56,232,8.397940008672040,1
40,186,5.0,1
28,415,6.060480747381380,1
8,136,5.0,1
29,144,5.0,1
8,223,5.0,1
9,400,6.187086643357140,1
27,436,5.0,1
21,428,5.0,1
24,161,5.0,1
48,234,5.0,1
29,266,7.2839966563652000,1
28,380,5.0,1
34,426,5.508638306165730,1
32,295,5.0,1
21,47,5.0,1
17,159,5.0915149811213500,1
65,255,5.0,1
7,15,5.455931955649720,1
27,347,5.0,1
24,4,5.0,1
22,249,5.0,1
27,351,5.0,1
59,129,5.0,1
8,220,5.0,1
6,151,6.42021640338319,1
57,305,8.229147988357860,1
66,44,5.0,1
43,205,7.42021640338319,1
48,324,7.920818753952380,1
4,150,5.0,1
41,190,6.214670164989230,1
41,390,5.0,1
1,387,5.0,1
8,173,5.0,1
67,283,5.0,1
39,265,5.0,1
64,106,5.0,1
52,199,5.229147988357860,1
8,14,5.0,1
23,321,5.0,1
42,54,5.0,1
67,224,5.0,1
27,260,5.0,1
29,130,5.823908740944320,1
2,127,7.096910013008060,1
21,228,5.0,1
16,28,5.619788758288390,1
13,400,5.0,1
17,82,5.0,1
28,193,6.698970004336020,1
24,420,5.0,1
62,100,5.0,1
62,19,5.0,1
39,384,5.0,1
42,212,5.455931955649720,1
38,336,5.0,1
12,298,6.619788758288390,1
23,161,5.0,1
61,367,5.0,1
59,134,5.0,1
67,320,5.0,1
22,8,7.443697499232710,1
52,240,5.0,1
31,16,5.187086643357140,1
9,131,5.0,1
51,388,5.0,1
11,296,5.0,1
59,97,5.0,1
14,273,5.0,1
18,26,5.0,1
64,205,5.0,1
52,367,5.0,1
47,291,7.017728766960430,1
46,186,5.0,1
49,274,5.0,1
32,395,5.42021640338319,1
41,348,5.0,1
47,131,7.4089353929735000,1
1,436,5.0,1
57,158,9.387216143280270,1
66,203,7.327902142064280,1
48,342,5.853871964321760,1
28,177,5.443697499232710,1
48,164,5.886056647693160,1
53,383,6.6020599913279600,1
34,282,5.0,1
50,143,5.0,1
11,217,5.0,1
67,139,5.0,1
64,101,5.0,1
44,381,5.0,1
25,383,5.0,1
4,157,5.0,1
23,428,5.0,1
17,173,5.0,1
60,197,6.585026652029180,1
10,357,5.0,1
67,363,5.0,1
42,276,5.0,1
10,382,5.0,1
52,237,5.0,1
47,320,5.0,1
48,12,5.0,1
0,185,5.0,1
12,404,5.0,1
15,261,5.0,1
51,139,5.0,1
20,45,5.0,1
59,201,5.0,1
27,364,5.0,1
54,238,6.275724130399210,1
16,197,5.0,1
41,380,5.3872161432802600,1
64,207,5.0,1
50,42,5.0,1
11,249,5.0,1
46,0,5.040958607678910,1
20,291,5.0,1
49,192,5.0,1
0,74,6.154901959985740,1
48,208,5.585026652029180,1
25,303,5.0,1
60,386,6.167491087293760,1
18,419,6.721246399047170,1
45,299,5.0,1
31,425,6.040958607678910,1
40,146,5.0,1
51,354,5.0,1
60,222,5.0,1
57,211,5.0,1
13,272,5.0,1
54,275,5.0,1
54,213,5.0,1
53,377,5.017728766960430,1
45,371,5.0,1
45,64,5.0,1
48,38,6.366531544420410,1
41,21,5.0,1
0,400,6.1938200260161100,1
27,361,5.0,1
46,440,5.0,1
44,178,6.886056647693160,1
47,281,6.180456064458130,1
53,56,5.958607314841780,1
17,315,5.0,1
13,34,5.0,1
23,106,5.0,1
60,253,5.494850021680090,1
17,427,5.0,1
34,96,5.0,1
65,392,5.0,1
55,193,5.0,1
62,427,5.0,1
30,83,5.0,1
27,337,5.0,1
50,34,5.0,1
36,19,5.0,1
8,170,5.0,1
13,126,5.0,1
53,432,5.522878745280340,1
65,2,6.113509274827520,1
8,39,5.0,1
67,396,5.0,1
4,441,5.0,1
67,106,5.0,1
58,419,5.0,1
34,369,5.0,1
59,429,5.0,1
46,106,5.0,1
53,113,5.0,1
9,328,5.0,1
23,66,5.0,1
66,217,6.823908740944320,1
26,197,5.0,1
39,106,5.0,1
27,311,5.0,1
16,378,5.0,1
34,104,5.0,1
12,37,5.0,1
10,180,7.823908740944320,1
60,129,5.0,1
22,253,6.0,1
50,197,5.958607314841780,1
29,272,5.508638306165730,1
19,206,7.585026652029180,1
45,376,5.0,1
45,225,5.0,1
21,214,7.721246399047170,1
67,99,5.0,1
66,277,5.0,1
2,305,5.0,1
49,49,5.0,1
65,211,5.0,1
60,293,5.920818753952380,1
6,230,5.0,1
42,216,5.0,1
61,129,5.0,1
50,403,5.0,1
46,405,5.0,1
63,102,7.552841968657780,1
30,35,5.0,1
65,150,5.0,1
17,324,5.0,1
52,245,5.0,1
43,286,5.0,1
14,155,5.0,1
51,176,5.0,1
44,328,6.107905397309520,1
7,393,5.0,1
64,190,5.0,1
20,376,6.657577319177790,1
13,256,5.0,1
58,285,5.0,1
13,435,5.0,1
11,44,5.0,1
14,219,5.0,1
56,413,8.327902142064280,1
55,97,5.0,1
36,402,5.0,1
5,199,5.259637310505760,1
61,98,5.0,1
33,59,5.0,1
17,391,5.0,1
65,287,5.0,1
55,19,5.0,1
50,127,5.0,1
38,158,5.267606240177030,1
21,255,5.0,1
56,396,6.853871964321760,1
7,270,5.0,1
21,66,5.0,1
38,49,6.795880017344080,1
44,109,5.638272163982410,1
60,231,5.0,1
67,135,5.0,1
3,151,5.0,1
9,440,5.769551078621730,1
9,107,5.0,1
64,345,5.0,1
58,213,5.0,1
54,351,5.0,1
63,197,5.0,1
13,329,5.0,1
42,33,5.0,1
6,267,5.0,1
34,81,5.494850021680090,1
43,218,5.958607314841780,1
10,192,5.769551078621730,1
17,343,5.0,1
26,214,6.327902142064280,1
21,196,6.154901959985740,1
33,237,5.0,1
61,198,5.0,1
63,107,5.045757490560680,1
61,17,5.6020599913279600,1
33,130,5.0,1
56,308,5.0,1
25,235,5.0,1
10,219,6.318758762624410,1
10,130,5.958607314841780,1
25,384,5.0,1
26,281,5.0,1
24,292,7.6777807052660800,1
60,331,5.0,1
32,214,6.337242168318430,1
53,411,6.200659450546420,1
13,19,5.0,1
62,268,5.0,1
56,56,9.259637310505760,1
23,101,5.0,1
9,327,5.0,1
28,121,5.017728766960430,1
60,262,5.1249387366083,1
58,354,5.0,1
9,304,5.0,1
21,154,5.0,1
12,20,5.0,1
66,219,6.853871964321760,1
51,130,5.0,1
58,280,6.096910013008060,1
57,324,5.619788758288390,1
39,217,5.0,1
37,196,5.0,1
61,20,5.0,1
13,254,5.0,1
42,80,5.4089353929735000,1
11,91,5.0,1
1,261,5.0,1
39,3,7.251811972993800,1
59,91,5.619788758288390,1
12,305,5.0,1
25,162,5.0,1
47,425,5.0,1
46,338,5.585026652029180,1
30,374,5.0,1
52,356,5.0,1
2,280,5.7447274948966900,1
48,156,5.0,1
13,386,5.0,1
25,429,5.0,1
5,238,5.0,1
51,102,5.0,1
55,413,5.102372908709560,1
7,405,5.0,1
47,23,7.1938200260161100,1
13,153,5.0,1
2,289,5.0,1
16,406,6.42021640338319,1
21,2,5.086186147616280,1
50,144,5.0,1
33,368,5.0,1
12,12,5.0,1
18,408,5.0,1
7,354,5.0,1
59,39,5.0,1
4,375,5.0,1
62,9,5.0,1
63,294,6.638272163982410,1
25,205,5.0,1
53,374,5.236572006437060,1
66,175,5.275724130399210,1
39,288,5.0,1
32,266,5.552841968657780,1
10,215,6.301029995663980,1
15,104,5.0,1
62,431,5.0,1
61,340,5.0,1
45,297,8.309803919971490,1
29,356,7.327902142064280,1
37,217,5.0,1
32,333,5.0,1
46,241,5.0,1
33,169,5.0,1
53,310,5.0,1
49,283,5.568636235841010,1
20,172,5.886056647693160,1
42,100,5.0,1
7,372,6.568636235841010,1
41,345,5.0,1
59,92,5.060480747381380,1
6,3,6.096910013008060,1
12,41,5.0,1
61,34,5.0,1
25,180,5.0,1
40,374,5.0,1
43,278,5.0,1
48,159,6.6777807052660800,1
24,232,5.0,1
67,386,5.0,1
65,213,5.0,1
6,171,5.638272163982410,1
18,81,5.0,1
30,204,5.0,1
45,211,6.142667503568730,1
55,37,5.346787486224660,1
54,250,5.0,1
10,0,5.638272163982410,1
15,187,5.0,1
53,325,6.886056647693160,1
66,91,5.0,1
6,233,5.0,1
18,269,5.0,1
55,288,5.0,1
23,32,5.0,1
14,347,5.0,1
60,276,5.795880017344080,1
47,171,6.346787486224660,1
63,428,5.0,1
25,134,5.0,1
8,54,5.0,1
56,158,8.537602002101040,1
24,101,6.958607314841780,1
0,252,6.3979400086720400,1
43,100,5.0,1
43,367,5.0,1
37,2,5.3979400086720400,1
6,106,5.0,1
4,75,5.0,1
42,12,5.0,1
11,63,5.0,1
6,69,5.0,1
9,346,5.0,1
28,157,7.275724130399210,1
27,362,5.0,1
11,254,5.0,1
51,47,5.0,1
0,437,5.0,1
48,286,5.0,1
46,144,5.0,1
13,267,5.0,1
25,147,5.0,1
20,200,5.0,1
15,379,5.0,1
36,135,5.0,1
54,340,5.0,1
19,353,5.0,1
42,6,5.0,1
24,217,5.0,1
63,54,5.0,1
58,199,7.173925197299170,1
32,381,5.0,1
4,232,5.0,1
43,277,5.0,1
4,31,5.0,1
2,132,7.7447274948966900,1
61,107,5.0,1
57,354,5.0,1
48,8,5.0,1
58,19,5.657577319177790,1
56,279,5.346787486224660,1
13,4,5.0,1
57,246,5.920818753952380,1
59,326,6.508638306165730,1
10,295,5.0,1
67,167,5.0,1
50,67,5.0,1
57,436,5.0,1
22,169,5.0,1
62,200,5.0,1
44,375,6.698970004336020,1
48,253,5.853871964321760,1
64,399,5.0,1
50,279,5.0,1
7,129,5.0,1
33,438,5.0,1
64,159,5.0,1
37,161,6.0,1
44,291,6.0,1
1,79,5.0,1
57,227,6.7447274948966900,1
0,254,5.0,1
57,172,6.7447274948966900,1
47,69,5.0,1
52,231,5.0,1
54,149,5.0,1
63,247,6.443697499232710,1
54,197,5.0,1
8,186,5.0,1
36,132,5.0,1
58,206,6.886056647693160,1
25,355,5.0,1
31,322,6.698970004336020,1
46,247,5.0,1
29,329,5.0,1
64,429,5.0,1
37,432,5.0,1
61,82,5.180456064458130,1
58,225,5.698970004336020,1
26,148,5.0,1
56,274,6.1249387366083,1
59,207,5.0,1
57,189,7.853871964321760,1
18,43,5.0,1
42,375,5.0,1
30,130,5.0,1
39,196,5.0,1
64,209,5.0,1
5,155,5.0,1
53,119,5.0,1
12,290,5.0,1
43,221,5.0,1
59,123,5.161150909262740,1
39,125,6.229147988357860,1
17,215,5.0,1
8,177,5.0,1
46,77,5.0,1
53,401,5.920818753952380,1
67,238,5.0,1
47,39,7.6020599913279600,1
64,41,5.0,1
13,101,5.0,1
41,79,5.0,1
56,364,6.958607314841780,1
53,347,5.0,1
54,424,5.0,1
67,336,5.0,1
66,10,7.552841968657780,1
59,414,5.0,1
13,102,5.0,1
55,374,5.0,1
33,329,5.0,1
39,316,5.0,1
27,363,5.0,1
65,172,5.0,1
4,57,5.0,1
18,275,5.0,1
61,271,5.0,1
30,62,5.0,1
15,142,5.0,1
56,47,7.585026652029180,1
36,16,5.0,1
23,333,5.0,1
30,184,5.0,1
47,136,6.221848749616360,1
63,222,5.0,1
27,185,5.0,1
47,76,5.0,1
37,392,5.0,1
2,31,5.0,1
34,200,5.0,1
50,207,5.0,1
18,364,5.0,1
21,266,6.013228265733760,1
41,10,5.031517051446070,1
55,24,5.0,1
3,169,5.0,1
46,420,5.0,1
9,133,5.0,1
58,370,5.0,1
24,279,5.0,1
64,87,5.0,1
12,23,5.0,1
63,216,5.0,1
47,269,5.0,1
29,110,6.026872146400300,1
66,235,5.698970004336020,1
15,92,5.0,1
3,113,5.0,1
41,149,5.0,1
12,100,5.0,1
33,25,5.0,1
12,34,5.0,1
53,111,5.886056647693160,1
47,441,7.6777807052660800,1
14,239,5.0,1
55,326,5.0,1
26,145,5.0,1
24,397,5.585026652029180,1
35,146,5.0,1
49,392,5.0,1
40,139,6.853871964321760,1
10,19,5.0,1
29,137,6.886056647693160,1
50,63,5.0,1
55,16,5.5376020021010400,1
58,345,6.795880017344080,1
40,386,5.431798275933010,1
8,2,5.0,1
18,29,5.0,1
65,151,6.251811972993800,1
55,135,5.0,1
2,321,5.0,1
40,317,5.0,1
53,72,5.0,1
10,218,8.3767507096021,1
6,97,5.0,1
2,110,5.0,1
62,379,6.267606240177030,1
62,249,5.0,1
40,260,5.823908740944320,1
26,144,5.508638306165730,1
49,98,7.050609993355090,1
44,128,6.008773924307510,1
23,387,5.0,1
44,300,6.309803919971490,1
2,90,6.0,1
19,1,7.1249387366083,1
46,79,5.0,1
36,387,7.200659450546420,1
26,382,5.0,1
37,31,5.0,1
4,72,5.0,1
14,13,7.376750709602100,1
5,278,5.0,1
27,39,6.2839966563652000,1
62,284,5.0,1
7,222,5.0,1
27,342,5.0,1
63,320,5.0,1
8,219,5.0,1
57,21,5.0,1
49,14,5.431798275933010,1
25,32,5.0,1
21,334,5.0,1
64,201,5.0,1
0,222,5.0,1
4,275,5.0,1
14,29,5.0,1
40,174,5.0,1
28,234,5.2076083105017500,1
28,231,5.0,1
53,188,5.698970004336020,1
47,5,5.0,1
51,231,5.0,1
44,425,5.468521082957750,1
67,416,5.0,1
39,401,5.327902142064280,1
10,154,5.0,1
28,14,6.173925197299170,1
43,10,5.3979400086720400,1
11,291,5.0,1
45,25,5.0,1
14,144,5.267606240177030,1
4,218,5.0,1
42,415,5.0,1
44,44,6.055517327849830,1
13,100,5.0,1
10,174,5.0,1
27,231,5.0,1
23,151,5.0,1
39,370,5.0,1
49,177,6.0,1
36,236,6.721246399047170,1
19,180,7.356547323513810,1
12,53,5.0,1
58,387,8.920818753952380,1
54,246,5.0,1
23,193,5.0,1
32,280,5.0,1
35,61,5.0,1
28,180,6.431798275933010,1
48,32,5.0,1
14,276,5.0,1
46,205,5.0,1
26,424,5.0,1
55,297,7.2076083105017500,1
33,305,5.0,1
41,320,5.0,1
11,0,5.0,1
52,375,5.0,1
26,203,5.366531544420410,1
9,285,5.0,1
6,367,5.0,1
49,331,5.0,1
41,187,5.638272163982410,1
22,123,6.327902142064280,1
30,234,5.0,1
15,123,5.886056647693160,1
60,99,6.721246399047170,1
46,163,5.4089353929735000,1
55,402,6.267606240177030,1
42,72,5.0,1
38,298,5.0,1
10,285,5.0,1
64,12,5.0,1
31,360,5.173925197299170,1
57,134,5.0,1
37,441,5.0,1
13,186,5.0,1
58,23,7.036212172654440,1
3,94,5.0,1
36,426,5.0,1
5,246,5.0,1
51,171,5.0,1
14,143,5.769551078621730,1
45,68,5.0,1
40,280,5.0,1
43,124,5.0,1
34,358,5.0,1
52,227,5.0,1
37,248,5.0,1
36,342,5.0,1
57,63,5.0,1
3,13,5.0,1
64,128,5.0,1
63,286,5.0,1
59,218,5.0,1
63,99,5.0,1
14,206,5.721246399047170,1
50,351,5.0,1
55,294,5.0,1
8,242,5.0,1
20,338,5.0,1
67,45,5.0,1
35,379,5.0,1
37,261,5.0,1
45,50,5.6777807052660800,1
54,10,5.0,1
17,104,5.0,1
4,331,5.0,1
21,378,5.0,1
56,59,9.795880017344080,1
0,59,6.130768280269020,1
9,84,5.853871964321760,1
10,281,5.823908740944320,1
26,235,5.0,1
32,24,5.0,1
66,176,5.886056647693160,1
19,264,6.080921907623930,1
54,227,5.0,1
55,337,5.0,1
42,421,5.0,1
62,239,5.0,1
27,360,5.0,1
45,419,5.0,1
42,247,5.0,1
29,393,6.698970004336020,1
22,45,5.638272163982410,1
5,422,5.0,1
32,359,5.0,1
52,116,5.0,1
24,407,5.0,1
24,280,5.0,1
22,410,8.508638306165730,1
4,38,5.0,1
49,188,5.0,1
42,172,5.0,1
60,311,5.0,1
18,437,5.309803919971490,1
31,307,6.638272163982410,1
19,383,6.017728766960430,1
22,160,8.698970004336020,1
18,425,5.0,1
15,316,5.0,1
47,325,5.721246399047170,1
58,214,7.086186147616280,1
48,314,5.0,1
33,260,5.0,1
50,260,5.0,1
26,257,5.0,1
40,332,5.0,1
62,276,5.0,1
21,64,5.0,1
1,119,5.0,1
6,196,5.508638306165730,1
7,265,7.013228265733760,1
11,189,5.0,1
60,284,5.0,1
1,305,5.0,1
20,253,5.0,1
61,163,7.5376020021010400,1
16,237,5.0,1
21,231,5.0,1
59,301,5.0,1
48,311,5.0,1
22,21,5.0,1
57,312,5.0,1
56,375,7.161150909262740,1
61,239,5.0,1
2,384,5.769551078621730,1
18,173,5.0,1
61,228,5.0,1
5,280,5.0,1
49,293,5.886056647693160,1
9,410,5.721246399047170,1
7,22,5.0,1
57,5,6.431798275933010,1
10,294,5.619788758288390,1
16,15,6.958607314841780,1
54,336,5.0,1
29,379,5.0,1
7,206,5.0,1
35,390,5.0,1
0,4,5.0,1
0,298,5.0,1
38,215,5.0,1
41,366,5.0,1
1,53,5.0,1
14,326,5.0,1
40,97,5.0,1
7,130,5.0,1
1,399,5.0,1
15,427,5.0,1
12,86,5.0,1
9,75,5.0,1
9,143,5.0,1
1,181,5.0,1
3,422,5.0,1
47,285,5.0,1
47,379,5.0,1
53,142,5.0,1
18,74,5.0,1
50,310,5.0,1
25,199,5.0,1
45,367,5.0,1
51,220,5.0,1
17,249,5.0,1
39,232,5.0,1
13,36,5.7447274948966900,1
45,258,5.0,1
42,124,5.0,1
37,257,5.0,1
61,215,5.0,1
15,327,5.0,1
36,17,5.0,1
60,425,6.346787486224660,1
36,224,6.6777807052660800,1
32,365,5.0,1
59,75,5.0,1
12,6,6.036212172654440,1
63,299,5.0,1
34,368,5.508638306165730,1
34,78,5.0,1
60,79,6.853871964321760,1
8,178,5.0,1
1,92,5.0,1
53,261,7.0,1
54,360,5.0,1
15,71,5.0,1
59,365,5.0,1
37,192,5.0,1
26,132,5.7447274948966900,1
46,313,8.431798275933010,1
57,345,6.42021640338319,1
40,328,6.638272163982410,1
39,400,5.0,1
52,293,5.0,1
3,180,5.0,1
30,439,5.0,1
17,336,5.0,1
41,297,5.698970004336020,1
42,357,5.0,1
2,174,5.0,1
29,66,5.0,1
37,145,5.0,1
39,289,5.0,1
60,322,5.0,1
42,349,5.0,1
19,310,5.0,1
30,273,5.0,1
54,255,5.0,1
42,234,5.0,1
30,371,5.0,1
40,188,5.0,1
15,191,5.0,1
48,280,5.0,1
13,333,5.0,1
20,138,5.0,1
62,90,5.0,1
6,64,5.0,1
5,30,5.0,1
26,318,5.0,1
27,438,5.0,1
66,79,5.0,1
40,144,5.958607314841780,1
47,346,5.4089353929735000,1
65,261,5.0,1
62,177,5.0,1
53,7,6.251811972993800,1
66,342,5.0,1
58,385,7.769551078621730,1
62,411,5.0,1
5,204,5.0,1
34,231,5.0,1
54,3,5.0,1
36,245,6.161150909262740,1
33,424,5.0,1
58,139,5.0,1
36,214,6.229147988357860,1
59,3,5.0,1
23,86,5.0,1
21,311,5.0,1
19,303,5.0,1
59,257,5.0,1
60,216,6.0,1
38,10,5.221848749616360,1
63,164,6.886056647693160,1
63,70,5.0,1
57,147,6.221848749616360,1
39,358,5.0,1
38,232,5.0,1
67,319,5.0,1
62,362,5.0,1
4,213,5.0,1
30,11,5.0,1
55,39,5.0,1
6,386,6.0,1
63,127,5.823908740944320,1
26,406,5.0,1
14,56,5.0,1
43,173,5.0,1
45,77,5.0,1
28,332,5.619788758288390,1
31,311,5.251811972993800,1
63,244,5.769551078621730,1
16,122,5.0,1
49,246,5.0,1
57,29,7.050609993355090,1
14,434,5.0,1
36,276,5.0,1
8,188,5.0,1
24,246,5.0,1
24,145,5.0,1
58,330,5.3872161432802600,1
39,275,5.0,1
7,158,5.0,1
60,353,5.721246399047170,1
65,159,6.251811972993800,1
27,366,5.0,1
28,80,6.045757490560680,1
0,179,6.119186407719210,1
21,354,5.0,1
0,246,5.0,1
65,10,7.795880017344080,1
41,216,5.0,1
14,20,5.0,1
50,300,6.070581074285710,1
34,149,5.356547323513810,1
22,9,8.397940008672040,1
22,356,9.173925197299170,1
6,234,5.0,1
2,66,6.853871964321760,1
24,275,5.0,1
47,186,7.886056647693160,1
53,11,6.657577319177790,1
17,13,10.236572006437100,1
41,71,5.0,1
63,249,5.0,1
14,193,5.0,1
49,181,5.0,1
38,325,5.0,1
61,204,8.221848749616360,1
54,111,5.0,1
60,82,5.0,1
63,11,8.013228265733760,1
62,210,6.337242168318430,1
67,18,5.0,1
49,4,5.022276394711150,1
8,33,5.0,1
20,108,5.0,1
54,247,5.0,1
19,322,5.0,1
24,168,5.0,1
35,409,5.0,1
29,41,6.920818753952380,1
3,20,5.0,1
38,290,5.0,1
41,64,5.0,1
43,99,5.0915149811213500,1
31,219,6.468521082957750,1
56,344,7.568636235841010,1
67,403,5.0,1
36,41,5.0,1
14,9,7.040958607678910,1
8,214,5.0,1
44,360,5.040958607678910,1
43,5,5.2441251443275100,1
25,223,5.0,1
7,125,5.0,1
61,400,5.0,1
3,268,5.0,1
57,286,5.0,1
47,33,5.0,1
51,376,5.0,1
42,324,5.0,1
59,290,5.0,1
0,354,5.0,1
46,393,5.0,1
24,322,6.026872146400300,1
3,127,5.0,1
8,331,5.0,1
61,58,5.0,1
7,378,5.0,1
63,425,5.180456064458130,1
17,101,5.0,1
53,226,5.769551078621730,1
28,377,5.0,1
65,108,5.0,1
66,315,5.0,1
61,323,5.0,1
56,315,5.0,1
65,116,7.920818753952380,1
33,319,5.0,1
20,238,5.0,1
30,210,5.0,1
11,166,5.0,1
56,188,7.0915149811213500,1
9,73,5.0,1
14,87,5.0,1
60,364,5.008773924307510,1
22,285,6.119186407719210,1
58,47,6.508638306165730,1
42,127,5.0,1
61,79,5.0,1
47,430,7.3979400086720400,1
30,422,5.0,1
35,250,5.0,1
1,312,5.0,1
15,307,5.0,1
14,436,5.0,1
35,327,5.0,1
48,412,5.0,1
17,67,5.0,1
19,110,5.0,1
63,397,5.0,1
12,371,5.0,1
46,78,5.0,1
48,177,6.853871964321760,1
23,55,5.0,1
46,121,5.0,1
19,80,5.167491087293760,1
37,12,5.0,1
42,191,5.0,1
44,435,5.853871964321760,1
51,145,5.0,1
11,26,5.0,1
59,59,5.0,1
38,179,5.823908740944320,1
8,427,5.0,1
38,255,5.236572006437060,1
6,336,5.0,1
54,35,5.0,1
29,160,7.886056647693160,1
1,83,5.0,1
9,217,5.494850021680090,1
5,225,5.0,1
62,95,5.0,1
53,369,6.698970004336020,1
25,26,5.0,1
55,96,5.0,1
3,317,5.0,1
6,368,5.494850021680090,1
59,28,5.0,1
10,104,6.173925197299170,1
46,311,9.065501548756430,1
23,431,5.0,1
2,200,8.267606240177030,1
43,39,5.958607314841780,1
46,217,5.0,1
49,296,5.0,1
58,127,5.3979400086720400,1
25,96,5.0,1
54,341,5.0,1
54,83,5.0,1
67,296,5.0,1
9,320,5.0,1
28,176,5.0,1
65,158,6.070581074285710,1
4,419,5.0,1
60,401,5.886056647693160,1
36,253,7.823908740944320,1
59,430,5.0,1
63,312,5.0,1
34,382,5.0,1
60,117,5.251811972993800,1
57,129,5.920818753952380,1
16,185,5.259637310505760,1
56,268,6.301029995663980,1
58,309,5.0,1
32,265,5.0,1
38,270,5.0,1
36,320,5.0,1
31,434,5.6777807052660800,1
19,220,5.0,1
13,242,5.0,1
34,62,5.0,1
42,221,5.0,1
46,252,5.0,1
32,420,5.0,1
34,202,5.0,1
35,18,5.0,1
18,123,5.619788758288390,1
54,225,5.0,1
15,163,5.0,1
32,390,5.0,1
53,144,5.0,1
26,436,5.0,1
53,148,5.920818753952380,1
19,70,5.585026652029180,1
61,91,5.0,1
17,420,5.0,1
5,404,6.327902142064280,1
59,400,5.638272163982410,1
27,372,5.0,1
39,185,5.0,1
23,115,5.0,1
13,416,5.0,1
7,367,5.0,1
65,143,5.823908740944320,1
32,69,5.0,1
6,176,5.0,1
62,413,5.0,1
8,112,5.0,1
35,283,5.0,1
33,26,5.0,1
43,202,5.0,1
30,239,5.0,1
15,137,6.657577319177790,1
39,180,6.050609993355090,1
20,287,5.0,1
56,154,6.508638306165730,1
17,217,5.0,1
51,372,5.0,1
50,86,7.1249387366083,1
9,24,5.0,1
43,413,5.6020599913279600,1
23,38,5.0,1
41,343,5.0,1
8,264,5.0,1
50,161,5.0,1
42,155,5.0,1
3,423,5.0,1
21,393,5.080921907623930,1
28,361,5.698970004336020,1
59,33,5.0,1
61,127,5.0,1
17,139,7.7447274948966900,1
48,308,5.0,1
4,341,5.0,1
43,311,5.0,1
23,342,5.0,1
8,249,5.0,1
4,381,5.318758762624410,1
12,190,5.0,1
44,161,5.721246399047170,1
60,9,6.958607314841780,1
67,174,5.0,1
55,87,5.0,1
43,394,5.721246399047170,1
11,161,5.0,1
40,39,8.823908740944320,1
60,261,5.0,1
11,77,5.0,1
9,356,6.920818753952380,1
21,0,5.920818753952380,1
61,311,5.0,1
20,406,5.0,1
42,120,5.0,1
51,430,5.0,1
58,223,6.958607314841780,1
7,32,5.0,1
39,85,5.619788758288390,1
55,307,5.0,1
34,165,5.508638306165730,1
3,415,5.0,1
3,47,5.0,1
34,91,5.0,1
63,284,5.0,1
16,240,5.0,1
62,157,5.0,1
53,278,6.221848749616360,1
36,375,6.130768280269020,1
30,26,5.0,1
7,82,6.200659450546420,1
19,401,5.0,1
61,232,5.0,1
65,40,5.0,1
45,89,5.0,1
54,370,5.0,1
36,110,6.481486060122110,1
67,116,5.0,1
59,267,5.0,1
31,364,7.886056647693160,1
25,422,5.0,1
25,202,5.0,1
32,103,5.42021640338319,1
0,113,5.0,1
57,169,6.7447274948966900,1
50,420,5.0,1
53,416,5.0,1
28,312,5.0,1
16,440,5.0,1
4,64,5.0,1
6,58,5.853871964321760,1
36,267,6.1938200260161100,1
64,129,5.0,1
41,170,5.958607314841780,1
16,78,5.0,1
41,298,5.721246399047170,1
52,76,8.769551078621730,1
65,48,5.0,1
37,422,5.0,1
35,228,5.0,1
45,311,5.0,1
39,34,5.0,1
53,218,6.0915149811213500,1
16,132,6.552841968657780,1
64,293,5.0,1
13,80,5.0,1
52,34,5.130768280269020,1
12,359,5.0,1
20,184,5.0,1
61,313,5.0,1
2,146,7.026872146400300,1
13,229,5.0,1
19,85,5.0,1
40,191,5.0,1
23,6,5.494850021680090,1
46,38,5.0,1
12,132,5.958607314841780,1
31,341,6.853871964321760,1
34,367,5.0,1
29,168,6.585026652029180,1
59,295,5.0,1
26,166,5.698970004336020,1
21,215,5.5376020021010400,1
14,319,5.0,1
4,369,5.0,1
61,136,5.0,1
34,136,6.251811972993800,1
41,161,7.236572006437060,1
48,210,5.0,1
10,36,5.0,1
41,258,5.0,1
48,209,6.1938200260161100,1
28,18,8.0,1
26,68,5.0,1
57,326,5.0,1
5,78,5.0,1
41,0,6.494850021680090,1
39,342,5.0,1
64,341,5.0,1
58,169,5.958607314841780,1
32,367,6.200659450546420,1
61,243,5.0,1
28,425,6.327902142064280,1
35,258,5.0,1
46,254,5.0,1
64,91,5.0,1
54,104,5.0,1
33,396,5.0,1
16,191,5.443697499232710,1
24,429,5.0,1
49,112,5.0,1
45,84,8.102372908709560,1
40,394,5.0,1
26,17,5.0,1
15,436,5.0,1
15,283,5.0,1
26,287,5.0,1
37,394,5.0,1
47,364,6.657577319177790,1
66,364,6.356547323513810,1
7,295,5.0,1
30,364,5.0,1
63,116,5.0,1
54,193,5.0,1
18,176,5.0,1
32,172,5.0,1
65,107,5.0,1
35,241,5.0,1
30,346,5.0,1
55,62,5.0,1
32,74,5.0,1
12,252,5.0,1
59,7,5.42021640338319,1
50,270,5.0,1
49,263,5.0,1
29,121,5.0,1
57,233,6.508638306165730,1
48,319,5.0,1
58,76,5.0,1
3,97,5.0,1
18,352,6.00436480540245,1
38,27,5.0,1
25,220,5.0,1
64,370,5.0,1
56,366,9.55284196865778,1
29,354,5.0,1
61,38,5.0,1
51,90,5.0,1
55,15,5.853871964321760,1
24,196,5.0,1
47,212,5.853871964321760,1
38,85,6.259637310505760,1
40,71,5.0,1
30,167,5.0,1
37,85,5.0,1
0,409,5.0,1
2,254,5.0,1
24,313,5.0,1
4,356,5.0,1
40,340,5.0,1
7,429,5.0,1
1,430,7.060480747381380,1
23,263,5.0,1
52,330,5.0,1
22,43,6.698970004336020,1
62,298,5.0,1
27,303,5.0,1
55,222,5.0,1
21,80,5.0,1
15,210,7.173925197299170,1
2,404,5.0,1
58,368,9.309803919971490,1
24,300,5.0,1
0,242,5.0,1
37,84,8.2518119729938,1
13,371,5.0,1
51,153,5.0,1
35,39,6.823908740944320,1
24,22,5.0,1
10,87,5.585026652029180,1
17,83,5.0,1
59,345,5.0,1
29,291,5.823908740944320,1
17,327,5.0,1
53,227,6.6777807052660800,1
6,62,5.0,1
6,135,5.0,1
34,20,5.0,1
28,303,5.0,1
55,411,5.0,1
12,50,5.0,1
27,419,5.0,1
57,352,7.086186147616280,1
28,202,7.318758762624410,1
62,310,5.0,1
30,79,5.0,1
16,374,5.0,1
0,379,5.0,1
8,256,5.0,1
59,373,5.0,1
57,376,7.769551078621730,1
1,145,5.0,1
6,253,5.522878745280340,1
55,110,5.0,1
5,372,5.0,1
49,217,6.356547323513810,1
33,372,5.0,1
20,176,6.0,1
9,163,7.366531544420410,1
39,207,6.585026652029180,1
18,283,5.0,1
14,308,5.0,1
31,187,5.958607314841780,1
64,352,5.0,1
63,232,5.309803919971490,1
40,31,5.0,1
26,140,6.3872161432802600,1
59,276,5.0,1
35,78,5.0,1
38,276,5.0,1
56,405,5.886056647693160,1
26,273,5.0,1
35,93,5.0,1
12,302,5.0,1
36,282,5.0,1
52,300,5.0,1
46,348,5.0,1
23,35,5.0,1
61,339,5.0,1
46,243,5.2441251443275100,1
24,356,5.886056647693160,1
36,38,6.657577319177790,1
52,379,5.0,1
22,386,8.522878745280340,1
18,242,5.0,1
34,266,5.0,1
19,275,5.0,1
32,134,5.853871964321760,1
47,64,5.0,1
6,256,5.0,1
63,346,5.0,1
17,207,8.568636235841010,1
5,19,5.508638306165730,1
46,150,5.0,1
23,31,5.0,1
67,94,5.0,1
4,212,5.0,1
27,287,5.0,1
58,427,9.080921907623930,1
8,431,5.0,1
67,73,5.0,1
1,75,5.0,1
5,40,5.0,1
20,14,5.0,1
27,58,5.0,1
46,289,5.0,1
40,76,5.0,1
20,352,5.0,1
1,277,5.0,1
59,157,5.0,1
3,227,5.0,1
57,35,6.42021640338319,1
6,44,5.0,1
65,87,5.0,1
45,438,5.0,1
20,133,5.0,1
52,349,5.0,1
43,183,5.0,1
42,401,5.0,1
44,145,5.0,1
30,8,5.0,1
60,370,6.853871964321760,1
38,239,5.0,1
56,421,7.619788758288390,1
26,90,5.0,1
44,22,5.494850021680090,1
32,90,5.0,1
0,88,6.6777807052660800,1
26,9,5.958607314841780,1
4,361,5.0,1
49,438,5.200659450546420,1
2,228,7.823908740944320,1
51,435,5.0,1
7,176,5.3872161432802600,1
1,395,5.0,1
21,13,7.119186407719210,1
3,344,5.0,1
22,340,5.0,1
56,379,5.481486060122110,1
19,246,5.0,1
23,272,5.0,1
31,355,7.698970004336020,1
13,404,5.0,1
51,129,5.0,1
63,31,6.698970004336020,1
44,84,5.481486060122110,1
62,196,9.795880017344080,1
24,181,5.0,1
65,267,5.0,1
8,421,5.0,1
63,162,8.318758762624410,1
38,310,5.0,1
54,413,5.0,1
63,55,5.0,1
23,323,5.0,1
13,160,5.0,1
18,373,5.0,1
34,46,5.0,1
13,405,5.0,1
34,292,5.0,1
29,14,7.200659450546420,1
42,163,5.0,1
12,341,5.0,1
30,108,5.0,1
43,348,5.0,1
22,421,5.0,1
29,10,7.657577319177790,1
4,234,5.0,1
56,207,7.42021640338319,1
57,322,5.0,1
57,27,6.769551078621730,1
54,108,5.0,1
31,264,5.3872161432802600,1
28,101,5.0,1
26,372,5.0,1
10,245,5.657577319177790,1
12,221,5.0,1
30,120,5.0,1
20,0,5.568636235841010,1
41,83,5.0,1
66,60,5.0,1
50,277,5.0,1
20,77,5.0,1
42,129,5.0,1
51,76,5.0,1
0,318,5.0,1
31,323,6.6020599913279600,1
5,342,5.0,1
18,427,5.0,1
65,253,5.0,1
44,139,6.920818753952380,1
15,272,5.0,1
29,395,6.853871964321760,1
22,174,5.0,1
16,353,5.0,1
11,259,5.0,1
15,182,5.0,1
54,38,5.0,1
59,337,5.0,1
32,87,5.0,1
51,393,5.0,1
33,249,5.0,1
66,180,7.455931955649720,1
53,90,6.0,1
10,54,5.0,1
54,309,5.0,1
20,158,6.481486060122110,1
45,331,5.0,1
32,425,5.0,1
57,290,7.795880017344080,1
12,268,5.0,1
52,78,5.0,1
32,261,5.0,1
17,176,5.0,1
20,84,5.0,1
40,225,7.251811972993800,1
55,335,5.0,1
63,201,6.42021640338319,1
15,390,5.0,1
5,421,5.0,1
51,146,5.0,1
12,65,5.0,1
62,61,5.0,1
39,152,5.0,1
34,67,5.0,1
3,210,5.0,1
3,80,6.00436480540245,1
30,164,5.0,1
22,351,5.0,1
31,239,8.301029995663980,1
34,198,5.0,1
37,385,5.0,1
19,99,5.0,1
49,269,5.0,1
57,193,5.221848749616360,1
11,408,5.0,1
34,313,5.0,1
31,8,6.107905397309520,1
51,42,5.0,1
49,78,5.0,1
43,395,5.0,1
32,85,5.0,1
49,425,5.853871964321760,1
34,203,5.0,1
51,391,5.0,1
30,298,5.0,1
16,188,6.221848749616360,1
60,291,5.42021640338319,1
10,185,5.0,1
60,355,6.886056647693160,1
32,18,5.0,1
25,181,5.0,1
19,101,5.886056647693160,1
15,296,5.0,1
12,0,5.0,1
55,130,6.431798275933010,1
41,117,5.0,1
40,218,8.657577319177790,1
24,225,5.0,1
27,67,5.0,1
24,422,5.0,1
15,418,5.0,1
51,380,5.0,1
4,26,5.0,1
45,248,5.0,1
52,47,5.0,1
16,238,5.0,1
31,63,6.0,1
26,423,5.221848749616360,1
14,419,5.0,1
20,289,5.0,1
28,295,5.0,1
4,171,5.0,1
4,206,5.0,1
63,112,5.0,1
18,120,5.0,1
30,10,5.0,1
15,29,5.0,1
40,306,5.0,1
17,57,5.0,1
30,115,8.67778070526608,1
52,135,5.0,1
24,212,5.0,1
60,2,5.6777807052660800,1
1,24,5.0,1
9,129,5.0,1
48,387,6.494850021680090,1
60,371,5.356547323513810,1
56,80,7.494850021680090,1
50,239,5.0,1
30,73,5.0,1
36,314,5.0,1
18,251,5.795880017344080,1
23,103,5.0,1
40,261,5.585026652029180,1
63,426,5.0,1
43,230,5.0,1
42,138,5.0,1
57,437,6.920818753952380,1
29,180,7.200659450546420,1
8,317,5.0,1
14,173,5.0,1
21,126,5.0,1
6,147,5.0,1
60,391,6.795880017344080,1
29,5,7.026872146400300,1
12,72,5.0,1
12,335,5.0,1
31,91,5.0,1
8,96,5.0,1
25,132,5.0,1
2,120,5.795880017344080,1
39,95,5.0,1
18,398,5.0,1
24,133,5.0,1
4,417,5.0,1
46,327,5.0,1
40,281,5.1938200260161100,1
7,44,5.0,1
37,228,5.236572006437060,1
6,261,5.0,1
45,270,5.0,1
34,66,5.0,1
37,81,5.0,1
6,145,5.0,1
64,111,5.0,1
13,389,5.0,1
15,102,8.769551078621730,1
42,403,5.0,1
6,131,5.0,1
66,373,6.7447274948966900,1
51,55,5.0,1
27,330,5.0,1
45,396,5.0,1
51,296,5.0,1
6,377,5.0,1
14,6,7.337242168318430,1
58,438,5.113509274827520,1
17,105,5.886056647693160,1
23,221,5.0,1
46,130,5.0,1
18,151,5.366531544420410,1
48,99,5.0,1
12,239,5.0,1
19,321,5.0,1
48,403,7.013228265733760,1
21,145,5.0,1
54,4,5.0,1
36,289,5.481486060122110,1
26,376,5.0,1
56,235,8.267606240177030,1
36,127,5.0,1
51,64,5.0,1
49,29,5.0,1
34,229,5.0,1
19,279,5.251811972993800,1
40,326,5.0,1
61,40,5.0,1
3,115,5.0,1
54,31,5.0,1
1,152,5.0,1
32,372,5.0,1
18,319,5.0,1
27,293,5.0,1
67,24,5.0,1
40,279,5.0,1
64,372,5.0,1
57,344,6.508638306165730,1
26,414,5.0,1
48,192,5.0,1
9,324,5.0,1
44,210,6.698970004336020,1
34,380,5.0,1
17,199,5.0,1
9,337,5.0,1
65,320,5.0,1
26,64,5.0,1
13,378,5.0,1
21,330,5.0,1
33,385,5.0,1
34,169,5.0,1
0,308,5.0,1
57,402,5.0,1
47,145,5.0,1
22,301,5.0,1
16,199,5.0,1
2,281,5.0,1
15,294,5.0,1
19,108,5.7447274948966900,1
25,149,5.0,1
34,237,5.0,1
2,27,5.853871964321760,1
65,59,5.0,1
33,108,5.0,1
67,286,5.0,1
39,264,5.0,1
23,198,5.0,1
4,181,5.0,1
55,54,5.0,1
54,432,5.0,1
5,224,5.00436480540245,1
53,231,5.552841968657780,1
19,201,7.346787486224660,1
61,187,5.0,1
15,385,5.6777807052660800,1
52,387,5.769551078621730,1
59,263,6.2076083105017500,1
23,367,5.0,1
9,297,7.42021640338319,1
48,116,5.0,1
65,12,7.698970004336020,1
66,323,5.0,1
47,208,5.0,1
28,175,5.431798275933010,1
62,153,5.0,1
27,331,5.0,1
36,156,6.136677139879540,1
28,344,6.376750709602100,1
43,224,5.0,1
48,265,6.537602002101040,1
56,110,7.552841968657780,1
39,363,5.0,1
41,178,7.200659450546420,1
61,142,5.0,1
33,102,5.0,1
54,103,5.0,1
47,296,5.0,1
3,175,5.0,1
16,72,5.0,1
19,266,7.036212172654440,1
0,178,6.958607314841780,1
14,26,5.0,1
41,419,6.031517051446070,1
63,252,7.823908740944320,1
42,229,5.0,1
25,139,5.0,1
32,418,5.958607314841780,1
25,59,5.0,1
35,293,5.0,1
56,246,6.886056647693160,1
42,317,8.823908740944320,1
49,395,5.0,1
5,183,5.0,1
34,137,5.0,1
33,226,5.0,1
35,376,5.0,1
16,370,5.0,1
19,306,5.0,1
12,211,5.0,1
38,351,5.0,1
30,103,5.0,1
3,168,5.0,1
48,108,5.0,1
48,428,5.0,1
11,206,7.769551078621730,1
42,336,5.0,1
12,427,5.0,1
6,87,5.0,1
47,41,6.142667503568730,1
21,256,5.0,1
64,269,5.0,1
26,175,5.356547323513810,1
57,15,6.823908740944320,1
45,244,5.481486060122110,1
6,188,5.0,1
3,328,5.0,1
44,262,5.431798275933010,1
4,30,5.0,1
3,269,5.0,1
38,430,5.0,1
47,380,5.0,1
50,241,5.853871964321760,1
41,302,6.292429823902060,1
35,140,5.0,1
67,366,5.0,1
16,421,5.0,1
15,369,5.0,1
23,298,5.0,1
29,80,7.1938200260161100,1
7,266,5.0,1
7,51,5.267606240177030,1
33,61,5.0,1
39,318,5.0,1
1,302,5.0,1
8,151,5.0,1
16,430,5.0,1
32,136,5.853871964321760,1
23,311,5.0,1
30,362,5.0,1
43,155,5.0,1
28,224,6.657577319177790,1
32,402,5.0,1
46,73,5.0,1
3,167,5.0,1
39,439,5.0,1
32,320,5.0,1
28,283,5.0,1
36,23,5.0,1
2,135,5.0,1
46,86,5.0,1
55,123,5.0,1
16,115,5.0,1
15,359,5.0,1
3,218,5.0,1
38,144,5.0,1
32,376,5.0,1
36,136,5.0,1
26,344,5.455931955649720,1
5,315,5.0,1
45,271,5.0,1
17,237,6.0,1
46,269,5.0,1
51,314,5.0,1
44,272,5.0,1
27,299,5.0,1
18,161,5.522878745280340,1
20,219,5.0,1
66,50,5.229147988357860,1
29,75,5.0,1
58,94,5.017728766960430,1
26,184,5.0,1
64,258,5.0,1
61,71,5.0,1
4,73,5.0,1
37,379,5.0,1
27,229,5.0,1
1,67,5.0,1
7,2,5.0,1
66,242,5.0,1
27,433,5.0,1
65,411,5.0,1
66,53,5.443697499232710,1
36,78,5.0,1
30,128,5.0,1
37,260,5.0,1
34,230,5.0,1
35,213,5.0,1
39,189,5.0,1
4,340,5.0,1
63,178,5.0,1
51,33,5.0,1
53,340,5.0,1
53,199,5.443697499232710,1
34,213,5.0,1
10,156,8.200659450546420,1
65,141,5.0,1
41,374,5.0,1
60,259,5.0,1
24,140,5.0,1
66,113,5.0,1
33,441,5.0,1
39,190,5.0,1
51,292,5.0,1
37,181,5.0,1
6,428,5.00436480540245,1
49,10,5.455931955649720,1
7,104,5.0,1
60,279,6.795880017344080,1
21,33,5.0,1
25,136,5.0,1
30,226,5.0,1
7,304,5.0,1
56,302,6.585026652029180,1
19,247,5.0,1
5,284,5.0,1
61,304,5.0,1
31,212,5.0,1
33,105,5.0,1
38,48,5.0,1
11,422,5.0,1
12,169,7.259637310505760,1
9,286,5.0,1
37,26,5.0,1
67,437,5.0,1
42,304,5.0,1
15,6,7.4089353929735000,1
45,403,7.346787486224660,1
47,350,5.0,1
29,242,6.086186147616280,1
2,78,6.443697499232710,1
43,272,5.0,1
26,381,6.251811972993800,1
67,46,5.619788758288390,1
1,254,5.0,1
0,269,5.0,1
66,258,8.045757490560680,1
1,105,5.0,1
58,143,5.0,1
67,373,5.0,1
52,430,5.0,1
28,39,7.958607314841780,1
14,82,5.0,1
11,333,5.0,1
8,404,5.0,1
22,342,5.0,1
19,397,5.0,1
57,98,7.657577319177790,1
6,10,6.698970004336020,1
22,428,5.0,1
51,177,5.0,1
64,354,5.0,1
3,267,5.0,1
16,307,5.0,1
9,310,5.0,1
7,297,5.0,1
21,157,5.356547323513810,1
8,172,5.0,1
3,103,5.0,1
21,181,5.0,1
66,75,5.0,1
32,54,5.0,1
10,126,7.7447274948966900,1
67,368,5.0,1
50,369,5.0,1
6,161,6.6020599913279600,1
23,252,5.0,1
36,150,5.0,1
0,296,5.113509274827520,1
20,341,7.337242168318430,1
15,215,5.0,1
44,94,6.026872146400300,1
0,194,5.0,1
56,17,6.327902142064280,1
47,28,6.522878745280340,1
17,291,5.0,1
39,325,5.0,1
47,6,6.769551078621730,1
19,199,5.0,1
2,46,5.0,1
37,232,5.0,1
35,372,5.0,1
45,434,5.0,1
7,421,5.0,1
55,66,5.42021640338319,1
17,223,6.853871964321760,1
5,182,9.161150909262740,1
24,376,5.0,1
23,366,5.0,1
67,213,5.0,1
29,179,6.0,1
50,20,5.0,1
52,362,5.0,1
0,436,5.0,1
47,101,6.221848749616360,1
47,0,6.3872161432802600,1
22,294,6.050609993355090,1
13,183,5.0,1
18,431,5.0,1
8,199,5.0,1
37,224,5.6777807052660800,1
67,206,5.0,1
13,70,5.0,1
30,347,5.0,1
24,163,5.0,1
23,208,5.0,1
34,258,5.0,1
54,168,5.0,1
37,307,5.0,1
13,32,5.0,1
51,174,5.0,1
23,308,5.0,1
4,62,5.0,1
21,147,5.0,1
18,332,5.0,1
15,141,5.0,1
66,163,8.585026652029180,1
0,408,5.0,1
10,63,5.0,1
43,165,5.0,1
40,238,5.721246399047170,1
35,69,5.0,1
8,293,5.0,1
67,433,5.0,1
39,83,5.1487416512809200,1
26,313,5.0,1
44,327,5.0,1
67,230,5.0,1
25,435,5.0,1
54,177,5.0,1
39,291,5.0,1
2,369,5.721246399047170,1
63,316,5.0,1
19,54,5.0,1
21,63,5.0,1
53,88,6.585026652029180,1
3,248,5.0,1
38,289,7.102372908709560,1
65,412,5.0,1
59,16,5.0,1
63,66,5.0,1
57,388,6.1938200260161100,1
22,34,6.356547323513810,1
14,44,5.0,1
0,292,6.119186407719210,1
9,240,5.0,1
19,377,5.0,1
34,186,5.0,1
59,209,5.7447274948966900,1
12,67,5.0,1
48,374,5.0,1
60,135,5.0,1
51,236,5.0,1
11,276,5.0,1
7,385,5.0,1
57,84,8.602059991327960,1
33,179,5.0,1
21,18,5.0,1
29,314,5.0,1
7,131,5.0,1
64,411,5.0,1
54,242,5.0,1
17,373,5.0,1
46,139,5.0,1
66,99,6.267606240177030,1
26,400,5.0,1
59,360,5.823908740944320,1
21,14,6.481486060122110,1
64,124,5.0,1
67,408,5.0,1
12,57,5.0,1
65,168,7.0655015487564300,1
44,191,5.366531544420410,1
50,89,7.0,1
24,271,5.0,1
63,331,5.0,1
3,383,5.0,1
65,408,5.0,1
13,323,5.0,1
10,199,5.0,1
11,192,5.0,1
3,410,5.0,1
52,220,5.638272163982410,1
46,251,5.0,1
56,27,7.494850021680090,1
35,264,5.0,1
5,32,5.0,1
7,35,5.0,1
47,382,6.721246399047170,1
32,277,5.0,1
35,182,5.0,1
61,65,5.0,1
52,318,5.0,1
6,278,5.0,1
25,175,5.0,1
34,89,5.0,1
5,152,5.0,1
61,341,5.0,1
2,178,8.397940008672040,1
19,395,5.0,1
39,115,5.0,1
3,284,5.0,1
47,126,6.853871964321760,1
53,63,5.0,1
52,26,5.0,1
45,406,5.0,1
4,362,5.0,1
21,122,8.795880017344080,1
57,325,5.267606240177030,1
10,202,6.7447274948966900,1
17,239,5.0,1
35,148,5.0,1
60,191,5.920818753952380,1
56,119,6.568636235841010,1
2,218,7.853871964321760,1
65,273,5.0,1
57,115,5.0,1
5,49,5.0,1
43,184,5.0,1
46,332,5.0,1
43,260,5.0,1
9,85,5.42021640338319,1
22,279,5.0,1
58,45,5.0,1
6,61,5.0,1
5,265,5.0,1
5,230,5.0,1
50,179,5.0,1
47,339,5.3872161432802600,1
3,240,5.0,1
52,95,5.0,1
20,41,5.0,1
12,48,5.0,1
13,192,5.0,1
14,400,5.481486060122110,1
66,200,8.244125144327510,1
59,65,5.0,1
26,380,5.0,1
46,378,5.267606240177030,1
65,404,5.0,1
22,420,5.0,1
20,314,5.0,1
37,410,5.0,1
15,364,5.0,1
14,210,6.494850021680090,1
20,277,5.0,1
9,376,5.0,1
9,72,5.0,1
14,106,5.0,1
12,349,6.022276394711150,1
65,265,5.0,1
24,307,5.0,1
20,375,7.060480747381380,1
60,49,6.070581074285710,1
38,395,6.026872146400300,1
21,60,5.0,1
23,293,5.0,1
67,375,5.0,1
55,381,5.0,1
2,74,9.2839966563652,1
46,107,5.0,1
3,408,5.0,1
46,145,5.0,1
29,389,5.552841968657780,1
43,76,5.0,1
23,372,5.0,1
56,83,8.017728766960430,1
31,247,7.3872161432802600,1
65,328,5.0,1
65,17,6.823908740944320,1
52,282,5.0,1
13,166,5.0,1
54,373,5.0,1
1,133,5.0,1
66,314,5.0,1
6,153,6.6777807052660800,1
50,72,5.0,1
61,80,6.200659450546420,1
20,60,5.0,1
19,301,5.0,1
53,245,5.0,1
17,337,5.0,1
65,226,5.795880017344080,1
11,16,5.7447274948966900,1
31,173,5.638272163982410,1
51,58,5.0,1
10,127,8.236572006437060,1
64,246,5.0,1
4,397,5.0,1
42,151,5.0,1
46,63,5.0,1
6,16,7.154901959985740,1
50,183,5.0,1
34,185,5.0,1
45,229,5.522878745280340,1
20,390,5.0,1
29,360,5.301029995663980,1
44,283,5.0,1
67,260,5.0,1
38,213,5.0,1
8,339,5.0,1
32,129,5.823908740944320,1
64,371,5.0,1
60,397,6.060480747381380,1
66,251,5.0,1
9,42,5.0,1
42,59,5.0,1
32,337,5.070581074285710,1
9,197,5.0,1
12,32,5.0,1
2,82,5.259637310505760,1
49,373,5.0,1
33,96,5.0,1
33,173,5.0,1
52,230,5.0,1
19,22,5.0,1
63,413,5.7447274948966900,1
35,210,7.508638306165730,1
65,228,5.853871964321760,1
66,12,8.0,1
64,418,5.0,1
61,420,5.0,1
52,246,5.0,1
41,367,5.060480747381380,1
12,98,5.0,1
50,313,5.0,1
47,95,5.0,1
64,180,5.0,1
60,64,5.0,1
51,201,5.0,1
39,163,5.0,1
1,11,5.585026652029180,1
33,208,5.0,1
62,145,5.0,1
42,98,6.075720713938120,1
18,16,5.886056647693160,1
1,362,6.050609993355090,1
59,333,5.0,1
11,261,5.0,1
56,360,6.4089353929735000,1
42,354,5.431798275933010,1
53,31,6.337242168318430,1
53,331,5.0,1
55,157,7.508638306165730,1
25,430,5.0,1
64,311,5.0,1
36,47,5.920818753952380,1
32,73,5.0,1
41,234,5.0,1
7,310,5.0,1
27,256,5.0,1
24,151,5.0,1
10,311,5.0,1
60,423,5.823908740944320,1
63,303,5.0,1
58,228,6.013228265733760,1
64,299,5.0,1
30,335,5.0,1
58,392,5.0,1
51,136,5.0,1
7,384,5.0,1
20,259,5.0,1
19,179,5.0,1
10,183,5.0,1
27,182,5.0,1
1,321,5.0,1
36,69,5.0,1
31,259,5.086186147616280,1
7,366,5.0,1
0,315,5.0,1
44,49,5.494850021680090,1
51,143,5.0,1
46,350,5.0,1
48,397,5.0,1
34,209,5.0,1
65,250,6.443697499232710,1
1,21,5.0,1
48,424,5.0,1
9,249,5.0,1
12,182,5.0,1
56,410,6.853871964321760,1
56,163,8.67778070526608,1
7,399,5.327902142064280,1
17,406,7.481486060122110,1
49,173,5.0,1
46,358,5.0,1
21,40,5.0,1
9,212,5.0,1
38,70,5.292429823902060,1
50,289,5.0,1
40,286,5.0,1
58,174,5.0,1
59,61,5.0,1
14,197,5.0,1
65,234,5.0,1
50,37,5.0,1
6,143,5.0,1
37,423,5.0,1
24,53,5.0,1
38,189,5.638272163982410,1
18,115,5.040958607678910,1
65,110,5.0,1
65,433,5.0,1
48,207,5.0,1
45,433,5.0,1
7,350,5.0,1
46,47,5.0,1
28,288,5.0,1
36,252,5.638272163982410,1
67,341,5.0,1
56,193,8.214670164989230,1
67,399,5.0,1
65,221,5.0,1
40,314,5.0,1
43,64,6.154901959985740,1
35,307,5.0,1
29,362,7.1938200260161100,1
50,22,5.0,1
49,218,5.0,1
12,418,5.0,1
13,56,5.0,1
35,435,5.0,1
11,312,5.0,1
2,130,6.42021640338319,1
50,25,5.0,1
25,206,5.0,1
15,387,5.0,1
42,295,5.0,1
3,39,5.0,1
39,9,8.0,1
39,202,6.267606240177030,1
31,417,8.080921907623930,1
24,41,5.0,1
47,266,5.0,1
59,159,5.0,1
29,216,7.346787486224660,1
31,92,5.0,1
40,234,6.130768280269020,1
29,398,6.050609993355090,1
50,379,6.6020599913279600,1
20,269,5.0,1
52,103,5.0,1
27,290,5.0,1
44,99,5.0,1
26,272,5.0,1
59,163,5.0,1
52,146,6.920818753952380,1
7,16,5.0,1
60,202,6.795880017344080,1
37,171,5.0,1
26,236,5.0,1
41,156,5.721246399047170,1
43,261,5.0,1
5,295,6.318758762624410,1
47,277,7.886056647693160,1
54,337,5.0,1
63,439,7.292429823902060,1
48,91,5.0,1
11,70,5.0,1
4,323,5.0,1
65,292,5.0,1
28,364,5.0,1
0,140,5.0,1
14,223,5.42021640338319,1
23,153,5.0,1
38,258,6.568636235841010,1
6,407,5.0,1
1,2,5.0,1
2,209,5.522878745280340,1
45,388,5.0,1
7,84,5.0,1
9,248,5.0,1
50,91,5.0,1
3,85,5.0,1
30,225,5.0,1
64,137,5.0,1
17,127,10.031517051446100,1
20,65,5.301029995663980,1
20,323,6.060480747381380,1
43,318,5.0,1
33,65,5.0,1
25,51,5.0,1
0,136,5.0,1
35,70,5.0,1
44,173,5.0,1
44,54,5.0,1
61,261,5.0,1
9,25,5.0,1
33,294,5.0,1
42,76,5.0,1
45,81,5.0,1
33,85,5.0,1
57,150,6.017728766960430,1
37,57,5.0,1
65,252,5.0,1
36,408,5.0,1
30,340,5.0,1
64,206,5.0,1
0,276,5.0,1
26,384,5.0,1
2,375,5.0,1
58,380,5.568636235841010,1
8,161,5.0,1
62,280,5.0,1
37,140,5.0,1
65,210,7.769551078621730,1
28,362,6.619788758288390,1
9,22,5.0,1
42,251,5.0,1
28,318,5.0,1
15,155,6.0655015487564300,1
56,40,5.431798275933010,1
24,374,5.0,1
52,105,5.0,1
14,216,5.958607314841780,1
52,329,5.0,1
57,93,6.045757490560680,1
21,421,5.0,1
46,235,5.0,1
38,199,5.6020599913279600,1
57,303,6.568636235841010,1
38,358,5.0,1
67,62,5.0,1
52,71,5.920818753952380,1
48,75,5.0,1
37,79,6.522878745280340,1
54,15,5.0,1
32,407,5.0,1
32,135,5.853871964321760,1
8,94,5.0,1
65,305,5.102372908709560,1
55,150,5.0,1
30,113,8.065501548756430,1
42,343,5.0,1
55,70,6.853871964321760,1
22,275,5.0,1
61,7,5.0,1
7,323,5.0,1
42,209,5.0,1
2,259,6.318758762624410,1
28,335,5.0,1
20,203,5.958607314841780,1
47,177,5.318758762624410,1
55,139,5.0,1
9,0,5.522878745280340,1
52,181,5.0,1
40,266,6.721246399047170,1
26,136,5.6020599913279600,1
49,184,5.0,1
9,202,5.5376020021010400,1
62,400,5.0,1
32,240,5.0,1
31,366,7.251811972993800,1
21,195,5.431798275933010,1
47,191,6.853871964321760,1
61,141,5.0,1
14,322,5.0,1
24,207,5.455931955649720,1
15,11,6.958607314841780,1
28,105,5.0,1
14,381,5.0,1
9,41,5.0,1
49,249,5.0,1
58,17,7.5376020021010400,1
2,390,7.142667503568730,1
49,241,5.0,1
58,172,6.443697499232710,1
11,213,5.0,1
12,275,5.0,1
19,362,6.494850021680090,1
20,135,5.0,1
38,72,5.0,1
51,155,5.0,1
27,397,5.0,1
31,121,6.096910013008060,1
2,101,5.0,1
63,58,5.337242168318430,1
29,107,8.537602002101040,1
43,97,5.0,1
8,260,5.0,1
2,108,5.0,1
38,432,5.3872161432802600,1
34,27,5.0,1
36,359,5.920818753952380,1
62,1,5.0,1
61,268,5.0,1
43,229,5.494850021680090,1
46,248,5.0,1
31,68,7.455931955649720,1
20,421,5.0,1
6,40,5.0,1
41,45,5.0,1
52,408,5.619788758288390,1
4,309,5.0,1
11,410,6.356547323513810,1
29,120,6.1938200260161100,1
30,282,5.0,1
48,238,5.0,1
38,259,5.075720713938120,1
61,354,5.0,1
51,168,5.0,1
1,265,5.0,1
64,233,5.0,1
12,122,5.0,1
65,426,7.031517051446070,1
7,221,5.0,1
47,215,7.443697499232710,1
3,278,5.0,1
29,319,5.0,1
39,7,7.6777807052660800,1
50,251,5.0,1
45,216,5.0,1
58,362,5.0,1
65,127,5.698970004336020,1
36,382,5.0,1
1,348,5.0,1
58,327,5.0,1
14,275,5.0,1
2,432,5.0,1
61,374,5.0,1
0,257,7.022276394711150,1
14,301,5.0,1
31,254,7.823908740944320,1
28,368,5.346787486224660,1
58,56,6.107905397309520,1
15,10,7.107905397309520,1
60,369,5.0,1
61,169,5.0,1
27,369,5.0,1
47,328,6.920818753952380,1
45,235,5.0,1
61,73,5.0,1
6,178,5.0,1
0,175,5.0,1
46,212,5.0,1
51,262,5.0,1
44,383,5.0,1
67,65,5.0,1
16,254,5.0,1
52,62,7.318758762624410,1
4,211,5.0,1
2,129,6.853871964321760,1
4,268,5.0,1
11,401,5.0,1
2,10,7.508638306165730,1
13,343,5.0,1
29,264,6.698970004336020,1
20,152,5.0,1
36,109,7.0,1
27,356,5.0,1
14,295,5.0,1
10,34,5.0,1
52,188,5.0,1
43,216,5.0,1
63,94,5.0,1
51,421,5.0,1
32,330,5.0,1
56,103,7.376750709602100,1
42,346,5.0,1
37,54,5.0,1
65,435,5.0,1
30,117,8.4089353929735,1
41,162,6.568636235841010,1
58,22,5.769551078621730,1
59,379,6.013228265733760,1
8,13,5.0,1
42,392,5.0,1
28,307,5.0,1
5,3,5.229147988357860,1
60,286,5.0,1
49,387,6.494850021680090,1
65,262,5.0,1
47,416,6.508638306165730,1
35,356,5.0,1
34,208,5.0,1
0,247,5.0,1
66,17,6.221848749616360,1
48,49,5.0,1
53,283,5.795880017344080,1
46,102,5.0,1
43,131,5.0,1
15,168,5.769551078621730,1
23,172,5.0,1
57,346,6.552841968657780,1
66,358,8.017728766960430,1
4,260,5.0,1
63,106,5.0,1
35,190,5.0,1
40,298,8.853871964321760,1
9,251,5.920818753952380,1
62,291,5.0,1
32,347,5.0,1
22,223,5.721246399047170,1
28,146,5.0,1
67,103,5.0,1
12,99,5.0,1
63,381,5.0,1
25,117,5.0,1
59,169,5.0,1
44,326,7.7447274948966900,1
45,359,5.0,1
59,95,5.0,1
36,190,6.7447274948966900,1
46,353,5.0,1
49,36,5.060480747381380,1
19,207,8.508638306165730,1
45,155,5.552841968657780,1
44,193,6.522878745280340,1
36,312,5.0,1
19,149,5.0,1
22,256,6.180456064458130,1
56,16,6.958607314841780,1
19,417,7.0,1
44,199,5.0,1
16,195,6.537602002101040,1
49,196,8.698970004336020,1
65,324,5.0,1
26,77,5.0,1
14,265,5.0,1
19,185,5.0,1
38,422,5.0,1
17,226,5.886056647693160,1
14,148,5.0,1
30,238,5.0,1
40,346,5.0,1
14,324,5.0,1
10,280,5.0,1
13,390,5.0,1
66,14,6.638272163982410,1
7,205,5.0,1
67,223,5.0,1
64,79,5.0,1
21,276,5.0,1
12,18,5.0,1
56,338,9.113509274827520,1
43,133,5.0,1
12,218,6.431798275933010,1
41,240,5.0,1
1,178,5.0,1
8,162,5.0,1
54,289,5.0,1
10,270,5.0,1
38,139,8.113509274827520,1
0,235,5.0,1
2,204,8.67778070526608,1
66,282,5.0,1
43,107,5.0,1
36,51,6.173925197299170,1
14,379,5.0,1
28,317,5.0,1
41,412,5.0,1
63,74,7.309803919971490,1
8,166,5.0,1
47,307,5.0,1
3,318,5.0,1
34,243,5.0,1
22,424,5.301029995663980,1
62,266,5.0,1
57,122,5.0,1
10,39,8.481486060122110,1
23,70,5.0,1
54,85,5.0,1
15,398,5.0,1
24,167,5.0,1
49,161,5.0,1
18,212,5.0,1
18,2,5.309803919971490,1
57,428,7.886056647693160,1
61,352,5.0,1
34,146,5.0,1
3,40,5.0,1
43,232,5.0,1
47,318,5.0,1
39,8,7.823908740944320,1
35,129,5.0,1
25,35,5.0,1
3,207,5.0,1
10,194,5.0,1
16,93,5.0,1
5,148,5.0,1
39,199,5.698970004336020,1
49,169,5.0,1
43,193,5.0,1
38,42,5.0,1
55,103,8.18045606445813,1
36,412,5.0,1
60,418,5.508638306165730,1
17,275,5.0,1
15,235,5.0,1
7,74,5.0,1
32,236,5.0,1
11,375,5.0,1
25,362,5.0,1
42,431,5.0,1
35,410,5.0,1
64,75,5.0,1
50,359,5.0,1
54,282,5.0,1
67,113,5.0,1
41,277,5.0,1
54,55,5.0,1
26,247,5.455931955649720,1
53,363,5.0,1
34,247,5.0,1
52,371,5.045757490560680,1
18,370,5.0,1
4,348,5.0,1
37,246,5.0,1
53,322,5.0,1
54,171,5.0,1
8,418,5.0,1
22,89,5.337242168318430,1
11,229,5.853871964321760,1
9,238,5.376750709602100,1
67,134,5.0,1
27,425,5.060480747381380,1
53,124,5.0,1
62,307,5.0,1
8,184,5.769551078621730,1
31,158,8.070581074285710,1
46,7,5.0,1
48,337,5.0,1
3,67,7.698970004336020,1
0,416,5.0,1
15,149,5.0,1
42,282,5.0,1
35,16,6.958607314841780,1
43,213,5.0,1
48,127,5.0,1
47,214,7.154901959985740,1
67,434,5.0,1
62,214,5.0,1
47,253,8.366531544420410,1
59,45,5.698970004336020,1
50,431,5.0,1
27,137,5.0,1
34,222,5.0,1
62,430,5.0,1
59,331,5.0,1
48,29,5.0,1
67,98,5.0,1
33,104,5.0,1
34,312,5.0,1
36,242,5.187086643357140,1
14,309,5.0,1
44,323,6.619788758288390,1
23,271,5.0,1
65,362,5.0,1
10,401,5.886056647693160,1
45,222,5.0,1
12,299,5.0,1
19,26,5.0,1
24,198,5.0,1
49,91,5.0,1
44,48,7.376750709602100,1
31,53,8.0,1
24,332,7.468521082957750,1
49,382,5.236572006437060,1
29,390,5.568636235841010,1
2,60,5.0,1
24,83,5.0,1
46,126,5.0,1
14,100,5.0,1
52,396,5.0,1
55,435,5.0,1
19,299,5.0,1
56,258,9.721246399047170,1
36,8,5.0,1
56,4,6.769551078621730,1
29,274,5.275724130399210,1
36,99,5.0,1
28,89,5.0,1
2,168,5.886056647693160,1
29,223,7.142667503568730,1
10,247,5.508638306165730,1
66,107,6.958607314841780,1
28,91,5.0,1
16,154,5.455931955649720,1
57,377,5.075720713938120,1
47,270,5.026872146400300,1
29,117,5.0,1
27,150,5.0,1
6,217,5.0,1
34,303,5.0,1
51,436,5.0,1
16,177,5.0,1
13,367,5.0,1
33,320,5.0,1
33,263,5.0,1
54,136,5.0,1
26,280,5.0,1
34,179,5.0,1
55,58,5.0,1
2,437,6.585026652029180,1
34,211,5.0,1
42,434,5.0,1
67,378,5.0,1
55,144,5.0,1
42,267,5.0,1
60,352,6.657577319177790,1
55,256,5.0,1
20,405,5.0,1
6,86,5.0,1
37,311,5.0,1
31,330,6.795880017344080,1
27,432,5.0,1
25,248,5.0,1
21,216,5.318758762624410,1
38,345,5.958607314841780,1
59,378,5.0,1
51,258,5.0,1
55,430,7.229147988357860,1
67,19,5.0,1
14,274,5.0,1
56,227,8.086186147616280,1
0,236,5.0,1
2,248,8.10790539730952,1
15,145,5.0,1
39,96,5.0,1
38,261,8.187086643357140,1
58,46,7.443697499232710,1
46,396,5.0,1
56,345,7.142667503568730,1
59,250,6.055517327849830,1
47,428,7.721246399047170,1
8,285,5.0,1
58,180,6.853871964321760,1
16,263,5.0,1
5,360,5.0,1
22,114,6.920818753952380,1
5,59,6.366531544420410,1
66,266,5.3979400086720400,1
28,125,5.167491087293760,1
18,36,5.0,1
59,261,5.0,1
40,83,5.0,1
46,404,5.0,1
5,354,5.0,1
6,374,5.0,1
33,3,5.0,1
1,96,5.0,1
47,210,7.522878745280340,1
31,371,7.376750709602100,1
15,334,5.0,1
18,288,5.0,1
66,338,7.275724130399210,1
65,173,5.0,1
22,104,7.657577319177790,1
54,410,5.0,1
46,414,5.0,1
11,365,5.0,1
5,292,5.0,1
38,221,5.0,1
65,242,5.0,1
40,210,8.958607314841780,1
28,273,5.0,1
49,142,5.0,1
67,5,5.0,1
22,319,5.0,1
54,236,5.0,1
63,187,6.200659450546420,1
65,285,5.0,1
56,327,7.113509274827520,1
22,436,5.0,1
47,196,7.443697499232710,1
48,83,5.721246399047170,1
20,80,6.292429823902060,1
50,287,5.823908740944320,1
40,307,5.0,1
53,182,5.920818753952380,1
62,358,5.0,1
30,172,5.0,1
22,201,8.494850021680090,1
20,78,5.0,1
51,373,5.0,1
65,100,5.0,1
61,241,5.508638306165730,1
41,254,5.0,1
42,4,5.0,1
52,234,5.0,1
43,2,5.886056647693160,1
23,227,5.0,1
54,65,5.0,1
23,94,5.0,1
4,289,5.0,1
37,117,5.346787486224660,1
27,196,5.0,1
9,196,5.0,1
31,396,6.0915149811213500,1
46,236,5.0,1
18,340,5.0,1
33,415,5.0,1
66,224,7.468521082957750,1
61,43,5.0,1
52,0,5.0,1
64,292,5.0,1
30,15,5.0,1
42,342,5.0,1
18,346,5.0,1
37,419,5.0,1
9,350,5.0,1
41,342,5.0,1
6,144,5.0,1
6,28,5.0,1
23,205,5.0,1
48,293,5.0,1
1,135,5.0,1
55,422,5.455931955649720,1
48,350,5.0,1
28,351,5.060480747381380,1
32,91,5.0,1
44,271,5.0,1
33,156,5.0,1
56,90,5.455931955649720,1
6,370,5.0,1
61,29,5.0,1
65,153,5.795880017344080,1
35,375,5.0,1
26,162,5.292429823902060,1
57,12,7.259637310505760,1
51,325,5.0,1
40,339,5.0,1
24,179,5.0,1
37,247,5.0,1
20,30,5.0,1
53,342,5.0,1
9,104,5.0,1
67,115,5.0,1
65,280,5.0,1
29,89,6.200659450546420,1
49,122,5.0,1
17,74,5.0,1
0,152,5.0,1
6,169,5.0,1
65,415,5.0,1
30,390,5.0,1
49,297,5.0,1
24,324,6.1249387366083,1
54,348,5.0,1
46,250,5.0,1
5,203,5.337242168318430,1
11,5,5.638272163982410,1
24,139,5.0,1
59,93,5.552841968657780,1
12,441,5.0,1
22,63,6.6777807052660800,1
21,192,5.0,1
0,95,5.0,1
62,32,5.0,1
59,350,5.0,1
40,128,8.080921907623930,1
50,401,5.0,1
19,409,5.3979400086720400,1
33,350,5.0,1
65,136,6.2839966563652000,1
43,422,5.0,1
6,22,5.0,1
33,401,5.0,1
33,161,5.0,1
55,353,5.0,1
34,24,5.0,1
8,176,5.0,1
2,327,5.0,1
1,125,5.0,1
21,224,5.638272163982410,1
30,430,5.0,1
18,148,5.1487416512809200,1
53,438,6.443697499232710,1
24,282,5.468521082957750,1
49,187,5.0,1
43,22,5.0,1
10,82,6.522878745280340,1
14,124,5.0,1
41,359,6.327902142064280,1
6,383,5.0,1
41,120,5.0,1
15,332,5.0,1
52,431,5.0,1
16,30,6.107905397309520,1
33,194,5.0,1
64,289,5.0,1
59,162,5.0,1
63,184,5.0,1
14,408,6.096910013008060,1
20,151,5.3979400086720400,1
58,130,6.920818753952380,1
67,137,5.0,1
0,338,5.0,1
54,5,5.0,1
49,168,7.00436480540245,1
18,256,5.026872146400300,1
62,417,5.0,1
18,223,5.0,1
44,434,6.161150909262740,1
67,309,5.0,1
51,281,5.0,1
50,421,5.0,1
7,435,5.0,1
53,373,6.7447274948966900,1
16,331,5.0,1
33,383,5.0,1
20,147,5.0,1
8,308,5.0,1
61,291,5.0,1
47,366,6.229147988357860,1
24,187,5.0,1
61,377,5.0,1
59,375,5.0,1
51,65,5.0,1
64,309,5.0,1
34,22,5.0,1
50,98,5.0,1
54,288,5.0,1
22,266,5.638272163982410,1
25,228,5.0,1
65,162,6.721246399047170,1
48,439,7.318758762624410,1
8,329,5.0,1
17,133,9.346787486224660,1
19,138,5.0,1
25,145,5.0,1
43,104,5.0,1
16,77,5.0,1
60,80,5.6020599913279600,1
19,117,5.0,1
44,386,7.075720713938120,1
24,70,5.0,1
50,283,5.0,1
13,134,5.0,1
2,184,7.3872161432802600,1
15,278,5.0,1
52,164,5.0,1
51,232,5.0,1
1,244,5.0,1
45,74,5.0,1
62,394,5.0,1
55,362,5.0,1
16,243,5.0,1
11,148,5.0,1
53,397,5.0,1
67,376,5.0,1
67,142,5.0,1
14,318,5.0,1
35,278,5.0,1
14,299,5.0,1
38,22,5.0,1
12,149,5.0655015487564300,1
16,408,5.0,1
14,270,5.0,1
58,175,6.3872161432802600,1
49,16,5.0,1
21,56,5.0,1
30,74,5.0,1
51,105,5.0,1
55,317,5.0,1
41,295,6.055517327849830,1
62,346,5.0,1
46,256,5.0,1
63,125,6.0,1
32,328,5.0,1
20,298,5.481486060122110,1
36,22,5.0,1
49,21,5.0,1
29,94,6.638272163982410,1
52,198,5.0,1
15,352,5.0,1
59,40,5.0,1
42,404,5.0,1
48,188,5.0,1
59,437,5.0,1
49,52,5.657577319177790,1
30,77,5.0,1
2,180,6.6777807052660800,1
51,261,5.0,1
54,220,5.0,1
12,85,5.0,1
59,254,5.0,1
10,57,5.0,1
24,3,5.0,1
40,361,5.0,1
32,22,5.0,1
2,244,6.431798275933010,1
6,206,8.853871964321760,1
23,258,5.0,1
40,254,5.275724130399210,1
37,121,5.4089353929735000,1
26,379,5.0,1
2,119,5.585026652029180,1
8,230,5.0,1
48,35,5.0,1
46,406,5.0,1
39,281,5.0,1
48,406,5.0,1
58,215,8.853871964321760,1
34,166,5.0,1
18,162,6.050609993355090,1
65,64,5.0,1
58,381,7.6777807052660800,1
29,153,5.920818753952380,1
44,436,5.0,1
24,147,5.0,1
16,21,5.0,1
56,89,7.136677139879540,1
54,74,5.0,1
56,210,7.522878745280340,1
43,189,5.0,1
42,81,5.259637310505760,1
5,266,5.0,1
26,234,5.0,1
49,330,5.0,1
13,248,5.0,1
64,320,5.0,1
65,364,6.2076083105017500,1
5,247,5.0,1
13,231,5.0,1
64,25,5.0,1
17,310,5.0,1
25,438,5.0,1
24,386,5.0,1
15,89,5.552841968657780,1
11,309,5.0,1
51,216,5.0,1
16,280,6.102372908709560,1
9,12,5.318758762624410,1
8,359,5.0,1
19,245,5.0,1
39,184,5.0,1
65,219,5.0,1
2,355,7.769551078621730,1
55,372,5.0,1
21,313,5.0,1
35,313,5.0,1
3,90,5.0,1
63,84,5.7447274948966900,1
13,33,5.0,1
26,97,5.0,1
26,413,5.161150909262740,1
55,246,5.0,1
65,51,5.0,1
10,150,6.481486060122110,1
55,269,5.1487416512809200,1
25,36,5.0,1
56,438,6.958607314841780,1
49,304,5.2441251443275100,1
0,417,5.0,1
15,9,7.0,1
53,130,5.698970004336020,1
3,244,5.0,1
55,384,5.0,1
16,136,6.2441251443275100,1
18,106,5.920818753952380,1
51,219,5.0,1
47,22,5.958607314841780,1
38,201,5.0,1
25,90,5.0,1
52,380,5.0,1
37,131,5.0,1
0,12,5.0,1
59,172,5.0,1
3,119,5.0,1
35,71,5.0,1
62,408,5.0,1
22,125,8.207608310501750,1
52,388,5.0,1
53,239,5.657577319177790,1
65,3,6.769551078621730,1
33,81,5.638272163982410,1
5,256,5.022276394711150,1
20,149,5.0,1
31,7,6.060480747381380,1
49,267,5.0,1
67,57,5.0,1
29,219,6.301029995663980,1
11,25,5.0,1
8,229,5.0,1
16,262,5.552841968657780,1
17,306,5.0,1
62,385,5.0,1
8,137,5.0,1
10,249,5.275724130399210,1
30,198,5.0,1
7,37,5.0,1
15,61,5.0,1
37,186,5.0,1
26,260,5.0,1
25,79,5.0,1
65,212,5.0,1
53,235,5.698970004336020,1
52,148,5.0,1
51,225,5.0,1
9,362,5.0,1
7,164,5.0,1
53,155,5.187086643357140,1
8,131,5.0,1
24,378,5.0,1
65,9,7.7447274948966900,1
17,361,5.0,1
64,368,5.0,1
61,329,5.0,1
27,123,5.0,1
62,319,5.0,1
62,13,5.0,1
50,233,5.0,1
38,182,5.0,1
43,330,5.0,1
43,41,5.508638306165730,1
8,125,5.0,1
24,314,5.0,1
1,17,5.0,1
10,374,5.0,1
47,72,5.0,1
11,437,5.0,1
37,207,7.638272163982410,1
3,23,5.0,1
66,225,5.0,1
19,388,5.0,1
29,213,6.619788758288390,1
13,357,5.0,1
2,136,5.0,1
5,268,5.0,1
20,398,5.0,1
19,289,5.0,1
24,95,5.0,1
6,409,7.013228265733760,1
37,346,5.0,1
49,139,5.0,1
29,239,6.823908740944320,1
27,250,5.0,1
8,274,5.0,1
17,77,5.0,1
56,367,9.619788758288390,1
55,228,5.318758762624410,1
65,394,5.0,1
60,288,5.508638306165730,1
36,173,5.6020599913279600,1
65,165,5.958607314841780,1
30,249,5.356547323513810,1
46,49,5.0,1
50,58,5.0,1
1,52,5.0,1
4,355,5.0,1
6,118,5.0,1
61,330,5.0,1
66,293,5.886056647693160,1
23,392,5.0,1
29,103,5.6777807052660800,1
32,139,5.0,1
51,384,5.0,1
0,22,5.0,1
42,68,5.0,1
0,410,5.0,1
45,387,5.0,1
43,139,5.0,1
67,281,5.0,1
42,176,5.481486060122110,1
25,368,5.0,1
66,48,5.0,1
33,202,5.0,1
11,343,5.0,1
66,39,6.42021640338319,1
34,194,5.0,1
67,301,5.0,1
32,152,5.0,1
58,379,6.795880017344080,1
40,28,5.0,1
40,17,6.795880017344080,1
16,355,5.0,1
20,120,5.0,1
40,213,5.0,1
5,131,5.0,1
56,278,5.0,1
27,365,5.0,1
43,228,5.0,1
51,36,5.0,1
67,409,5.0,1
38,309,5.0,1
21,186,5.0,1
43,132,5.0,1
27,30,5.0,1
38,297,5.0,1
28,160,8.823908740944320,1
22,118,6.795880017344080,1
11,173,5.0,1
15,150,5.0,1
21,119,9.013228265733760,1
28,25,5.0,1
21,403,5.0,1
1,86,5.0,1
64,100,5.0,1
51,131,5.0,1
55,332,5.0,1
16,310,5.0,1
11,415,5.0,1
41,176,7.031517051446070,1
37,38,5.0,1
27,403,5.0,1
5,368,5.0,1
46,221,5.0,1
45,280,5.0,1
32,197,5.0,1
2,17,5.0,1
58,360,5.0,1
54,234,5.0,1
41,92,5.0,1
67,270,5.0,1
42,422,5.0,1
67,338,5.0,1
48,313,5.0,1
30,349,5.0,1
32,276,5.0,1
4,167,5.0,1
55,49,5.0,1
67,141,5.0,1
27,209,5.0,1
51,431,5.0,1
32,59,5.0,1
25,391,5.0,1
61,206,5.958607314841780,1
33,13,5.0,1
10,234,5.0,1
1,290,5.0,1
10,131,5.0,1
59,155,5.0,1
43,196,5.0,1
6,57,5.0,1
38,272,5.0,1
30,171,5.0,1
30,109,5.0,1
44,96,7.013228265733760,1
26,219,5.0,1
38,105,5.0,1
58,173,5.0,1
12,44,5.920818753952380,1
33,439,5.0,1
67,34,5.0,1
16,228,5.0,1
44,167,6.522878745280340,1
45,328,6.552841968657780,1
49,81,6.337242168318430,1
39,29,5.0,1
61,427,5.0,1
33,79,5.0,1
0,424,5.0,1
66,96,5.0,1
19,75,5.0,1
12,265,5.0,1
39,312,5.0,1
20,83,5.795880017344080,1
67,355,5.0,1
20,215,5.0,1
25,63,5.0,1
62,402,5.0,1
56,380,8.886056647693160,1
6,360,5.0,1
44,266,5.0,1
46,341,5.0,1
1,361,5.0,1
0,212,5.0,1
17,158,5.318758762624410,1
18,137,5.0,1
4,36,5.0,1
6,23,5.0,1
49,370,6.468521082957750,1
38,75,5.0,1
10,107,5.0,1
17,377,5.0,1
8,386,5.0,1
50,418,5.0,1
9,305,5.0,1
1,350,5.0,1
55,283,5.0,1
19,12,7.508638306165730,1
20,9,5.0,1
65,103,6.494850021680090,1
6,306,5.0,1
9,342,5.0,1
16,225,5.0,1
60,246,5.356547323513810,1
20,169,5.0,1
30,18,5.0,1
12,355,6.823908740944320,1
40,259,5.6020599913279600,1
11,392,5.0,1
36,194,5.0,1
14,22,5.823908740944320,1
65,270,5.0,1
33,24,5.0,1
2,223,5.638272163982410,1
26,112,9.0,1
16,397,5.0,1
0,67,5.0,1
60,7,7.214670164989230,1
24,351,5.0,1
8,294,6.050609993355090,1
63,188,6.537602002101040,1
10,267,5.0,1
24,141,5.0,1
22,73,5.0,1
43,253,5.0,1
26,282,5.376750709602100,1
58,211,5.958607314841780,1
42,42,5.0,1
26,435,5.0,1
37,215,5.0,1
6,294,5.275724130399210,1
39,63,5.0,1
66,51,5.657577319177790,1
5,249,5.0,1
50,303,5.0,1
19,293,5.0,1
66,316,5.0,1
4,32,5.0,1
36,147,5.638272163982410,1
65,351,5.0,1
1,288,5.0,1
23,341,5.0,1
33,332,5.0,1
27,165,5.0,1
10,117,7.42021640338319,1
11,440,5.0,1
48,417,5.0,1
27,127,5.0,1
57,44,5.0,1
19,120,6.026872146400300,1
14,64,5.0,1
56,121,6.221848749616360,1
2,166,7.585026652029180,1
16,96,5.0,1
2,287,7.5376020021010400,1
39,332,5.0,1
41,275,5.0,1
17,319,5.0,1
20,192,5.0,1
43,342,5.0,1
16,311,5.0,1
5,426,5.0,1
31,420,5.0,1
35,109,5.0,1
4,187,5.0,1
25,20,5.0,1
67,209,5.0,1
58,192,7.468521082957750,1
52,147,5.0,1
28,391,5.769551078621730,1
57,166,6.275724130399210,1
59,278,5.0,1
21,347,5.0,1
13,3,5.0,1
61,413,5.0,1
46,388,5.0,1
20,117,5.0,1
57,107,9.0,1
42,103,5.0,1
65,337,5.0,1
6,221,5.0,1
35,368,5.0,1
31,143,5.0,1
16,403,6.309803919971490,1
48,370,5.0,1
57,435,5.0,1
25,357,5.0,1
21,251,6.0,1
28,126,5.214670164989230,1
2,219,6.130768280269020,1
0,202,5.366531544420410,1
29,355,6.823908740944320,1
56,152,7.0,1
24,306,5.0,1
21,149,5.0,1
22,358,8.55284196865778,1
0,371,5.0,1
38,393,5.0,1
3,279,5.0,1
18,270,5.0,1
20,225,5.0,1
22,389,7.698970004336020,1
27,413,5.0,1
0,374,5.0,1
63,43,5.585026652029180,1
10,365,6.42021640338319,1
3,153,5.0,1
26,426,5.0,1
56,102,7.721246399047170,1
59,125,5.0,1
31,294,7.568636235841010,1
21,110,5.0,1
48,318,5.0,1
37,288,5.0,1
6,142,5.0,1
16,47,5.0,1
3,243,5.0,1
26,397,5.2441251443275100,1
53,366,5.920818753952380,1
9,358,6.619788758288390,1
51,240,5.0,1
39,362,5.0,1
3,26,5.0,1
38,187,5.522878745280340,1
49,132,5.0,1
45,70,5.0,1
0,366,7.431798275933010,1
38,16,5.0,1
31,412,7.1938200260161100,1
43,408,6.050609993355090,1
20,304,5.376750709602100,1
48,31,5.7447274948966900,1
48,290,5.0,1
45,260,5.0,1
39,436,5.0,1
13,149,5.0,1
15,229,7.0,1
61,62,5.0,1
23,25,5.0,1
59,415,5.0,1
7,271,5.0,1
5,97,5.0,1
31,419,7.853871964321760,1
59,397,5.0,1
3,184,5.0,1
29,119,5.0,1
22,276,5.0,1
61,77,5.0,1
31,21,5.657577319177790,1
55,325,5.0,1
14,292,5.0,1
49,133,5.0,1
53,216,7.154901959985740,1
29,337,5.0,1
10,237,7.721246399047170,1
44,344,5.0,1
5,300,5.0,1
48,197,5.0,1
3,420,5.0,1
31,77,8.55284196865778,1
35,426,5.0,1
58,356,6.853871964321760,1
43,340,5.0,1
36,414,7.080921907623930,1
5,397,5.0,1
51,330,5.0,1
42,214,5.0,1
53,240,5.853871964321760,1
42,13,5.0,1
4,336,5.0,1
30,292,5.0,1
58,248,6.481486060122110,1
61,365,5.0,1
38,217,5.0,1
41,399,5.0,1
23,282,5.0,1
9,263,5.0,1
44,362,5.0,1
17,180,6.008773924307510,1
29,208,5.301029995663980,1
24,284,5.0,1
22,394,5.0,1
45,18,5.0,1
9,439,5.619788758288390,1
43,156,7.2076083105017500,1
27,307,5.0,1
41,112,5.0,1
32,177,5.0,1
8,198,5.0,1
4,394,5.0,1
48,348,5.508638306165730,1
12,396,5.0,1
29,136,5.5376020021010400,1
26,211,5.0,1
35,225,5.0,1
34,319,5.0,1
15,218,6.568636235841010,1
13,207,5.0,1
31,205,7.119186407719210,1
45,203,6.301029995663980,1
62,74,5.0,1
13,172,5.0,1
29,76,5.0,1
45,309,5.0,1
49,362,5.0,1
4,339,5.0,1
56,175,7.698970004336020,1
4,132,5.0,1
54,394,5.0,1
39,92,5.0,1
66,19,5.0,1
21,187,5.0,1
27,313,5.0,1
15,70,5.0,1
18,358,5.0,1
52,317,5.0,1
44,322,5.823908740944320,1
55,320,5.0,1
28,207,8.221848749616360,1
26,225,5.0,1
17,118,6.795880017344080,1
12,75,5.0,1
2,282,6.795880017344080,1
26,394,5.0,1
42,187,5.0,1
44,290,5.0,1
49,299,5.0,1
48,157,5.0,1
14,262,5.0,1
33,42,5.0,1
39,422,5.0,1
5,180,5.481486060122110,1
28,246,5.3872161432802600,1
20,27,5.0,1
31,198,6.494850021680090,1
34,343,5.0,1
7,404,5.0,1
39,305,5.0,1
22,195,5.823908740944320,1
26,78,6.096910013008060,1
54,285,5.0,1
37,338,5.0,1
8,221,5.0,1
23,369,5.0,1
12,42,5.0,1
18,328,5.0,1
4,407,5.0,1
42,365,5.0,1
46,226,5.0,1
3,234,5.0,1
47,352,7.5376020021010400,1
2,310,5.0,1
0,6,5.0,1
0,10,5.0,1
22,241,8.602059991327960,1
53,298,9.537602002101040,1
7,63,5.0,1
2,215,6.022276394711150,1
30,305,5.0,1
17,330,5.0,1
3,260,5.0,1
64,400,5.0,1
56,63,7.154901959985740,1
23,23,5.0,1
67,401,5.0,1
65,290,5.0,1
48,306,5.0,1
32,411,5.0,1
45,389,5.552841968657780,1
62,8,5.0,1
63,140,5.0,1
46,34,5.0,1
63,3,5.6777807052660800,1
55,214,6.823908740944320,1
15,148,5.0,1
62,375,5.0,1
5,350,5.0,1
33,258,5.0,1
29,25,5.0,1
62,342,5.0,1
43,263,5.0,1
11,319,5.0,1
46,65,5.0,1
21,207,5.0,1
10,40,5.0,1
9,126,5.0,1
51,406,5.0,1
20,89,5.0,1
51,138,5.0,1
17,288,5.0,1
14,94,5.0,1
9,192,5.0,1
22,121,7.0655015487564300,1
45,384,5.657577319177790,1
20,419,5.0,1
52,341,5.0,1
7,170,5.0,1
45,187,5.0,1
41,360,5.0,1
27,47,5.0,1
36,163,8.221848749616360,1
54,166,5.0,1
17,157,5.301029995663980,1
19,316,5.0,1
54,82,5.0,1
11,115,5.585026652029180,1
41,39,5.721246399047170,1
55,330,5.0,1
35,138,5.920818753952380,1
35,265,5.0,1
64,360,5.0,1
50,320,5.0,1
32,290,5.0,1
37,300,5.0,1
34,9,6.200659450546420,1
24,80,5.0,1
4,170,5.0,1
4,119,9.698970004336020,1
2,195,6.040958607678910,1
59,307,8.494850021680090,1
55,189,5.0,1
36,166,5.619788758288390,1
58,59,7.958607314841780,1
52,258,5.0,1
67,78,5.0,1
54,70,5.0,1
47,321,6.031517051446070,1
60,390,5.301029995663980,1
6,103,5.275724130399210,1
4,76,5.0,1
27,121,5.0,1
65,367,5.443697499232710,1
56,269,6.522878745280340,1
62,428,5.0,1
50,106,6.3979400086720400,1
45,232,5.0,1
25,273,5.0,1
46,306,6.886056647693160,1
14,437,5.795880017344080,1
54,374,5.0,1
65,50,5.0,1
26,128,5.0,1
46,32,5.0,1
37,167,5.552841968657780,1
58,382,7.267606240177030,1
62,366,6.327902142064280,1
57,120,6.0655015487564300,1
0,30,5.0,1
25,197,5.0,1
30,37,5.0,1
22,80,6.259637310505760,1
18,93,5.0,1
63,250,5.0,1
39,280,5.0,1
12,274,5.0,1
27,96,5.0,1
40,82,5.0,1
50,87,5.769551078621730,1
55,56,5.0,1
19,89,5.0,1
10,164,5.0,1
56,242,8.468521082957750,1
27,170,5.0,1
4,333,5.0,1
47,356,8.387216143280270,1
13,352,5.0,1
6,376,5.0,1
10,78,6.920818753952380,1
33,356,5.0,1
29,366,6.522878745280340,1
38,166,5.0,1
25,271,5.0,1
19,399,5.0,1
60,137,6.522878745280340,1
5,326,5.585026652029180,1
8,311,5.0,1
7,210,5.0,1
52,287,5.0,1
64,340,5.0,1
60,147,5.920818753952380,1
45,99,5.0,1
37,177,5.0,1
48,96,6.013228265733760,1
39,355,6.060480747381380,1
52,239,5.0,1
0,99,5.0,1
57,200,9.431798275933010,1
34,44,5.0,1
49,418,6.443697499232710,1
42,348,5.0,1
47,403,5.337242168318430,1
65,429,5.1938200260161100,1
4,304,5.886056647693160,1
62,216,6.259637310505760,1
42,380,5.0,1
41,221,5.0,1
51,104,5.0,1
40,124,5.0,1
30,396,5.0,1
11,294,5.0,1
50,7,5.4089353929735000,1
43,251,5.0,1
23,150,5.0,1
28,87,5.0,1
1,26,5.0,1
50,200,5.0,1
26,126,5.0,1
63,227,6.537602002101040,1
16,67,5.0,1
8,323,5.0,1
4,332,5.0,1
52,395,5.0,1
50,66,5.0,1
20,412,5.853871964321760,1
2,5,7.886056647693160,1
24,323,6.167491087293760,1
32,220,5.0,1
23,24,5.0,1
26,439,6.619788758288390,1
23,325,5.0,1
15,260,5.0,1
52,63,7.638272163982410,1
2,343,5.657577319177790,1
47,400,7.309803919971490,1
58,339,5.455931955649720,1
40,109,5.0,1
18,57,5.0,1
8,35,5.0,1
22,213,5.0,1
51,122,5.0,1
37,240,5.0,1
53,49,5.3979400086720400,1
52,70,7.508638306165730,1
67,201,5.0,1
25,98,5.0,1
20,301,5.0,1
49,227,5.0,1
0,1,5.0,1
8,389,5.0,1
6,156,5.7447274948966900,1
9,385,5.0,1
1,416,5.0,1
7,196,5.0,1
35,304,5.0,1
28,75,5.0,1
63,130,5.327902142064280,1
48,335,5.0,1
0,250,5.0,1
39,333,5.0,1
17,371,5.0,1
36,133,5.0,1
58,122,6.3979400086720400,1
42,263,7.920818753952380,1
41,410,5.173925197299170,1
6,297,9.292429823902060,1
7,115,5.886056647693160,1
16,217,7.920818753952380,1
20,218,5.0,1
7,365,5.0,1
4,94,5.0,1
12,10,5.130768280269020,1
55,229,5.795880017344080,1
17,26,5.0,1
32,186,5.0,1
16,278,5.0,1
60,434,5.0,1
17,62,5.0,1
63,417,7.42021640338319,1
7,198,5.0,1
48,295,5.0,1
33,240,5.0,1
66,334,8.443697499232710,1
18,355,6.301029995663980,1
60,161,7.795880017344080,1
64,18,5.0,1
6,36,8.886056647693160,1
20,23,5.0,1
54,113,5.2441251443275100,1
28,399,5.045757490560680,1
38,125,5.0,1
62,4,5.0,1
64,53,5.0,1
41,392,6.301029995663980,1
12,364,5.0,1
34,99,5.0,1
47,241,7.3872161432802600,1
39,256,5.0,1
47,36,7.3872161432802600,1
26,18,5.0,1
10,173,5.0,1
39,113,5.0,1
64,46,5.0,1
51,72,5.0,1
52,265,5.0,1
6,24,5.0,1
32,50,5.0,1
16,360,5.0,1
44,263,8.522878745280340,1
56,398,6.886056647693160,1
29,8,7.721246399047170,1
14,79,5.886056647693160,1
42,117,5.0,1
57,79,5.4089353929735000,1
12,401,5.4089353929735000,1
25,407,5.0,1
52,187,5.0,1
10,206,5.0,1
54,207,5.0,1
33,229,5.0,1
20,402,5.0,1
29,280,6.2839966563652000,1
66,272,5.0,1
49,230,5.0,1
20,332,5.292429823902060,1
39,258,5.0,1
45,239,5.0,1
35,370,5.0,1
27,329,5.0,1
26,195,5.0,1
29,391,7.259637310505760,1
0,181,5.0,1
13,163,5.0,1
48,250,5.1487416512809200,1
37,308,5.0,1
44,122,5.337242168318430,1
22,134,8.4089353929735,1
40,368,5.0,1
17,198,5.0,1
7,244,5.508638306165730,1
0,336,5.0,1
30,60,5.0,1
7,358,5.0,1
29,32,5.0,1
63,154,6.086186147616280,1
14,47,5.0,1
38,171,5.0,1
1,46,5.0,1
65,144,5.0,1
59,422,5.113509274827520,1
2,3,7.886056647693160,1
65,171,5.0,1
31,174,5.886056647693160,1
48,87,5.0,1
15,88,5.0,1
37,417,5.0,1
17,294,5.0,1
20,73,5.0,1
39,286,5.0,1
20,141,5.0,1
10,71,5.0,1
10,160,5.958607314841780,1
14,159,5.920818753952380,1
14,256,5.0,1
58,317,5.0,1
57,92,6.619788758288390,1
52,308,5.0,1
60,430,5.2839966563652000,1
17,88,5.0,1
55,319,5.0,1
37,187,5.0,1
12,307,5.0,1
67,310,5.0,1
61,12,5.0,1
37,230,5.0,1
50,273,5.0,1
15,302,5.0,1
30,193,5.0,1
36,63,5.0,1
0,110,8.4089353929735,1
43,80,5.180456064458130,1
67,156,5.0,1
33,92,5.0,1
34,349,5.0,1
32,26,5.0,1
58,307,5.0,1
49,301,5.0,1
61,315,5.0,1
5,115,5.3979400086720400,1
2,148,5.0,1
32,46,5.0,1
53,238,6.920818753952380,1
63,145,5.167491087293760,1
27,206,5.6020599913279600,1
5,62,5.0,1
45,255,6.130768280269020,1
35,427,5.0,1
44,337,5.6020599913279600,1
3,45,5.0,1
37,299,5.0,1
14,128,5.443697499232710,1
17,221,5.0,1
14,81,5.0,1
44,268,6.080921907623930,1
43,244,5.0,1
32,180,6.080921907623930,1
0,414,5.0,1
16,32,5.0,1
57,341,5.0,1
64,202,5.0,1
40,196,6.292429823902060,1
38,104,6.431798275933010,1
48,141,5.0,1
19,327,6.585026652029180,1
14,115,9.721246399047170,1
30,311,5.0,1
8,129,5.0,1
45,109,5.0,1
58,239,6.769551078621730,1
27,350,5.0,1
6,117,5.0,1
5,35,5.0,1
9,363,5.7447274948966900,1
35,55,5.0,1
58,428,8.744727494896690,1
56,94,6.638272163982410,1
28,269,5.0,1
0,362,5.0,1
4,144,5.0,1
12,209,5.0,1
59,339,5.0,1
34,133,6.481486060122110,1
14,48,5.0,1
62,378,5.0,1
62,161,5.0,1
18,110,5.0,1
32,95,5.0,1
63,371,5.0,1
22,334,5.0,1
6,433,5.0,1
11,136,5.0,1
45,390,5.6020599913279600,1
38,302,5.0,1
35,117,5.0,1
41,181,5.853871964321760,1
25,39,5.0,1
57,258,7.721246399047170,1
6,241,6.853871964321760,1
12,78,5.0,1
16,41,6.638272163982410,1
3,108,5.0,1
26,114,8.698970004336020,1
30,112,8.619788758288390,1
20,399,5.0,1
17,434,5.0,1
66,413,7.275724130399210,1
20,57,5.0,1
18,40,5.0,1
45,92,5.0,1
46,60,5.0,1
64,353,5.0,1
40,46,7.318758762624410,1
7,263,5.0,1
60,357,7.1487416512809200,1
32,419,6.6777807052660800,1
67,381,5.0,1
41,132,5.4089353929735000,1
3,174,7.958607314841780,1
20,316,5.0,1
29,383,7.017728766960430,1
43,102,5.619788758288390,1
61,93,5.0,1
8,338,5.0,1
66,69,5.0,1
55,277,5.0,1
23,310,5.0,1
56,323,8.721246399047170,1
61,308,5.0,1
56,307,6.366531544420410,1
45,315,5.0,1
35,395,5.0,1
29,418,6.853871964321760,1
25,293,5.0,1
63,76,5.552841968657780,1
21,232,5.0,1
37,63,5.0,1
40,10,9.031517051446060,1
24,223,6.468521082957750,1
11,131,5.769551078621730,1
2,175,6.055517327849830,1
17,153,5.4089353929735000,1
18,51,5.0,1
34,45,5.0,1
27,409,5.0,1
13,336,5.0,1
67,244,5.0,1
16,233,5.0,1
44,190,6.0,1
2,406,5.619788758288390,1
64,242,5.0,1
48,84,5.0,1
66,229,6.4089353929735000,1
4,69,5.0,1
46,376,5.0,1
28,403,5.657577319177790,1
47,206,7.958607314841780,1
35,110,5.0,1
29,332,6.236572006437060,1
61,408,5.0,1
41,143,5.0,1
42,197,5.0,1
22,398,5.0,1
65,431,5.0,1
51,184,5.0,1
39,170,5.0,1
36,335,5.0,1
50,436,5.0,1
47,377,5.0,1
60,388,6.638272163982410,1
57,40,5.0,1
40,56,5.0,1
37,421,5.0,1
32,331,5.0,1
29,197,6.236572006437060,1
52,182,6.823908740944320,1
49,0,6.920818753952380,1
6,220,5.0,1
19,304,6.1938200260161100,1
34,193,5.0,1
31,387,9.0,1
1,16,5.0,1
37,62,5.0,1
8,337,5.0,1
14,415,5.0,1
8,383,5.0,1
38,420,5.0,1
1,103,5.958607314841780,1
37,360,5.0,1
0,162,6.301029995663980,1
60,321,5.769551078621730,1
11,76,5.0,1
25,28,5.0,1
26,337,5.0,1
22,62,6.318758762624410,1
10,155,5.0,1
4,439,5.0,1
54,18,5.0,1
49,96,7.142667503568730,1
41,179,5.886056647693160,1
13,204,5.0,1
48,178,7.113509274827520,1
29,69,5.0,1
1,344,5.0,1
52,382,5.0,1
29,388,5.0,1
58,146,6.6777807052660800,1
61,421,5.0,1
53,361,5.013228265733760,1
5,384,5.0,1
39,230,5.0,1
61,112,6.3872161432802600,1
51,147,5.0,1
7,274,5.698970004336020,1
56,173,6.853871964321760,1
17,235,5.0,1
47,298,8.481486060122110,1
64,432,5.0,1
63,142,5.0,1
1,124,5.0,1
31,232,7.080921907623930,1
27,144,5.0,1
46,29,5.0,1
24,239,5.0,1
63,47,5.075720713938120,1
57,370,5.698970004336020,1
28,32,5.0,1
22,268,5.552841968657780,1
13,179,5.0,1
64,20,5.0,1
36,151,5.795880017344080,1
5,375,6.0,1
66,159,9.148741651280930,1
61,172,5.0,1
32,3,5.0,1
10,340,5.619788758288390,1
60,405,5.0,1
52,297,5.0,1
0,355,5.0,1
5,332,5.455931955649720,1
13,263,5.0,1
21,275,5.0,1
41,215,5.0,1
34,295,5.0,1
40,223,6.200659450546420,1
57,199,5.366531544420410,1
42,161,5.142667503568730,1
9,415,5.0,1
8,432,5.0,1
47,359,6.468521082957750,1
30,137,5.0,1
33,14,5.0,1
6,275,5.0,1
23,194,5.107905397309520,1
9,154,5.0,1
26,243,5.0,1
44,31,5.0,1
65,436,5.0,1
11,186,5.0,1
0,233,5.0,1
13,189,5.0,1
27,10,7.036212172654440,1
2,149,6.229147988357860,1
53,323,5.0,1
11,267,5.0,1
14,297,5.2839966563652000,1
5,276,5.0,1
4,183,5.0,1
57,143,5.0,1
8,78,5.0,1
12,267,5.0,1
46,296,5.337242168318430,1
35,131,5.0,1
61,94,5.0,1
55,136,5.7447274948966900,1
6,38,6.0,1
24,44,5.0,1
30,214,5.356547323513810,1
16,53,5.0,1
48,411,5.6777807052660800,1
33,377,5.0,1
4,382,5.0,1
7,202,5.0,1
44,106,5.0,1
29,143,5.259637310505760,1
33,82,5.0,1
2,385,5.0,1
30,162,5.0,1
7,25,5.0,1
29,357,7.455931955649720,1
12,197,5.0,1
22,191,5.0,1
19,365,5.0,1
1,371,5.0,1
21,168,8.508638306165730,1
25,16,5.0,1
5,93,5.0,1
52,134,5.0,1
54,194,5.0,1
41,137,5.5376020021010400,1
4,230,5.0,1
1,7,5.0,1
64,166,5.0,1
10,43,6.698970004336020,1
51,16,5.0,1
5,154,5.0,1
15,255,5.0,1
63,257,5.0,1
49,114,5.0,1
21,391,5.0,1
23,37,5.0,1
23,215,5.0,1
65,291,5.0,1
31,354,5.0,1
43,267,5.468521082957750,1
25,276,5.0,1
22,289,5.0,1
67,56,5.0,1
23,291,5.0,1
52,7,5.0,1
55,100,5.0,1
49,325,5.0,1
55,232,5.0,1
23,90,5.0,1
28,252,7.376750709602100,1
19,386,6.522878745280340,1
59,70,5.0,1
42,366,5.0,1
34,134,5.0,1
22,284,6.494850021680090,1
46,215,5.0,1
3,125,5.0,1
34,34,8.187086643357140,1
43,329,5.0,1
7,67,5.0,1
58,366,7.431798275933010,1
63,82,5.0,1
34,70,5.0,1
40,35,5.0,1
27,417,5.0,1
54,248,5.0,1
1,256,5.0,1
6,208,5.0,1
65,89,5.522878745280340,1
48,189,5.0,1
57,369,7.017728766960430,1
31,270,6.657577319177790,1
42,125,5.0,1
58,401,7.6020599913279600,1
35,34,5.0,1
54,87,5.0,1
21,434,5.0,1
28,287,5.0,1
63,436,5.0,1
39,182,5.0,1
0,170,5.0,1
4,124,5.0,1
41,299,5.0,1
37,198,5.0,1
24,186,5.0,1
15,314,5.0,1
58,424,7.113509274827520,1
29,214,7.886056647693160,1
40,177,5.0,1
64,95,5.0,1
15,125,5.2839966563652000,1
32,169,5.0,1
51,275,5.0,1
21,326,5.0,1
62,344,5.0,1
44,389,6.657577319177790,1
5,383,5.0,1
11,253,5.0,1
9,361,5.0,1
14,17,5.769551078621730,1
66,0,7.200659450546420,1
42,174,5.0,1
66,297,7.795880017344080,1
64,234,5.0,1
11,198,5.0,1
7,437,5.0,1
49,166,5.0,1
2,133,6.7447274948966900,1
19,273,5.0,1
21,49,5.0,0
23,200,5.0,0
30,49,5.0,0
22,165,8.823908740944320,0
60,268,5.0,0
65,135,5.0,0
45,5,5.568636235841010,0
58,286,5.0,0
19,116,5.0,0
23,246,5.0,0
62,279,5.0,0
23,99,5.0,0
12,22,5.0,0
57,226,7.481486060122110,0
43,168,5.0,0
62,234,5.0,0
47,160,9.431798275933010,0
20,374,5.0,0
25,116,5.0,0
60,312,5.0,0
49,205,5.0,0
15,213,5.0,0
17,344,5.0,0
33,35,5.0,0
59,64,5.0,0
57,406,5.0,0
31,145,5.958607314841780,0
12,254,5.0,0
5,29,5.0,0
52,305,6.337242168318430,0
11,84,5.721246399047170,0
28,10,6.638272163982410,0
60,182,5.721246399047170,0
39,374,5.0,0
40,2,8.301029995663980,0
65,286,5.0,0
32,218,5.0,0
52,107,6.356547323513810,0
64,82,5.0,0
24,347,6.6777807052660800,0
59,78,5.0,0
28,394,7.7447274948966900,0
57,279,5.3872161432802600,0
63,79,5.0,0
67,435,5.0,0
27,95,5.0,0
8,218,5.0,0
38,366,5.0,0
30,220,5.0,0
37,368,5.0,0
31,156,7.2839966563652000,0
37,309,5.0,0
52,209,5.0,0
35,323,5.0,0
53,100,5.431798275933010,0
47,388,5.0,0
27,437,5.0,0
11,109,5.0,0
66,90,5.0,0
35,113,5.0,0
46,67,5.0,0
38,222,5.0,0
6,344,5.0,0
62,188,5.0,0
11,367,5.0,0
42,297,5.0,0
59,103,5.0,0
22,4,7.698970004336020,0
19,354,5.0,0
11,311,5.0,0
44,402,6.4089353929735000,0
41,226,5.443697499232710,0
34,219,5.0,0
7,147,5.0,0
4,276,5.0,0
58,352,8.958607314841780,0
67,417,5.0,0
67,216,5.0,0
24,68,5.0,0
53,176,6.013228265733760,0
14,382,5.0,0
27,135,5.0,0
41,101,5.346787486224660,0
2,125,5.267606240177030,0
57,45,5.0,0
44,88,6.494850021680090,0
15,101,5.0,0
2,326,5.0,0
40,99,5.0,0
52,393,5.0,0
37,76,5.0,0
14,172,5.0,0
2,348,5.0,0
55,345,5.0,0
46,346,5.0,0
33,411,5.0,0
60,373,5.920818753952380,0
51,312,5.0,0
2,308,5.0,0
47,128,6.823908740944320,0
63,44,5.0,0
29,28,6.366531544420410,0
56,183,6.6777807052660800,0
61,39,5.0,0
62,144,5.0,0
6,283,5.0,0
11,38,5.0,0
6,89,5.0,0
28,187,6.481486060122110,0
35,218,7.214670164989230,0
20,128,5.0,0
51,204,5.0,0
58,322,5.0,0
48,239,5.0,0
14,45,5.0,0
2,415,5.0,0
27,405,5.0,0
22,217,6.958607314841780,0
39,382,5.0,0
65,167,6.443697499232710,0
33,158,5.0,0
43,203,5.508638306165730,0
13,249,5.0,0
10,97,5.0,0
63,175,5.2076083105017500,0
10,55,5.0,0
61,108,5.0,0
4,371,5.0,0
19,382,5.0,0
43,313,5.0,0
29,164,7.221848749616360,0
21,301,5.0,0
7,436,5.0,0
11,404,5.0,0
6,310,5.0,0
13,440,5.0,0
15,203,6.4089353929735000,0
54,217,5.0,0
14,167,5.275724130399210,0
58,70,6.721246399047170,0
14,416,5.251811972993800,0
46,175,5.0,0
50,336,5.0,0
48,396,5.0,0
37,406,5.0,0
41,129,5.0,0
58,394,6.096910013008060,0
27,304,5.0,0
25,22,5.0,0
21,260,5.0,0
60,14,6.7447274948966900,0
5,166,5.920818753952380,0
51,273,5.0,0
50,31,5.0,0
15,408,5.0,0
51,417,5.0,0
0,282,5.0,0
13,281,5.0,0
57,277,5.0,0
54,262,5.0,0
26,173,5.0,0
19,100,5.0,0
20,7,5.0,0
16,341,5.0,0
63,236,5.0,0
15,124,5.508638306165730,0
19,81,5.769551078621730,0
67,316,5.0,0
2,342,5.0,0
22,326,5.0,0
57,265,6.552841968657780,0
29,152,6.070581074285710,0
42,334,5.0,0
41,423,5.0,0
40,341,5.0,0
60,187,6.070581074285710,0
10,100,5.0,0
13,177,5.0,0
49,19,5.0,0
33,215,5.0,0
58,417,6.337242168318430,0
63,206,6.366531544420410,0
63,403,7.0915149811213500,0
32,168,5.638272163982410,0
12,334,5.0,0
18,236,5.0,0
38,404,5.0,0
64,259,5.0,0
43,372,5.0,0
49,394,6.309803919971490,0
65,343,5.0,0
13,324,5.0,0
32,187,5.0,0
53,122,5.0,0
1,238,5.0,0
20,414,5.468521082957750,0
51,309,5.0,0
19,71,5.0,0
55,176,5.481486060122110,0
13,217,5.0,0
4,354,5.0,0
66,308,5.0,0
11,233,5.0,0
49,398,5.721246399047170,0
24,131,5.0,0
20,206,5.0,0
47,265,5.187086643357140,0
47,55,5.522878745280340,0
16,106,5.0,0
23,111,5.0,0
38,312,5.0,0
39,133,5.886056647693160,0
16,61,6.119186407719210,0
39,386,5.0,0
21,264,5.0,0
39,97,5.0,0
2,427,5.431798275933010,0
57,261,7.200659450546420,0
18,238,5.0,0
26,187,5.0,0
67,154,5.0,0
26,138,5.455931955649720,0
49,183,5.0,0
34,334,5.0,0
45,142,5.0,0
33,314,5.0,0
31,176,6.229147988357860,0
6,352,5.0,0
14,346,5.0,0
52,178,5.698970004336020,0
53,368,5.0,0
0,405,5.0,0
48,341,5.7447274948966900,0
35,165,5.0,0
33,21,5.0,0
42,99,5.0,0
65,419,5.0,0
58,283,7.318758762624410,0
26,137,5.494850021680090,0
43,399,5.0,0
17,162,5.494850021680090,0
52,290,5.455931955649720,0
16,80,5.0,0
37,184,5.0,0
50,214,5.0,0
45,14,6.2076083105017500,0
25,123,5.0,0
23,95,5.0,0
40,79,5.0,0
52,331,5.0,0
29,237,6.275724130399210,0
48,321,5.0,0
41,200,5.494850021680090,0
23,222,5.0,0
1,31,5.0,0
20,164,5.7447274948966900,0
58,373,6.795880017344080,0
10,216,6.080921907623930,0
44,236,5.0,0
44,1,7.251811972993800,0
34,305,5.0,0
27,134,5.0,0
39,261,5.0,0
19,333,5.00436480540245,0
40,349,5.0,0
12,435,5.0,0
21,238,5.0,0
52,384,5.0,0
10,379,5.0,0
32,203,7.0915149811213500,0
26,201,5.7447274948966900,0
3,397,5.0,0
6,403,5.0,0
53,251,5.259637310505760,0
49,355,6.142667503568730,0
31,135,5.0,0
17,341,5.0,0
11,34,5.0,0
7,193,5.0,0
26,150,5.0,0
2,156,6.721246399047170,0
64,232,5.0,0
28,214,5.769551078621730,0
48,401,5.7447274948966900,0
39,220,5.0,0
38,87,5.0,0
47,293,7.161150909262740,0
31,248,8.443697499232710,0
34,392,5.0,0
7,340,5.0,0
54,383,5.0,0
46,162,5.585026652029180,0
45,428,5.0,0
29,351,6.568636235841010,0
1,308,5.0,0
60,310,5.0,0
7,128,5.0,0
63,4,6.318758762624410,0
39,79,5.0,0
49,200,5.0,0
8,210,5.0,0
43,341,5.0,0
59,192,5.0,0
32,289,5.0,0
15,181,5.0,0
12,82,5.0,0
51,318,5.0,0
57,140,5.0,0
66,134,5.0,0
47,222,5.0,0
24,115,5.0,0
43,187,5.0,0
34,63,5.0,0
4,311,5.0,0
25,340,5.0,0
56,106,7.431798275933010,0
4,400,5.0,0
22,347,5.0,0
0,391,6.259637310505760,0
2,261,5.886056647693160,0
40,201,7.229147988357860,0
65,284,5.0,0
27,40,5.0,0
29,187,6.3979400086720400,0
17,396,6.113509274827520,0
51,368,5.0,0
43,347,5.0,0
32,384,5.0,0
2,112,6.2839966563652000,0
25,172,5.0,0
59,35,5.0,0
17,128,8.920818753952380,0
61,216,5.0,0
52,27,5.0,0
38,435,5.1938200260161100,0
57,383,6.657577319177790,0
20,276,5.0,0
12,1,5.0,0
51,123,5.0,0
54,89,5.0,0
4,137,5.508638306165730,0
34,103,5.0,0
33,367,5.0,0
29,122,5.0,0
16,267,5.0,0
24,142,5.0,0
46,161,5.657577319177790,0
36,87,5.0,0
53,29,6.537602002101040,0
25,38,5.0,0
45,215,5.0,0
14,410,5.0,0
27,198,5.0,0
62,230,5.0,0
28,83,5.886056647693160,0
5,310,5.0,0
0,187,5.0,0
29,352,6.119186407719210,0
62,205,5.0,0
39,177,5.0,0
34,427,5.0,0
38,131,5.0,0
54,57,5.0,0
9,103,5.180456064458130,0
37,320,5.0,0
55,107,5.0,0
23,351,5.0,0
31,312,5.130768280269020,0
67,74,5.0,0
33,351,5.0,0
40,18,7.017728766960430,0
55,231,5.0,0
8,305,5.0,0
9,434,5.0,0
56,350,7.886056647693160,0
62,158,5.0,0
64,143,5.0,0
0,288,5.823908740944320,0
3,147,5.0,0
45,60,5.0,0
15,355,8.214670164989230,0
12,54,5.0,0
50,78,5.0,0
10,105,7.040958607678910,0
49,43,5.0,0
67,104,5.0,0
18,31,5.0,0
31,122,5.853871964321760,0
43,360,6.113509274827520,0
0,131,5.0,0
63,324,5.0,0
6,91,5.0,0
33,296,5.0,0
6,248,6.251811972993800,0
15,144,5.0,0
21,349,5.886056647693160,0
60,354,5.0,0
67,218,5.0,0
30,32,5.0,0
2,430,6.698970004336020,0
34,97,5.040958607678910,0
25,277,5.0,0
8,231,5.0,0
58,421,7.6020599913279600,0
31,18,7.0655015487564300,0
16,208,5.0,0
16,25,5.0,0
0,306,5.0,0
55,364,5.0,0
17,262,5.721246399047170,0
4,248,5.0,0
26,71,5.0,0
67,413,5.0,0
13,31,5.0,0
61,105,5.0,0
21,396,5.0,0
13,295,5.0,0
40,106,6.6020599913279600,0
7,220,5.0,0
32,349,5.0,0
4,114,10.0,0
59,27,5.0,0
17,323,5.0,0
61,188,5.0,0
60,393,6.769551078621730,0
52,413,5.0,0
40,429,5.0,0
21,101,5.0,0
37,315,5.0,0
64,279,5.0,0
3,55,5.0,0
66,116,5.0,0
34,195,5.0,0
20,417,5.0,0
54,417,5.0,0
38,339,5.0,0
44,208,5.0,0
1,104,5.0,0
29,26,5.0,0
22,166,8.42021640338319,0
43,162,5.638272163982410,0
57,339,5.0,0
11,101,5.0,0
27,110,5.0,0
43,222,5.0,0
49,58,5.0,0
35,329,5.0,0
48,135,5.0,0
42,40,5.0,0
14,332,5.0,0
12,141,5.0,0
8,201,5.0,0
41,67,5.6020599913279600,0
41,383,5.0,0
18,9,6.080921907623930,0
20,15,5.0,0
25,159,5.0,0
50,225,5.0,0
60,248,5.050609993355090,0
65,245,5.2441251443275100,0
15,295,5.0,0
49,428,6.721246399047170,0
38,142,5.0,0
20,262,5.161150909262740,0
60,383,5.6020599913279600,0
18,233,5.0,0
28,197,6.080921907623930,0
36,102,5.142667503568730,0
15,133,5.0,0
41,319,5.0,0
13,395,5.0,0
14,229,5.585026652029180,0
42,439,6.031517051446070,0
2,247,6.130768280269020,0
1,29,5.0,0
59,405,5.0,0
32,113,5.0,0
57,37,8.045757490560680,0
19,280,5.040958607678910,0
22,296,6.6020599913279600,0
56,86,6.013228265733760,0
3,265,5.0,0
67,365,5.0,0
55,60,5.0,0
19,412,5.585026652029180,0
6,122,5.0,0
8,250,5.0,0
44,374,5.0,0
17,29,5.0,0
55,146,7.337242168318430,0
22,315,5.0,0
22,286,7.267606240177030,0
67,410,5.0,0
23,281,5.0,0
57,422,7.200659450546420,0
63,122,5.0,0
10,84,6.42021640338319,0
65,372,5.0,0
44,265,6.481486060122110,0
62,164,5.0,0
7,275,6.142667503568730,0
51,341,5.0,0
22,263,5.0,0
2,29,5.0,0
58,87,5.2839966563652000,0
33,140,5.0,0
31,265,7.886056647693160,0
57,156,6.568636235841010,0
55,93,5.0,0
0,171,5.853871964321760,0
19,213,5.431798275933010,0
63,198,5.0,0
43,243,5.0,0
35,94,5.0,0
1,78,5.0,0
55,140,5.0,0
11,159,5.0,0
18,287,8.537602002101040,0
7,387,5.0,0
17,53,5.0,0
24,389,5.0,0
62,186,5.0,0
44,244,5.327902142064280,0
23,89,6.886056647693160,0
43,241,9.795880017344080,0
34,393,5.0,0
29,287,5.0,0
64,349,5.0,0
50,349,5.0,0
42,356,5.0,0
58,331,5.0,0
42,113,5.0,0
50,79,6.376750709602100,0
52,200,5.0,0
3,173,7.638272163982410,0
67,66,5.0,0
53,272,5.0,0
36,321,5.0,0
38,394,5.0,0
12,318,5.0,0
57,365,5.886056647693160,0
23,280,5.0,0
50,331,5.0,0
4,116,9.853871964321760,0
50,395,5.0,0
60,186,6.443697499232710,0
15,204,9.267606240177030,0
4,436,5.0,0
18,99,5.0,0
66,420,5.0,0
14,30,5.0,0
61,288,5.0,0
33,114,5.0,0
11,241,5.508638306165730,0
60,402,6.119186407719210,0
40,153,7.318758762624410,0
34,306,5.0,0
26,124,5.0,0
36,263,5.0,0
27,312,5.0,0
10,258,6.721246399047170,0
47,274,6.585026652029180,0
43,387,5.0,0
7,255,5.0,0
67,95,5.0,0
4,286,5.0,0
0,223,5.0,0
59,12,6.050609993355090,0
11,21,5.0,0
38,240,5.0,0
62,365,5.0,0
0,320,5.0,0
58,383,5.0,0
15,273,5.0,0
39,160,5.0,0
16,396,6.214670164989230,0
24,193,5.0,0
17,390,7.886056647693160,0
10,438,6.045757490560680,0
6,429,6.173925197299170,0
31,195,8.431798275933010,0
30,199,5.0,0
33,17,5.0,0
27,292,5.0,0
26,322,5.0,0
4,200,5.0,0
39,137,6.301029995663980,0
32,332,5.0,0
8,164,5.0,0
3,76,8.585026652029180,0
51,54,5.0,0
52,3,5.0,0
50,160,5.0,0
56,140,6.113509274827520,0
9,2,5.42021640338319,0
14,176,5.0,0
23,231,5.0,0
5,188,5.0,0
48,194,5.0,0
61,42,5.0,0
0,51,5.619788758288390,0
9,335,5.0,0
6,81,5.0,0
39,39,6.301029995663980,0
57,330,5.0,0
30,370,5.0,0
48,130,5.0,0
66,260,7.42021640338319,0
56,412,7.795880017344080,0
33,327,5.0,0
23,373,5.0,0
41,328,5.0,0
1,247,5.0,0
60,330,5.0,0
34,416,5.0,0
59,408,5.0,0
48,385,5.0,0
17,110,5.0,0
8,235,5.0,0
26,36,5.0,0
2,67,5.886056647693160,0
0,301,5.0,0
59,188,5.0,0
28,284,5.0,0
0,403,5.958607314841780,0
1,82,5.0,0
27,338,5.107905397309520,0
65,365,5.0,0
44,363,7.113509274827520,0
33,31,5.0,0
27,84,7.958607314841780,0
29,312,5.0,0
29,105,5.42021640338319,0
45,268,5.0,0
23,229,5.0,0
22,344,5.0,0
63,253,6.4089353929735000,0
60,73,5.0,0
27,5,6.958607314841780,0
24,384,5.0,0
42,332,5.0,0
7,187,5.0,0
7,65,5.0,0
0,268,5.0,0
61,409,5.0,0
51,111,5.0,0
5,234,5.0,0
13,311,5.0,0
24,419,5.0,0
14,92,5.0,0
55,183,5.0,0
61,148,5.0,0
51,433,5.0,0
44,412,5.0,0
9,264,5.823908740944320,0
3,63,8.494850021680090,0
40,222,5.0,0
10,25,5.0,0
42,193,5.0,0
30,424,5.0,0
29,90,5.920818753952380,0
59,376,5.0,0
32,327,5.0,0
17,209,5.0,0
42,311,8.823908740944320,0
21,127,5.619788758288390,0
49,264,5.0,0
22,6,8.0,0
63,367,5.0,0
37,337,5.0,0
11,12,6.346787486224660,0
55,235,5.0,0
51,238,5.0,0
5,134,5.0,0
8,312,5.0,0
0,180,5.0,0
5,23,5.0,0
30,336,5.0,0
9,112,6.346787486224660,0
52,333,5.0,0
54,8,5.0,0
40,75,5.0,0
23,22,5.0,0
26,130,6.229147988357860,0
31,218,6.721246399047170,0
44,303,5.0,0
67,291,5.0,0
67,100,5.0,0
54,200,5.0,0
2,412,5.0,0
11,359,5.0,0
21,15,7.119186407719210,0
12,280,5.0,0
13,237,6.920818753952380,0
2,337,5.0915149811213500,0
6,397,5.0,0
50,148,5.0,0
29,411,5.568636235841010,0
65,160,6.080921907623930,0
41,251,5.0,0
54,99,5.0,0
39,10,7.6777807052660800,0
22,361,5.0,0
0,27,5.0,0
48,383,5.853871964321760,0
36,286,5.0,0
33,426,5.0,0
62,155,5.0,0
29,363,5.431798275933010,0
0,293,6.173925197299170,0
21,213,5.0,0
44,100,5.0,0
45,441,5.0,0
31,394,7.721246399047170,0
37,402,5.0,0
36,104,5.0,0
37,407,5.0,0
62,112,5.0,0
9,279,5.0,0
1,38,5.0,0
4,155,5.0,0
52,158,5.0,0
40,40,6.769551078621730,0
54,40,5.0,0
47,396,5.853871964321760,0
35,295,5.0,0
41,389,5.0,0
55,137,6.619788758288390,0
31,389,6.1938200260161100,0
44,211,5.0,0
16,131,6.327902142064280,0
33,313,5.0,0
17,123,5.638272163982410,0
12,360,5.0,0
18,197,5.040958607678910,0
18,172,5.0,0
49,316,5.0,0
12,205,6.769551078621730,0
47,387,7.187086643357140,0
5,316,5.0,0
40,414,6.443697499232710,0
44,279,5.0,0
47,272,6.769551078621730,0
46,88,5.920818753952380,0
29,286,5.0,0
0,289,5.823908740944320,0
64,261,5.0,0
39,389,5.721246399047170,0
50,425,5.698970004336020,0
23,240,5.0,0
65,102,7.958607314841780,0
29,148,5.6777807052660800,0
9,60,5.0,0
47,235,7.050609993355090,0
67,169,5.0,0
40,161,5.568636235841010,0
28,419,7.167491087293760,0
1,66,5.0,0
0,392,5.958607314841780,0
41,311,5.0,0
60,340,5.0915149811213500,0
15,197,5.0,0
34,338,6.3872161432802600,0
66,407,5.376750709602100,0
10,141,5.0,0
8,270,5.0,0
13,79,5.0,0
45,372,5.0,0
28,281,5.0,0
21,29,5.0,0
46,293,5.0,0
54,32,5.0,0
30,391,5.0,0
43,233,5.0,0
7,375,5.0,0
60,183,5.657577319177790,0
22,226,5.698970004336020,0
56,393,7.136677139879540,0
40,345,5.0,0
48,219,5.0,0
27,235,5.0,0
11,283,5.0,0
54,126,5.0,0
27,116,5.119186407719210,0
67,314,5.0,0
63,50,5.154901959985740,0
34,309,5.0,0
35,235,5.0,0
49,353,5.886056647693160,0
26,4,5.568636235841010,0
37,18,5.0,0
18,349,5.0,0
4,92,5.0,0
12,253,5.0,0
64,89,5.0,0
18,82,5.0,0
61,424,5.0,0
23,206,5.0,0
35,172,5.0,0
15,33,5.0,0
45,96,5.0,0
32,364,5.0,0
63,327,6.853871964321760,0
40,412,5.0,0
9,190,5.102372908709560,0
40,391,5.0,0
17,366,5.0,0
40,264,5.0,0
54,436,5.0,0
6,205,9.309803919971490,0
0,274,5.0,0
23,226,5.0,0
57,240,6.154901959985740,0
47,360,5.468521082957750,0
9,63,5.958607314841780,0
57,262,6.468521082957750,0
4,224,5.0,0
62,325,5.0,0
9,187,5.0,0
50,404,5.0,0
47,418,6.045757490560680,0
61,368,5.0,0
33,187,5.0,0
36,356,6.886056647693160,0
27,238,5.0,0
24,251,5.0,0
1,347,5.0,0
56,143,5.508638306165730,0
39,438,5.0,0
28,360,5.0,0
58,349,5.0,0
40,371,5.0,0
16,156,6.173925197299170,0
2,360,6.259637310505760,0
60,171,6.769551078621730,0
64,363,5.0,0
44,301,5.0,0
31,368,7.585026652029180,0
30,412,5.0,0
41,290,5.958607314841780,0
53,85,5.0,0
60,175,5.6777807052660800,0
55,286,5.180456064458130,0
45,256,5.0,0
0,60,5.0,0
7,305,5.795880017344080,0
44,397,5.0,0
15,388,5.0,0
52,49,5.0,0
38,245,5.3979400086720400,0
42,225,5.0,0
37,263,5.0,0
51,267,5.0,0
67,385,5.0,0
66,423,6.0655015487564300,0
26,433,5.0,0
27,232,5.0,0
1,225,5.0,0
4,140,8.200659450546420,0
55,42,5.0,0
66,110,5.795880017344080,0
47,357,8.657577319177790,0
39,334,5.0,0
60,97,7.5376020021010400,0
38,209,5.0,0
12,5,5.0,0
36,35,7.2076083105017500,0
38,17,5.0,0
41,316,5.0,0
8,154,5.0,0
37,333,5.0,0
40,134,7.721246399047170,0
40,287,5.0,0
19,0,6.769551078621730,0
35,179,5.0,0
40,25,5.0,0
67,181,5.0,0
23,350,5.0,0
10,386,8.327902142064280,0
20,72,5.886056647693160,0
52,176,5.769551078621730,0
40,364,5.0,0
34,92,5.0,0
18,157,6.3872161432802600,0
47,236,5.0,0
44,384,6.494850021680090,0
29,201,6.0655015487564300,0
63,263,5.0,0
22,75,5.356547323513810,0
39,418,6.309803919971490,0
32,15,5.0,0
0,165,5.0,0
25,131,5.0,0
10,440,7.096910013008060,0
17,354,6.2441251443275100,0
50,330,5.0,0
49,54,6.508638306165730,0
19,177,6.301029995663980,0
12,194,5.0,0
36,232,6.769551078621730,0
36,122,5.7447274948966900,0
7,157,5.0,0
18,231,5.0,0
63,24,5.0,0
15,415,5.0,0
58,184,5.0,0
18,167,5.0,0
59,204,5.0,0
29,185,6.366531544420410,0
4,43,5.0,0
11,184,5.0,0
10,337,5.0,0
46,170,5.0,0
5,351,5.0,0
6,356,7.0,0
48,339,8.443697499232710,0
32,10,5.0,0
17,200,9.09151498112135,0
17,51,5.0,0
60,48,5.0,0
17,375,5.0,0
61,236,5.0,0
35,325,5.0,0
31,249,7.096910013008060,0
12,378,5.0,0
39,270,5.0,0
12,372,5.0,0
63,77,5.060480747381380,0
16,343,5.0,0
39,349,5.0,0
44,149,5.0,0
4,301,5.0,0
55,5,5.1487416512809200,0
20,197,5.0,0
14,244,5.0,0
59,76,5.0,0
35,62,5.0,0
41,207,5.142667503568730,0
46,290,5.0,0
45,418,5.0,0
25,102,5.0,0
48,54,5.0,0
51,32,5.0,0
60,190,6.920818753952380,0
13,26,5.0,0
20,53,5.0,0
29,365,6.180456064458130,0
56,314,5.0,0
10,5,10.537602002101000,0
40,313,5.0,0
44,180,5.6777807052660800,0
47,110,5.0,0
3,34,5.0,0
58,168,8.275724130399210,0
35,89,5.0,0
19,385,5.431798275933010,0
27,43,5.0,0
43,314,5.0,0
66,281,5.0,0
66,206,8.537602002101040,0
3,143,5.0,0
5,69,6.958607314841780,0
5,362,5.0,0
20,355,5.0,0
64,148,5.0,0
46,303,5.0,0
39,236,5.0,0
6,123,5.0,0
30,63,5.0,0
57,105,5.0,0
2,118,6.275724130399210,0
43,88,5.0,0
57,236,6.698970004336020,0
7,26,5.0,0
49,68,5.0,0
23,57,5.0,0
52,386,5.0,0
17,440,7.346787486224660,0
61,293,5.0,0
33,295,5.0,0
42,374,5.0,0
62,326,5.0,0
61,418,6.130768280269020,0
22,37,10.031517051446100,0
36,103,5.0,0
49,306,5.0,0
65,75,5.0,0
40,170,5.0,0
41,126,5.0,0
43,307,5.0,0
39,269,5.0,0
8,387,5.0,0
61,1,5.0,0
39,44,5.769551078621730,0
34,158,5.0,0
64,336,5.0,0
40,294,5.0,0
26,38,5.0,0
17,338,5.0,0
67,275,5.0,0
56,116,7.017728766960430,0
34,16,5.481486060122110,0
11,281,5.0,0
9,5,5.638272163982410,0
6,430,8.229147988357860,0
17,160,5.318758762624410,0
37,162,7.267606240177030,0
40,54,5.0,0
28,390,5.0,0
52,335,5.0,0
37,66,5.0,0
10,368,5.0,0
0,260,5.267606240177030,0
58,236,5.481486060122110,0
17,169,5.795880017344080,0
5,67,8.045757490560680,0
26,158,5.508638306165730,0
36,280,5.0,0
26,33,5.0,0
57,1,6.7447274948966900,0
26,285,5.0,0
21,171,5.136677139879540,0
46,230,5.0,0
50,338,5.0,0
50,419,5.0,0
3,340,5.0,0
16,380,6.1938200260161100,0
8,278,5.0,0
7,148,6.823908740944320,0
12,183,5.0,0
58,114,5.698970004336020,0
54,358,5.0,0
9,161,6.853871964321760,0
16,14,7.107905397309520,0
18,314,5.0,0
46,364,5.0,0
15,222,5.0,0
6,14,7.075720713938120,0
61,299,5.0,0
18,325,5.0,0
67,128,5.0,0
59,210,5.455931955649720,0
60,78,5.0,0
1,354,5.0,0
25,106,5.0,0
23,327,5.0,0
7,327,5.0,0
45,51,5.0,0
50,407,5.1487416512809200,0
62,195,9.236572006437060,0
57,296,5.769551078621730,0
33,299,5.0,0
14,393,5.0,0
50,394,5.0,0
38,101,5.0,0
36,213,6.455931955649720,0
40,354,7.638272163982410,0
28,405,5.698970004336020,0
59,90,5.2441251443275100,0
40,380,5.0,0
37,32,5.0,0
55,299,5.0,0
60,154,6.119186407719210,0
29,68,6.136677139879540,0
29,324,5.0,0
51,321,5.0,0
32,410,6.346787486224660,0
27,295,5.0,0
11,193,5.0,0
21,258,5.0,0
33,19,5.0,0
15,321,5.0,0
30,136,5.0,0
51,41,5.0,0
54,300,5.0,0
42,153,5.0,0
12,39,5.102372908709560,0
41,80,6.136677139879540,0
42,369,5.0,0
4,258,5.0,0
55,90,5.0,0
62,208,5.0,0
55,274,5.0,0
31,147,8.244125144327510,0
51,370,5.0,0
1,15,5.0,0
52,129,5.0,0
36,3,5.0,0
67,150,5.0,0
56,263,5.0,0
43,7,5.301029995663980,0
64,115,5.0,0
56,355,7.823908740944320,0
27,373,5.0,0
21,129,6.1487416512809200,0
21,295,5.0,0
50,38,5.0,0
23,108,5.0,0
64,313,5.0,0
45,312,5.0,0
43,393,5.0,0
2,121,6.013228265733760,0
49,310,5.0,0
43,300,8.769551078621730,0
22,348,5.0,0
25,5,5.0,0
29,330,5.0,0
63,394,6.214670164989230,0
23,381,5.0,0
5,36,5.0,0
60,96,7.795880017344080,0
18,177,5.0,0
14,281,5.0,0
59,314,6.823908740944320,0
9,246,5.0,0
49,73,5.0,0
60,426,5.0,0
32,439,6.6020599913279600,0
26,83,5.0,0
41,157,5.0,0
14,328,5.0,0
12,94,5.0,0
15,317,5.0,0
36,251,6.022276394711150,0
61,186,5.0,0
46,112,5.0,0
2,116,6.657577319177790,0
15,225,5.0,0
49,108,5.455931955649720,0
32,371,5.920818753952380,0
36,48,6.187086643357140,0
6,215,6.036212172654440,0
10,321,5.0,0
6,6,7.698970004336020,0
51,214,5.0,0
64,350,5.0,0
49,207,5.0,0
44,131,5.0,0
10,292,5.0,0
41,414,5.0,0
59,168,5.853871964321760,0
37,95,5.0,0
3,161,5.0,0
33,361,5.0,0
59,306,8.136677139879540,0
18,240,5.0,0
65,114,8.017728766960430,0
53,222,5.920818753952380,0
32,374,5.0,0
37,277,5.0,0
46,8,5.0,0
17,181,5.0,0
62,419,5.0,0
40,411,5.0,0
44,143,5.0,0
39,43,5.0,0
39,237,5.0,0
0,248,7.0,0
58,32,5.0,0
41,19,5.0,0
3,294,8.958607314841780,0
16,75,5.0,0
54,241,5.0,0
58,125,7.4089353929735000,0
42,306,8.0,0
29,260,5.0,0
1,338,5.0,0
3,419,5.0,0
67,237,5.0,0
7,426,5.0,0
26,254,5.0,0
52,100,6.0,0
32,296,5.0,0
50,39,5.0,0
46,351,5.0,0
46,27,5.0,0
51,369,5.0,0
22,198,6.173925197299170,0
25,267,5.0,0
45,332,5.0,0
29,419,6.6020599913279600,0
64,254,5.0,0
36,372,5.0,0
12,16,5.721246399047170,0
55,275,5.0,0
54,418,5.0,0
52,418,5.0,0
32,348,5.0,0
28,304,6.229147988357860,0
21,430,5.2441251443275100,0
33,38,5.0,0
24,209,6.853871964321760,0
39,211,5.0,0
31,356,7.853871964321760,0
35,248,5.0,0
62,433,5.0,0
48,331,5.0,0
45,12,5.6777807052660800,0
2,23,5.0,0
64,130,5.0,0
7,422,5.6020599913279600,0
66,54,5.0,0
8,262,5.0,0
24,437,5.0,0
9,256,5.0,0
41,123,5.0,0
25,371,5.0,0
31,435,5.229147988357860,0
37,356,7.698970004336020,0
2,203,6.443697499232710,0
34,224,5.0,0
6,309,5.0,0
66,155,5.7447274948966900,0
11,363,5.5376020021010400,0
44,235,5.0,0
22,81,5.0,0
61,301,5.0,0
63,101,5.443697499232710,0
48,183,5.0,0
5,195,5.259637310505760,0
18,136,5.0,0
41,337,5.0,0
41,384,5.0,0
16,99,6.481486060122110,0
47,311,5.0,0
61,322,5.0,0
50,415,5.0,0
35,185,5.0,0
26,277,5.0,0
45,80,5.0,0
31,418,7.853871964321760,0
22,281,5.0,0
3,215,5.0,0
34,139,5.0,0
47,330,6.292429823902060,0
45,65,5.0,0
2,260,6.0655015487564300,0
42,34,5.0,0
67,64,5.823908740944320,0
63,156,6.102372908709560,0
13,165,5.0,0
17,78,5.0,0
7,236,5.0,0
15,51,5.0,0
17,268,5.0,0
23,235,5.0,0
22,64,7.060480747381380,0
8,369,5.0,0
25,151,5.0,0
55,252,5.017728766960430,0
21,400,5.0,0
29,359,7.327902142064280,0
26,440,5.0,0
23,170,5.0,0
16,227,7.1249387366083,0
1,63,5.0,0
31,210,6.366531544420410,0
46,119,5.0,0
45,289,5.0,0
20,257,5.0,0
67,114,5.0,0
14,360,5.0,0
1,237,5.0,0
8,351,5.0,0
9,81,5.0,0
58,147,6.7447274948966900,0
3,145,7.376750709602100,0
37,64,5.0,0
17,349,5.0,0
27,390,5.0,0
6,121,5.0,0
20,283,5.0,0
19,271,5.0,0
34,336,5.0,0
19,189,6.769551078621730,0
52,312,5.0,0
66,36,6.721246399047170,0
43,174,5.0,0
1,402,5.0,0
29,435,5.0,0
49,424,9.045757490560680,0
38,214,7.886056647693160,0
4,190,5.0,0
36,431,5.0,0
42,413,5.0,0
60,326,5.0,0
23,44,9.721246399047170,0
15,395,6.267606240177030,0
60,400,5.508638306165730,0
10,114,7.008773924307510,0
8,34,5.0,0
18,414,5.0,0
30,104,5.0,0
28,9,6.468521082957750,0
35,249,5.0,0
45,345,5.0,0
29,246,6.6777807052660800,0
11,120,5.0,0
62,330,5.0,0
20,418,5.0,0
52,21,5.0,0
56,218,7.3979400086720400,0
31,39,6.795880017344080,0
30,48,5.0,0
31,74,7.366531544420410,0
52,162,5.0,0
4,427,5.0,0
6,362,5.6020599913279600,0
17,9,10.431798275933000,0
10,217,5.522878745280340,0
19,111,5.221848749616360,0
10,15,10.244125144327500,0
14,222,5.0,0
15,270,5.0,0
5,318,5.0,0
29,265,6.130768280269020,0
29,429,6.920818753952380,0
33,177,5.0,0
63,296,5.0,0
36,284,5.0,0
32,149,5.0,0
53,270,6.154901959985740,0
3,282,5.0,0
42,411,5.0,0
57,278,5.0,0
35,340,5.0,0
54,327,5.0,0
52,359,5.0,0
27,131,5.0,0
61,16,5.0,0
24,216,5.0,0
44,388,5.0,0
50,134,5.0,0
28,54,5.0,0
39,247,5.0,0
35,173,5.0,0
16,286,5.0,0
65,21,6.327902142064280,0
37,123,5.0,0
0,153,5.0,0
14,166,5.468521082957750,0
35,420,5.0,0
50,326,5.585026652029180,0
17,187,5.0,0
46,177,6.2839966563652000,0
10,341,5.0,0
36,357,7.568636235841010,0
61,385,5.0,0
6,313,5.0,0
16,204,5.0,0
64,168,5.0,0
51,115,5.0,0
36,403,5.0,0
59,154,5.0,0
26,161,5.5376020021010400,0
64,335,5.0,0
31,261,6.119186407719210,0
39,373,5.0,0
1,341,5.0,0
49,64,5.0,0
2,439,6.920818753952380,0
27,332,5.0,0
49,67,5.0,0
58,103,5.3872161432802600,0
6,286,5.0,0
59,242,5.0,0
20,102,5.0,0
45,218,5.958607314841780,0
45,161,5.6020599913279600,0
25,126,5.0,0
41,421,5.6777807052660800,0
28,81,6.026872146400300,0
33,378,5.0,0
42,385,5.0,0
51,233,5.0,0
52,154,5.0,0
55,63,5.0,0
26,295,5.0,0
10,336,6.017728766960430,0
0,259,5.0,0
12,171,5.0,0
44,40,7.1938200260161100,0
47,146,6.1938200260161100,0
57,411,6.130768280269020,0
38,210,6.920818753952380,0
62,380,5.0,0
40,110,5.0,0
14,196,6.200659450546420,0
63,174,5.0,0
26,340,5.0,0
3,128,5.0,0
20,207,5.0,0
44,32,5.0,0
20,339,7.6020599913279600,0
32,207,7.6777807052660800,0
1,150,5.0,0
53,263,5.0,0
30,158,5.0,0
4,216,5.0,0
53,52,6.026872146400300,0
38,173,5.0,0
39,412,5.0,0
39,429,5.0,0
32,307,5.0,0
4,420,5.0,0
50,434,5.886056647693160,0
0,377,5.0,0
34,190,5.853871964321760,0
54,37,5.0,0
1,204,8.200659450546420,0
11,383,5.0,0
37,223,5.161150909262740,0
9,278,5.0,0
5,254,5.2839966563652000,0
35,288,5.0,0
57,347,5.0,0
52,399,5.0,0
24,149,5.0,0
31,52,6.327902142064280,0
56,5,7.337242168318430,0
49,278,5.0,0
58,358,6.853871964321760,0
16,155,5.0,0
44,333,5.0,0
25,290,5.0,0
6,35,7.958607314841780,0
24,331,5.0,0
23,232,5.0,0
8,179,5.0915149811213500,0
46,209,5.0,0
26,82,5.0,0
47,372,6.823908740944320,0
63,113,5.0,0
57,18,5.0,0
15,180,6.036212172654440,0
43,212,6.2076083105017500,0
25,170,5.0,0
33,196,5.0,0
7,407,5.0,0
44,80,6.040958607678910,0
7,31,5.0,0
37,211,5.0,0
34,316,5.0,0
43,144,5.0,0
61,287,5.0,0
22,238,7.886056647693160,0
11,395,5.494850021680090,0
12,4,5.619788758288390,0
40,114,6.275724130399210,0
25,100,5.0,0
39,387,5.0,0
24,56,5.0,0
8,200,5.0,0
23,230,5.0,0
29,347,5.6020599913279600,0
59,149,5.0,0
39,82,5.0,0
0,129,5.0,0
24,203,6.886056647693160,0
52,39,5.0,0
45,159,5.958607314841780,0
40,187,5.0,0
38,58,5.0,0
21,339,5.0,0
9,140,6.327902142064280,0
28,378,5.522878745280340,0
45,326,5.721246399047170,0
8,281,5.0,0
56,146,7.455931955649720,0
41,131,5.0,0
58,97,6.060480747381380,0
6,180,6.481486060122110,0
24,208,5.0,0
1,320,5.0,0
31,157,6.920818753952380,0
53,281,5.958607314841780,0
55,390,5.008773924307510,0
9,294,5.200659450546420,0
9,171,5.0,0
45,234,5.3979400086720400,0
54,58,5.0,0
10,142,5.0,0
56,419,7.769551078621730,0
60,230,5.0,0
28,215,6.721246399047170,0
23,251,5.0,0
37,336,5.0,0
16,57,5.0,0
49,117,5.0,0
37,294,5.0,0
19,309,5.0,0
50,77,5.0,0
65,204,6.853871964321760,0
15,256,5.0,0
38,436,5.0,0
53,343,5.142667503568730,0
55,38,5.0,0
32,137,7.481486060122110,0
1,273,5.0,0
7,68,5.721246399047170,0
40,387,5.0,0
24,16,5.0,0
55,416,6.552841968657780,0
28,76,5.0,0
23,43,5.0,0
62,390,5.0,0
48,128,5.0,0
35,1,6.853871964321760,0
49,242,5.0,0
16,142,5.0,0
40,232,5.0,0
64,97,5.0,0
31,278,5.356547323513810,0
37,292,5.0,0
45,124,5.0,0
21,341,5.0,0
46,301,5.0,0
23,393,5.0,0
10,122,6.958607314841780,0
49,140,5.0,0
11,355,6.4089353929735000,0
16,326,5.0,0
58,100,7.795880017344080,0
24,405,5.0,0
22,204,8.568636235841010,0
47,233,6.552841968657780,0
20,154,5.0,0
30,163,5.0,0
6,12,8.823908740944320,0
9,283,5.0,0
64,331,5.0,0
3,354,5.0,0
67,292,5.0,0
38,278,5.0,0
55,339,5.0,0
46,4,5.0,0
62,285,5.0,0
7,182,5.0,0
42,15,5.0,0
4,95,5.0,0
44,343,5.0,0
3,5,5.0,0
20,377,5.0,0
41,272,5.0,0
53,2,5.468521082957750,0
44,336,5.853871964321760,0
34,278,5.0,0
35,296,5.0,0
64,285,7.130768280269020,0
44,85,5.698970004336020,0
20,311,5.0,0
10,149,6.443697499232710,0
62,184,5.0,0
24,55,5.0,0
6,77,5.0,0
31,430,6.657577319177790,0
42,160,5.0,0
67,210,5.0,0
54,354,5.0,0
1,364,5.0,0
4,71,5.0,0
58,188,8.207608310501750,0
31,231,6.031517051446070,0
62,361,5.0,0
59,434,5.0,0
57,337,5.0,0
40,241,7.236572006437060,0
45,354,6.045757490560680,0
48,429,5.0,0
51,358,5.0,0
21,367,5.0,0
40,406,7.102372908709560,0
60,252,5.013228265733760,0
13,317,5.0,0
16,324,5.0,0
29,299,6.187086643357140,0
39,413,5.0,0
43,302,5.0,0
15,140,5.853871964321760,0
65,406,5.431798275933010,0
60,4,6.346787486224660,0
30,54,5.0,0
9,268,5.0,0
53,333,5.42021640338319,0
43,204,6.3979400086720400,0
20,34,5.0,0
24,379,5.0,0
58,264,6.585026652029180,0
28,353,5.0,0
17,304,5.0,0
64,396,5.0,0
0,344,5.0,0
59,52,5.0,0
1,289,5.0,0
19,134,5.0,0
63,169,5.721246399047170,0
60,188,5.795880017344080,0
60,50,5.795880017344080,0
38,36,5.0,0
59,435,5.0,0
59,247,5.0,0
29,224,6.920818753952380,0
38,384,6.657577319177790,0
9,78,5.853871964321760,0
1,271,5.0,0
26,14,5.657577319177790,0
0,280,5.0,0
1,369,5.0,0
23,343,5.0,0
13,30,5.0,0
11,203,5.3979400086720400,0
14,369,5.0,0
66,100,5.0,0
54,143,5.0,0
27,344,5.0,0
7,339,5.0,0
15,103,7.318758762624410,0
44,368,5.920818753952380,0
32,167,5.0,0
66,435,5.0,0
40,91,5.0,0
43,412,5.0,0
66,355,7.508638306165730,0
59,196,5.0,0
16,284,5.0,0
51,303,5.0,0
22,161,8.585026652029180,0
0,117,5.0,0
3,176,5.0,0
24,122,5.0,0
64,262,5.0,0
21,162,5.886056647693160,0
37,148,5.0,0
36,215,6.2441251443275100,0
25,361,5.0,0
63,80,5.0,0
41,407,5.0,0
61,396,5.0,0
29,191,6.167491087293760,0
6,26,5.0,0
13,8,5.0,0
53,37,7.075720713938120,0
15,173,5.0,0
54,395,5.0,0
18,406,5.0,0
12,365,5.0,0
44,154,6.113509274827520,0
32,264,8.0,0
53,55,6.119186407719210,0
27,386,5.0,0
41,236,5.0,0
6,75,5.0,0
19,86,5.0,0
14,41,5.585026652029180,0
31,243,7.585026652029180,0
1,215,5.0,0
42,21,5.0,0
35,305,5.0,0
15,402,5.229147988357860,0
57,283,6.275724130399210,0
38,191,5.0,0
11,417,5.0,0
5,215,6.0,0
26,427,5.0,0
28,322,5.638272163982410,0
24,74,5.0,0
29,63,5.0,0
67,349,5.0,0
3,305,5.0,0
19,92,5.0,0
25,152,5.0,0
0,210,5.0,0
39,37,5.0,0
59,252,5.0,0
58,4,7.267606240177030,0
37,420,5.0,0
9,366,5.0,0
66,354,5.0,0
41,241,5.853871964321760,0
66,40,5.0,0
32,346,5.0,0
52,248,5.0,0
31,129,5.229147988357860,0
53,241,7.1249387366083,0
46,401,5.0,0
62,147,5.0,0
9,194,5.0,0
18,86,5.0,0
12,153,5.0,0
43,1,5.346787486224660,0
23,185,5.0,0
19,315,5.0,0
3,364,5.0,0
2,21,5.0,0
65,19,5.0,0
20,424,5.0,0
62,54,5.0,0
63,131,5.0,0
46,12,5.0,0
30,272,5.0,0
7,273,5.0,0
19,5,5.958607314841780,0
61,392,5.0,0
3,236,5.0,0
42,26,5.0,0
52,411,5.0,0
1,143,5.0,0
55,265,5.0,0
57,414,6.167491087293760,0
67,440,5.356547323513810,0
42,274,5.0,0
4,27,5.0,0
45,183,5.0,0
30,154,5.0,0
57,439,7.769551078621730,0
22,243,6.522878745280340,0
14,305,5.0,0
63,343,5.275724130399210,0
13,138,5.0,0
6,289,5.0,0
20,36,5.0,0
62,83,5.0,0
13,120,5.0,0
56,249,7.522878745280340,0
11,126,5.0,0
25,24,5.0,0
6,269,5.0,0
30,68,5.0,0
38,159,5.337242168318430,0
20,385,5.0,0
21,131,5.853871964321760,0
52,254,5.0,0
3,390,5.0,0
45,28,5.0,0
13,72,5.0,0
40,439,6.619788758288390,0
52,86,6.0,0
32,34,5.795880017344080,0
50,151,5.0,0
52,128,5.0,0
2,278,5.6020599913279600,0
3,217,5.0,0
62,207,5.0,0
38,256,5.0,0
1,349,5.0,0
52,320,5.0,0
12,165,5.698970004336020,0
45,414,5.0,0
65,106,5.657577319177790,0
41,76,5.0,0
29,62,5.0,0
34,370,5.0,0
37,396,5.267606240177030,0
66,273,5.0,0
34,337,5.0,0
53,27,6.309803919971490,0
18,218,5.568636235841010,0
57,201,7.366531544420410,0
61,258,5.0,0
8,118,5.0,0
47,375,5.096910013008060,0
48,299,6.154901959985740,0
16,49,5.107905397309520,0
54,296,5.0,0
46,431,5.0,0
14,217,5.292429823902060,0
66,250,5.0,0
64,437,5.795880017344080,0
62,328,5.0,0
5,294,6.356547323513810,0
49,87,5.0,0
55,41,5.0,0
54,187,5.0,0
52,324,5.0,0
2,179,8.4089353929735,0
67,298,7.6020599913279600,0
0,98,5.920818753952380,0
34,61,5.0,0
47,31,7.1249387366083,0
41,102,7.154901959985740,0
40,190,5.0,0
55,69,5.080921907623930,0
16,192,5.698970004336020,0
55,241,6.721246399047170,0
41,373,5.0,0
16,100,6.431798275933010,0
7,438,5.0,0
16,251,5.0,0
55,373,5.0,0
50,410,5.0,0
6,132,5.0,0
33,23,5.0,0
47,306,5.0,0
37,128,5.0,0
62,78,5.0,0
24,433,5.0,0
26,307,5.0,0
6,337,5.0,0
23,312,5.0,0
4,225,5.0,0
67,111,5.0,0
49,22,5.0,0
50,109,5.0,0
6,342,5.0,0
4,146,5.0,0
17,208,5.0,0
6,276,5.0,0
24,278,5.0,0
45,352,5.0,0
2,114,6.657577319177790,0
45,31,5.0,0
60,59,5.3979400086720400,0
32,391,5.0,0
46,190,5.769551078621730,0
49,254,5.0,0
10,222,5.0,0
47,124,5.0,0
39,393,5.0,0
60,411,5.886056647693160,0
66,230,5.0,0
26,72,5.0,0
7,282,5.0,0
4,257,5.0,0
1,241,5.0,0
5,226,7.050609993355090,0
41,43,5.0,0
32,51,5.0,0
43,324,5.0,0
23,264,5.0,0
53,313,5.0,0
66,299,5.552841968657780,0
16,234,5.0,0
25,321,5.0,0
2,383,6.823908740944320,0
37,313,5.0,0
19,326,5.366531544420410,0
51,336,5.0,0
11,368,5.0,0
51,405,5.0,0
11,40,5.0,0
38,193,5.0,0
15,389,7.0915149811213500,0
22,224,5.318758762624410,0
29,192,6.619788758288390,0
17,115,7.102372908709560,0
53,215,7.142667503568730,0
29,82,5.2076083105017500,0
63,314,5.0,0
40,244,5.0,0
33,265,5.0,0
48,358,5.0,0
19,441,5.0,0
49,348,6.161150909262740,0
42,87,5.0,0
56,272,6.0655015487564300,0
52,295,7.886056647693160,0
45,394,6.443697499232710,0
4,68,5.0,0
2,330,6.585026652029180,0
12,63,5.0,0
24,66,5.0,0
33,341,5.0,0
37,166,7.00436480540245,0
1,158,8.886056647693160,0
36,405,5.0,0
62,183,5.0,0
11,322,5.0,0
59,363,6.301029995663980,0
41,267,5.0,0
9,435,5.0,0
32,41,6.1487416512809200,0
37,151,5.2076083105017500,0
45,316,5.0,0
43,46,7.318758762624410,0
46,310,8.823908740944320,0
66,264,6.229147988357860,0
63,38,7.187086643357140,0
3,253,5.0,0
65,274,5.0,0
8,326,5.0,0
23,228,5.638272163982410,0
43,364,5.0,0
26,167,5.0,0
50,380,5.0,0
41,75,5.0,0
41,211,5.0,0
22,364,6.045757490560680,0
61,331,5.0,0
2,107,5.0,0
45,140,5.0,0
45,282,5.356547323513810,0
5,122,5.853871964321760,0
67,412,5.0,0
4,219,5.0,0
44,414,5.920818753952380,0
17,273,6.327902142064280,0
62,415,5.0,0
16,297,5.0,0
11,216,5.0,0
40,276,5.0,0
46,37,5.0,0
35,31,5.0,0
51,408,5.0,0
54,107,5.0,0
24,200,5.0,0
66,365,5.0,0
34,207,5.0,0
17,269,5.0,0
65,390,5.721246399047170,0
32,97,5.0,0
39,203,6.113509274827520,0
33,43,5.0,0
41,195,6.366531544420410,0
58,84,7.318758762624410,0
30,356,5.0,0
23,427,5.0,0
43,355,5.0,0
49,56,7.0,0
17,93,5.0,0
39,317,5.0,0
5,113,5.920818753952380,0
42,91,5.0,0
59,262,5.0,0
62,418,5.0,0
33,390,5.0,0
32,413,5.552841968657780,0
8,99,5.0,0
28,229,6.443697499232710,0
1,146,6.568636235841010,0
25,113,5.0,0
2,398,5.823908740944320,0
4,359,5.0,0
55,272,5.0,0
25,424,5.0,0
35,95,5.0,0
53,39,6.1249387366083,0
26,213,5.0,0
3,405,5.0,0
29,141,5.0,0
15,365,5.0,0
29,279,6.6777807052660800,0
48,149,5.0,0
5,172,6.008773924307510,0
18,429,5.0,0
35,202,5.823908740944320,0
10,73,5.0,0
40,342,5.0,0
31,363,6.1938200260161100,0
60,302,5.0655015487564300,0
0,267,5.823908740944320,0
18,426,5.0,0
36,170,7.070581074285710,0
52,374,5.0,0
8,73,5.0,0
59,380,5.0,0
19,352,5.0,0
16,83,5.0,0
17,152,5.853871964321760,0
38,267,5.0,0
41,196,6.327902142064280,0
66,140,5.0,0
16,129,6.0,0
6,331,5.0,0
5,45,5.0,0
60,415,7.1938200260161100,0
33,414,5.0,0
62,141,5.0,0
9,162,8.4089353929735,0
12,303,5.0,0
67,290,5.0,0
15,94,5.0,0
17,111,5.0,0
63,49,5.356547323513810,0
13,246,5.0,0
37,318,5.0,0
15,112,6.638272163982410,0
60,365,5.769551078621730,0
22,244,9.568636235841010,0
10,118,7.522878745280340,0
65,39,7.180456064458130,0
28,90,5.0,0
43,255,5.0,0
7,276,5.0,0
7,156,5.0,0
50,95,5.0,0
41,434,5.0,0
23,171,5.0,0
59,161,5.0,0
6,116,5.0,0
67,48,5.0,0
60,86,5.0,0
66,80,8.05551732784983,0
28,216,6.431798275933010,0
53,358,7.853871964321760,0
26,305,5.568636235841010,0
52,177,5.823908740944320,0
53,137,5.920818753952380,0
56,7,7.443697499232710,0
65,181,5.3872161432802600,0
46,98,5.7447274948966900,0
47,251,6.886056647693160,0
6,115,5.2076083105017500,0
57,266,7.309803919971490,0
36,290,6.7447274948966900,0
13,7,5.0,0
37,153,5.0,0
16,313,5.0,0
37,65,5.0,0
36,249,5.0,0
32,383,5.721246399047170,0
39,215,5.0,0
55,312,5.0,0
39,75,5.0,0
28,11,6.031517051446070,0
2,236,5.0,0
64,347,5.0,0
40,149,5.455931955649720,0
64,56,5.0,0
7,108,5.0,0
45,274,6.008773924307510,0
30,122,8.3767507096021,0
38,126,5.0,0
59,105,5.0,0
58,128,6.040958607678910,0
53,273,5.0,0
0,300,5.0,0
29,71,5.0,0
28,50,5.0,0
61,378,5.0,0
37,234,5.0,0
38,293,5.0,0
51,110,5.7447274948966900,0
54,66,5.0,0
65,216,5.0,0
33,257,5.0,0
3,14,5.0,0
33,149,5.0,0
64,270,5.0,0
7,410,5.0,0
23,138,5.0,0
31,362,5.0,0
3,371,5.0,0
62,51,5.795880017344080,0
41,135,5.0,0
39,246,5.0,0
21,175,5.7447274948966900,0
39,68,5.0,0
22,36,7.920818753952380,0
63,200,6.619788758288390,0
43,154,5.0,0
57,223,7.2441251443275100,0
19,296,5.075720713938120,0
5,378,5.6777807052660800,0
62,423,5.0,0
3,436,5.0,0
24,156,5.0,0
57,356,7.721246399047170,0
42,55,5.0,0
37,282,5.0,0
20,233,5.0,0
31,123,7.795880017344080,0
12,343,5.0,0
16,333,5.0,0
37,222,5.0,0
23,113,5.0,0
27,175,5.0,0
39,54,5.0,0
39,165,5.0,0
1,403,5.0,0
42,133,5.0,0
10,376,5.494850021680090,0
53,106,5.0,0
50,290,5.0,0
21,1,7.200659450546420,0
28,178,5.3979400086720400,0
50,198,6.886056647693160,0
61,351,5.0,0
47,408,6.481486060122110,0
67,318,5.0,0
56,68,7.698970004336020,0
45,364,5.0,0
9,290,5.0,0
41,282,5.0,0
62,225,5.0,0
64,29,5.0,0
56,95,6.585026652029180,0
38,237,7.853871964321760,0
59,237,5.0,0
61,318,5.0,0
27,199,5.508638306165730,0
11,393,5.0,0
45,165,7.568636235841010,0
50,149,5.0,0
42,420,5.0,0
5,189,6.267606240177030,0
64,230,5.0,0
36,219,5.552841968657780,0
9,424,5.0,0
58,67,5.853871964321760,0
12,279,5.0,0
53,328,5.0,0
39,5,7.853871964321760,0
52,216,5.0,0
50,211,5.0,0
19,345,5.0,0
34,236,5.0,0
40,123,5.0,0
5,355,5.0,0
43,271,5.0,0
41,408,5.0,0
19,405,5.0,0
12,36,5.0,0
16,79,5.0,0
2,9,9.031517051446060,0
22,185,5.0,0
39,260,5.0,0
3,231,5.0,0
63,255,6.167491087293760,0
17,75,5.0,0
18,293,5.0,0
1,212,5.0,0
26,54,5.0,0
45,63,5.0,0
17,106,5.920818753952380,0
52,351,5.0,0
29,229,6.585026652029180,0
57,396,5.886056647693160,0
57,427,7.638272163982410,0
63,133,5.721246399047170,0
10,72,5.0,0
1,332,5.0,0
11,152,6.958607314841780,0
39,433,5.0,0
21,78,5.0,0
7,289,5.0,0
20,37,5.481486060122110,0
25,402,5.0,0
46,141,5.0,0
54,411,5.0,0
65,70,5.3872161432802600,0
28,203,7.7447274948966900,0
49,72,5.0,0
66,4,5.638272163982410,0
15,2,5.552841968657780,0
30,76,5.0,0
4,172,5.0,0
18,147,5.0,0
1,172,5.0,0
61,200,8.568636235841010,0
2,309,5.0,0
5,293,5.0,0
64,147,5.0,0
10,111,5.0,0
25,344,5.0,0
8,105,5.0,0
7,110,5.0,0
28,28,6.698970004336020,0
8,222,5.0,0
14,349,5.0,0
3,84,5.0,0
37,264,5.0,0
58,133,6.468521082957750,0
7,181,5.013228265733760,0
65,271,5.0,0
13,159,5.0,0
66,83,7.7447274948966900,0
5,251,5.494850021680090,0
59,51,5.0,0
19,337,5.0,0
59,416,5.853871964321760,0
17,431,5.494850021680090,0
24,8,5.0,0
15,216,5.0,0
48,220,5.0,0
49,386,5.0,0
3,266,5.0,0
3,73,5.0,0
49,223,7.3872161432802600,0
24,293,8.050609993355090,0
57,415,5.050609993355090,0
55,160,7.086186147616280,0
22,122,5.958607314841780,0
52,327,5.0,0
45,129,5.0,0
25,231,5.0,0
47,61,5.0,0
19,46,5.0,0
63,307,5.0,0
29,252,8.366531544420410,0
20,113,5.0,0
0,324,6.853871964321760,0
65,366,5.0,0
17,80,5.0,0
18,221,5.0,0
54,223,5.0,0
12,158,5.853871964321760,0
38,20,5.0,0
55,338,5.346787486224660,0
62,173,5.0,0
66,33,5.0,0
50,297,5.0,0
19,94,6.698970004336020,0
3,52,5.0,0
53,18,5.0,0
18,344,5.0,0
36,274,5.0,0
52,313,5.0,0
43,157,5.721246399047170,0
16,258,6.236572006437060,0
12,123,5.0,0
62,163,5.0,0
52,31,5.0,0
65,396,7.251811972993800,0
23,149,5.0,0
45,168,6.698970004336020,0
62,299,5.0,0
37,335,5.0,0
26,165,5.0,0
26,321,5.0,0
54,333,5.0,0
5,409,5.0,0
41,169,5.468521082957750,0
44,351,5.0,0
30,420,5.0,0
51,347,5.0,0
28,358,9.080921907623930,0
35,263,5.0,0
26,319,5.0,0
30,212,5.0,0
0,277,5.0,0
2,58,6.657577319177790,0
59,85,5.0,0
10,271,5.0,0
20,157,5.0,0
3,380,5.0,0
23,273,5.0,0
49,396,5.0,0
45,226,5.568636235841010,0
38,246,5.173925197299170,0
46,42,5.0,0
25,209,5.0,0
40,1,9.259637310505760,0
6,229,6.259637310505760,0
28,289,5.0,0
65,347,5.0,0
14,373,5.0,0
10,195,5.958607314841780,0
36,120,8.05551732784983,0
44,220,5.0,0
23,440,5.0,0
53,346,5.568636235841010,0
1,118,5.0,0
16,58,5.0,0
50,353,5.4089353929735000,0
25,25,5.0,0
20,229,5.0,0
12,354,6.4089353929735000,0
64,141,5.0,0
46,45,5.0,0
63,410,6.346787486224660,0
25,310,5.0,0
59,315,6.853871964321760,0
27,208,5.0,0
7,57,5.0,0
41,409,5.920818753952380,0
44,215,6.537602002101040,0
9,228,5.0,0
13,129,5.0,0
53,153,6.251811972993800,0
54,253,5.0,0
27,207,7.040958607678910,0
57,203,6.42021640338319,0
3,7,5.0,0
28,196,7.7447274948966900,0
14,37,5.2441251443275100,0
60,44,5.008773924307510,0
30,19,5.0,0
11,49,5.0,0
33,288,5.0,0
33,20,5.0,0
27,214,5.0,0
12,74,5.0,0
47,424,6.721246399047170,0
8,390,5.0,0
20,54,5.0,0
42,198,5.0,0
30,100,5.0,0
65,194,5.0,0
61,332,5.0,0
29,336,5.0,0
9,380,5.552841968657780,0
57,85,5.0,0
17,87,5.0,0
38,274,6.6020599913279600,0
54,406,5.0,0
17,92,5.0,0
37,414,5.0,0
33,51,5.0,0
28,181,5.0,0
30,323,5.0,0
32,408,5.0,0
32,0,5.0,0
42,417,5.0,0
29,134,5.0,0
34,55,5.0,0
33,381,5.0,0
10,323,5.0,0
21,249,5.0,0
53,6,6.619788758288390,0
33,116,5.0,0
12,243,5.0,0
2,89,5.3979400086720400,0
62,438,5.0,0
11,121,5.275724130399210,0
39,350,5.0,0
33,78,5.0,0
8,196,5.0,0
33,49,5.0,0
62,160,5.0,0
45,440,5.0,0
47,45,6.42021640338319,0
37,56,5.0,0
14,152,5.0,0
40,152,7.508638306165730,0
9,340,5.0,0
66,118,5.0,0
32,32,5.0,0
12,342,5.0,0
33,142,5.0,0
56,118,6.6777807052660800,0
45,128,5.0,0
48,426,5.0,0
2,358,8.494850021680090,0
52,6,5.0,0
8,365,5.0,0
58,252,5.0,0
32,244,6.060480747381380,0
48,405,5.0,0
51,98,5.0,0
8,51,5.0,0
60,33,5.0,0
31,89,5.0,0
8,307,5.0,0
66,394,7.7447274948966900,0
31,433,5.102372908709560,0
52,289,5.0,0
18,386,6.823908740944320,0
28,348,5.0,0
48,167,5.0,0
37,129,5.0,0
50,170,5.0,0
5,260,5.026872146400300,0
29,298,7.522878745280340,0
66,375,7.187086643357140,0
67,8,5.0,0
23,3,5.0,0
67,179,5.0,0
19,137,6.657577319177790,0
23,39,5.0,0
44,413,6.568636235841010,0
36,279,5.0,0
49,126,5.0,0
51,167,5.0,0
62,64,5.0,0
32,334,5.0,0
17,284,7.568636235841010,0
52,48,5.251811972993800,0
10,436,5.0,0
14,212,5.0,0
62,278,5.0,0
33,290,5.0,0
9,280,5.0,0
18,7,5.0,0
19,106,5.0,0
44,334,5.5376020021010400,0
55,258,5.0,0
44,417,5.0655015487564300,0
66,2,5.161150909262740,0
28,52,5.2076083105017500,0
27,60,5.0,0
57,36,6.657577319177790,0
31,393,7.886056647693160,0
32,340,5.0,0
53,73,5.0,0
27,167,5.508638306165730,0
47,287,6.4089353929735000,0
16,287,5.0,0
59,102,5.0,0
59,42,5.0,0
16,74,5.6777807052660800,0
51,77,5.0,0
5,253,5.2441251443275100,0
31,85,6.585026652029180,0
1,317,5.0,0
2,173,5.070581074285710,0
32,147,5.0,0
23,407,5.309803919971490,0
37,438,5.0,0
13,345,5.0,0
42,275,5.0,0
41,111,5.0,0
34,397,5.0,0
28,63,5.0,0
54,228,5.0,0
28,373,5.6777807052660800,0
18,201,5.853871964321760,0
22,148,6.7447274948966900,0
49,47,5.0,0
12,92,5.0,0
56,237,7.6777807052660800,0
66,174,7.080921907623930,0
48,72,5.0,0
24,59,5.0,0
58,364,5.494850021680090,0
39,282,5.0,0
49,109,6.040958607678910,0
61,2,5.0,0
30,205,5.0,0
67,63,5.0,0
35,398,5.0,0
43,431,5.0,0
60,30,5.366531544420410,0
50,228,5.431798275933010,0
16,59,5.823908740944320,0
39,279,5.0,0
66,320,5.0,0
44,207,5.0,0
58,134,5.823908740944320,0
3,304,5.0,0
30,241,5.958607314841780,0
62,324,5.0,0
44,47,7.853871964321760,0
12,56,5.0,0
30,248,5.0,0
32,319,5.0,0
35,353,5.0,0
7,392,5.0,0
19,360,6.585026652029180,0
41,230,5.0,0
58,165,6.769551078621730,0
47,413,5.886056647693160,0
0,328,5.0,0
38,348,5.0,0
1,234,5.0,0
5,57,5.494850021680090,0
1,111,5.0,0
26,356,5.0,0
30,221,5.0,0
35,4,8.0,0
44,155,5.958607314841780,0
35,267,5.0,0
49,44,5.657577319177790,0
49,345,5.0,0
52,203,5.0,0
48,45,5.0,0
34,255,5.0,0
66,360,5.0,0
36,165,6.173925197299170,0
40,148,5.0,0
6,272,5.0,0
40,113,6.7447274948966900,0
57,117,5.0,0
16,330,5.0,0
66,204,8.568636235841010,0
25,379,5.0,0
20,379,5.0,0
42,227,5.0,0
53,441,5.0,0
42,139,5.0,0
10,93,5.0,0
0,21,5.0,0
7,373,5.267606240177030,0
64,435,5.0,0
38,81,5.0,0
14,161,5.522878745280340,0
44,59,5.42021640338319,0
55,315,5.0,0
43,438,5.0,0
39,406,5.0,0
64,366,5.0,0
67,387,5.0,0
56,418,8.42021640338319,0
25,140,5.0,0
35,407,5.0,0
18,191,5.0,0
23,385,5.0,0
18,184,5.0,0
48,34,5.0,0
34,155,5.0,0
32,259,5.119186407719210,0
33,125,5.0,0
32,201,7.769551078621730,0
39,313,5.0,0
10,242,5.886056647693160,0
39,320,5.0,0
25,417,6.200659450546420,0
1,116,5.0,0
41,262,5.42021640338319,0
52,433,5.0,0
61,381,5.0,0
11,326,5.0,0
2,302,7.075720713938120,0
23,63,5.0,0
21,359,5.0,0
7,441,5.0,0
57,336,5.327902142064280,0
0,243,6.229147988357860,0
7,9,5.0,0
26,332,5.0,0
62,166,5.0,0
65,23,5.769551078621730,0
65,195,5.0,0
2,353,5.0,0
36,189,5.0,0
57,224,6.657577319177790,0
21,86,5.0,0
31,338,8.823908740944320,0
37,306,5.0,0
31,391,8.0,0
20,306,5.0,0
1,360,5.0,0
14,138,7.251811972993800,0
55,31,5.0,0
35,59,5.0,0
60,254,5.161150909262740,0
11,162,5.0,0
16,24,5.0,0
61,28,5.0,0
26,418,5.0,0
60,251,6.42021640338319,0
58,3,7.853871964321760,0
43,108,5.0,0
50,409,5.0,0
25,255,5.0,0
5,220,7.552841968657780,0
29,374,5.0,0
55,187,5.0,0
48,69,5.0,0
25,200,5.0,0
65,246,5.0,0
16,346,6.292429823902060,0
54,375,5.0,0
34,239,5.0,0
9,373,5.0,0
28,274,5.0,0
15,81,5.0,0
53,117,5.0,0
32,233,5.0,0
13,415,5.0,0
52,235,5.0,0
61,389,5.017728766960430,0
22,168,5.0,0
23,330,5.0,0
13,107,5.0,0
3,57,5.0,0
12,201,6.00436480540245,0
30,345,5.0,0
51,92,5.0,0
58,44,5.0,0
50,146,5.0,0
31,383,8.236572006437060,0
53,0,7.180456064458130,0
40,155,6.309803919971490,0
60,109,5.0,0
47,182,5.0,0
35,90,5.0,0
32,351,5.0,0
29,212,5.0,0
42,208,5.0,0
29,9,7.327902142064280,0
6,181,5.823908740944320,0
47,42,5.0,0
22,188,7.275724130399210,0
3,122,5.0,0
66,31,6.795880017344080,0
19,203,5.853871964321760,0
25,400,5.0,0
49,258,5.0,0
28,148,5.431798275933010,0
16,299,5.0,0
5,53,5.769551078621730,0
10,325,5.481486060122110,0
60,140,5.698970004336020,0
39,194,5.0,0
18,396,5.0,0
25,406,5.0,0
56,77,8.494850021680090,0
45,127,5.0,0
21,222,5.0,0
63,39,5.657577319177790,0
56,386,10.619788758288400,0
33,8,5.0,0
37,271,5.0,0
66,278,5.0,0
28,290,6.431798275933010,0
28,19,5.0,0
40,355,7.1487416512809200,0
26,168,7.886056647693160,0
39,399,5.0,0
2,111,6.6777807052660800,0
4,345,5.0,0
44,68,5.0655015487564300,0
66,319,5.0,0
18,46,5.0,0
39,394,5.0,0
15,32,5.0,0
21,242,5.0,0
18,182,5.0,0
39,398,5.0,0
57,6,7.130768280269020,0
60,349,5.958607314841780,0
24,247,5.0,0
63,234,5.6020599913279600,0
29,4,6.443697499232710,0
59,164,5.0,0
24,42,5.0,0
19,368,5.0,0
38,307,5.0,0
40,376,5.0,0
63,180,7.142667503568730,0
52,215,5.0,0
26,291,5.0,0
49,309,5.0,0
42,154,5.0,0
51,71,5.0,0
49,239,6.327902142064280,0
30,4,5.0,0
64,133,5.2076083105017500,0
17,384,8.4089353929735,0
1,183,5.0,0
44,380,5.318758762624410,0
55,401,5.508638306165730,0
30,357,5.0,0
13,398,5.0,0
4,78,5.0,0
51,264,5.0,0
29,45,5.0,0
36,260,6.657577319177790,0
64,76,5.0,0
65,335,5.0,0
17,297,9.327902142064280,0
50,375,5.0,0
4,431,5.0,0
2,245,5.356547323513810,0
48,371,5.886056647693160,0
34,25,5.0,0
27,254,5.0,0
61,359,5.0,0
46,434,5.0,0
28,130,5.356547323513810,0
31,59,7.823908740944320,0
18,309,5.0,0
51,331,5.0,0
4,103,5.0,0
33,189,5.0,0
18,77,5.0,0
24,65,5.0,0
58,340,5.698970004336020,0
20,125,5.0,0
29,313,5.0,0
17,405,7.886056647693160,0
26,183,5.0,0
5,75,5.0,0
56,306,5.0,0
1,182,5.0,0
21,419,5.0,0
18,409,8.080921907623930,0
19,408,5.0,0
56,200,7.721246399047170,0
19,411,5.0,0
58,409,7.823908740944320,0
31,421,7.008773924307510,0
56,67,7.301029995663980,0
38,8,5.0,0
58,226,6.721246399047170,0
23,287,5.0,0
46,51,5.0,0
57,335,5.0,0
36,134,5.0,0
18,126,5.2076083105017500,0
66,195,7.853871964321760,0
18,381,5.0,0
30,140,7.267606240177030,0
34,328,5.0,0
17,322,5.0,0
55,18,5.0,0
63,157,7.0,0
64,88,5.0,0
59,66,5.0,0
58,278,5.886056647693160,0
63,285,5.0,0
45,374,5.0,0
48,237,5.0,0
37,437,5.301029995663980,0
66,306,5.0,0
53,360,6.853871964321760,0
0,245,5.0,0
55,245,5.0,0
13,257,5.0,0
22,231,5.0,0
5,321,5.0,0
23,162,5.0,0
24,375,5.0,0
63,114,5.0,0
23,180,5.0,0
16,206,6.096910013008060,0
4,372,5.0,0
67,161,5.0,0
33,144,5.0,0
23,80,5.0,0
56,397,5.173925197299170,0
66,265,6.537602002101040,0
32,282,5.0,0
59,175,5.0,0
11,1,6.236572006437060,0
45,111,5.0,0
12,402,6.853871964321760,0
57,205,9.387216143280270,0
65,374,6.3979400086720400,0
35,232,5.0,0
7,94,5.0,0
37,59,5.0,0
52,204,5.0,0
54,203,5.0,0
35,359,5.0,0
55,289,5.0,0
60,157,5.366531544420410,0
18,75,5.0,0
45,178,5.0,0
37,203,6.3872161432802600,0
22,270,5.0,0
58,346,7.045757490560680,0
49,376,5.0,0
42,281,5.0,0
2,441,5.0,0
24,294,5.0,0
30,393,5.0,0
64,188,5.0,0
5,9,5.508638306165730,0
32,7,5.0,0
36,77,5.886056647693160,0
35,36,5.0,0
32,377,5.0,0
59,384,5.0,0
31,304,9.4089353929735,0
62,57,5.0,0
28,254,5.0,0
46,168,5.568636235841010,0
12,60,5.0,0
44,260,5.585026652029180,0
62,28,5.0,0
40,318,5.0,0
50,204,5.0,0
2,7,7.508638306165730,0
45,246,5.468521082957750,0
4,290,5.0,0
53,41,5.431798275933010,0
26,139,6.102372908709560,0
49,26,5.0,0
58,422,7.301029995663980,0
60,414,6.443697499232710,0
67,196,5.0,0
35,101,5.0,0
21,278,5.0,0
54,7,5.0,0
23,225,5.0,0
21,288,5.0,0
31,66,6.376750709602100,0
17,40,5.154901959985740,0
25,236,5.0,0
63,332,5.823908740944320,0
40,86,5.0,0
55,331,5.0,0
11,81,5.0,0
61,441,5.0,0
57,367,6.853871964321760,0
32,356,6.920818753952380,0
51,277,5.0,0
57,25,5.568636235841010,0
12,200,6.698970004336020,0
6,312,5.0,0
58,388,6.522878745280340,0
6,441,5.0,0
19,274,5.698970004336020,0
36,65,5.0,0
34,73,5.0,0
66,330,5.0,0
20,143,5.0,0
7,95,5.0,0
19,276,5.568636235841010,0
45,143,5.0,0
17,379,5.0,0
28,59,5.0,0
45,245,5.698970004336020,0
0,209,6.2076083105017500,0
45,427,5.0,0
57,251,5.2441251443275100,0
36,206,6.823908740944320,0
22,193,5.0,0
26,133,5.886056647693160,0
53,247,5.0,0
67,84,7.346787486224660,0
40,436,5.0,0
5,270,5.0,0
52,436,5.0,0
1,370,5.0,0
16,51,5.0,0
10,79,5.619788758288390,0
34,0,5.0,0
51,413,5.0,0
26,204,5.0,0
7,408,5.0,0
65,422,5.0,0
67,207,6.6777807052660800,0
36,85,5.060480747381380,0
62,315,5.0,0
31,284,5.0,0
25,425,5.0,0
33,41,5.0,0
38,174,5.0,0
21,12,7.229147988357860,0
28,397,5.0,0
40,351,5.0,0
19,131,5.0,0
49,2,5.0,0
29,209,5.823908740944320,0
25,120,5.0,0
5,401,6.853871964321760,0
34,390,5.0,0
45,381,5.0,0
29,267,6.769551078621730,0
63,137,7.552841968657780,0
19,256,5.0,0
34,321,5.0,0
66,231,5.0,0
5,107,5.3872161432802600,0
66,392,7.443697499232710,0
24,117,5.0,0
55,425,5.0,0
31,43,6.698970004336020,0
66,387,7.6777807052660800,0
4,8,5.920818753952380,0
57,349,6.173925197299170,0
37,398,5.0,0
67,344,5.0,0
64,80,5.0,0
58,75,5.0,0
27,257,5.0,0
62,178,5.0,0
45,120,5.0,0
62,137,5.0,0
12,316,5.0,0
34,113,5.0,0
5,158,5.0,0
66,166,5.568636235841010,0
50,255,5.0,0
33,154,5.0,0
48,407,5.0,0
3,303,7.795880017344080,0
38,52,5.0,0
57,99,6.431798275933010,0
49,367,7.2839966563652000,0
28,159,8.619788758288390,0
16,302,5.0,0
25,316,5.0,0
35,271,5.0,0
37,168,5.0,0
38,7,5.0,0
13,262,5.0,0
26,51,5.0,0
66,271,5.0,0
25,296,5.0,0
23,97,5.0,0
22,411,5.0,0
7,163,5.0,0
34,110,5.0,0
33,242,5.0,0
65,420,5.0,0
28,201,7.221848749616360,0
2,38,5.0,0
21,361,5.0,0
39,105,5.0,0
66,16,5.698970004336020,0
65,387,5.0,0
44,163,5.920818753952380,0
7,159,5.0,0
45,217,5.167491087293760,0
62,441,5.0,0
60,394,8.18045606445813,0
9,411,5.0,0
37,342,5.0,0
43,242,5.0,0
43,247,5.0,0
51,101,5.0,0
2,243,6.080921907623930,0
3,86,5.0,0
58,246,7.1938200260161100,0
0,157,5.0,0
29,91,6.236572006437060,0
6,232,5.0,0
10,256,5.0,0
12,188,5.0,0
9,125,5.0,0
2,185,6.958607314841780,0
37,380,5.0,0
1,414,5.0,0
18,17,5.0,0
18,158,5.638272163982410,0
59,225,5.0,0
32,239,5.0,0
52,368,5.0,0
9,386,5.0,0
7,217,5.920818753952380,0
20,59,5.173925197299170,0
61,415,5.0,0
4,295,5.0,0
51,382,5.0,0
46,84,5.0,0
16,429,5.173925197299170,0
51,248,5.0,0
64,272,5.0,0
63,259,5.886056647693160,0
57,314,5.0,0
21,25,5.0,0
33,178,5.0,0
48,24,5.0,0
16,241,5.0,0
13,167,5.0,0
34,32,5.0,0
32,326,5.0,0
54,29,5.0,0
65,251,5.769551078621730,0
8,290,5.0,0
11,33,5.0,0
52,85,5.0,0
39,276,5.0,0
61,170,5.0,0
59,286,5.0,0
58,124,5.0,0
48,427,5.0,0
35,220,5.0,0
19,392,6.537602002101040,0
26,122,9.008773924307510,0
31,426,6.187086643357140,0
9,138,5.366531544420410,0
22,360,5.0,0
38,371,5.0,0
53,232,5.823908740944320,0
3,3,5.0,0
20,245,5.552841968657780,0
9,186,5.0,0
64,419,5.0,0
37,389,5.0,0
31,281,5.7447274948966900,0
41,151,5.0,0
53,423,5.0,0
34,162,5.022276394711150,0
32,36,7.1487416512809200,0
65,140,6.318758762624410,0
10,310,5.0,0
67,243,5.0,0
25,382,5.0,0
24,398,5.0,0
39,2,7.7447274948966900,0
62,245,5.0,0
54,158,5.0,0
64,224,5.0,0
48,65,5.0,0
0,174,6.455931955649720,0
67,334,5.0,0
6,93,5.0,0
59,419,5.0,0
2,273,5.0,0
47,324,5.0,0
44,332,5.0,0
54,273,5.0,0
64,393,5.0,0
21,343,5.0,0
28,436,5.0,0
44,82,5.0,0
18,347,5.0,0
33,339,5.0,0
44,35,5.0,0
42,363,5.0,0
28,38,6.853871964321760,0
8,269,5.0,0
0,331,5.0,0
21,394,5.0,0
25,330,5.0,0
51,88,5.0,0
53,168,7.356547323513810,0
50,426,5.0,0
32,42,5.107905397309520,0
19,31,6.619788758288390,0
65,277,5.0,0
1,44,5.0,0
7,89,6.42021640338319,0
67,200,8.292429823902060,0
53,198,5.481486060122110,0
27,52,5.0,0
43,283,5.4089353929735000,0
53,203,6.468521082957750,0
44,382,5.0,0
20,71,5.0,0
57,292,5.619788758288390,0
17,125,8.387216143280270,0
16,386,7.7447274948966900,0
60,134,5.4089353929735000,0
19,129,5.0,0
27,17,5.0,0
63,210,7.214670164989230,0
54,219,5.0,0
50,1,5.0,0
4,158,5.0,0
33,427,5.0,0
32,14,5.0,0
25,232,5.0,0
25,213,5.0,0
64,314,5.0,0
33,306,5.0,0
51,423,5.0,0
57,56,6.161150909262740,0
18,412,5.0,0
19,91,5.0,0
15,193,5.0,0
14,211,5.0,0
36,221,5.0,0
43,258,5.0,0
39,17,5.0,0
37,139,5.0,0
63,305,5.356547323513810,0
60,120,6.2441251443275100,0
11,54,5.0,0
13,150,5.0,0
44,424,6.552841968657780,0
56,394,6.568636235841010,0
45,202,6.0,0
17,404,5.0,0
10,112,7.455931955649720,0
46,66,5.0,0
28,122,5.0,0
48,228,5.0,0
56,58,10.4089353929735,0
20,226,5.0,0
20,114,5.0,0
67,42,5.0,0
30,211,5.0,0
23,29,5.0,0
6,417,5.7447274948966900,0
18,281,5.0,0
14,34,5.0,0
53,44,5.0,0
59,348,5.0,0
20,156,5.0,0
52,244,5.0,0
28,225,5.173925197299170,0
24,24,8.657577319177790,0
36,309,5.0,0
22,156,7.3979400086720400,0
1,267,5.0,0
29,196,7.4089353929735000,0
33,70,5.0,0
18,249,5.0,0
21,74,5.0,0
17,4,10.494850021680100,0
59,407,5.0,0
23,379,5.0,0
47,303,5.0,0
53,389,5.309803919971490,0
49,194,5.0,0
16,101,5.0,0
41,334,5.0,0
17,174,5.0,0
55,64,6.6020599913279600,0
33,231,5.0,0
35,223,5.0,0
13,304,5.0,0
57,315,5.0,0
47,90,5.0,0
54,56,5.0,0
67,172,5.0,0
36,64,5.142667503568730,0
4,342,5.0,0
21,97,5.0,0
33,153,5.0,0
12,276,5.0,0
31,99,5.0,0
32,212,5.327902142064280,0
58,110,5.346787486224660,0
12,439,7.267606240177030,0
37,361,5.0,0
37,159,5.346787486224660,0
5,320,5.0,0
27,376,5.0,0
66,313,5.0,0
30,178,5.0,0
36,123,8.008773924307510,0
44,26,5.585026652029180,0
3,367,5.0,0
1,262,5.0,0
58,384,7.823908740944320,0
32,273,5.0,0
5,243,5.0,0
34,411,5.0,0
9,318,5.0,0
48,431,5.0,0
17,24,5.0,0
40,278,5.0,0
17,150,5.0,0
49,410,5.0,0
35,160,5.0,0
56,286,6.619788758288390,0
17,383,5.0,0
48,327,6.080921907623930,0
36,262,5.0,0
38,54,5.0,0
48,161,6.552841968657780,0
7,398,5.0,0
18,174,5.0,0
44,391,5.0,0
14,230,5.0,0
8,332,5.0,0
35,244,5.0,0
16,119,5.0,0
46,234,5.0,0
9,393,5.0,0
10,18,5.0,0
21,244,6.008773924307510,0
57,433,5.0,0
11,336,5.0,0
12,311,5.0,0
53,357,7.7447274948966900,0
64,227,5.0,0
12,102,7.886056647693160,0
66,380,6.721246399047170,0
47,395,6.013228265733760,0
20,97,5.0,0
31,429,8.309803919971490,0
67,229,5.0,0
15,129,5.0,0
58,351,5.119186407719210,0
33,406,5.0,0
37,72,5.0,0
7,172,6.070581074285710,0
15,380,5.0,0
67,50,5.0,0
41,235,5.0,0
40,303,5.0,0
8,327,5.0,0
2,85,5.638272163982410,0
2,137,5.0,0
12,351,5.0,0
56,414,8.602059991327960,0
5,325,5.0,0
39,249,5.0,0
61,303,5.0,0
28,218,5.795880017344080,0
42,308,8.823908740944320,0
39,404,5.0,0
16,426,6.096910013008060,0
12,76,5.0,0
14,404,5.0,0
55,99,5.0,0
52,281,5.0,0
45,242,5.3872161432802600,0
3,209,5.0,0
4,299,5.0,0
9,175,5.4089353929735000,0
47,261,5.0,0
65,342,5.0,0
34,130,6.236572006437060,0
28,115,5.0,0
59,2,5.0,0
1,315,5.0,0
23,174,5.0,0
10,171,5.309803919971490,0
67,21,5.0,0
2,303,7.769551078621730,0
21,93,5.0,0
28,206,7.4089353929735000,0
10,9,10.065501548756400,0
16,124,5.0,0
62,355,5.0,0
43,55,5.0,0
41,88,5.376750709602100,0
13,57,5.0,0
8,7,5.0,0
12,17,5.0,0
9,34,6.3979400086720400,0
22,307,5.0,0
23,360,5.920818753952380,0
1,37,5.0,0
64,73,5.0,0
42,9,5.0,0
16,134,5.0,0
14,364,5.0,0
59,418,5.0,0
5,244,5.167491087293760,0
40,309,5.0,0
59,282,5.0,0
4,129,5.0,0
25,54,5.0,0
23,0,5.0,0
16,318,5.0,0
24,125,5.0,0
19,418,6.142667503568730,0
45,204,8.744727494896690,0
13,373,5.0,0
31,302,5.886056647693160,0
53,431,5.0,0
35,380,5.0,0
30,423,5.0,0
60,32,5.0,0
49,384,5.0,0
35,168,5.0,0
18,116,5.275724130399210,0
29,217,6.036212172654440,0
13,201,5.0,0
10,196,5.920818753952380,0
6,2,5.585026652029180,0
57,385,6.236572006437060,0
25,46,5.0,0
20,51,5.0,0
33,434,5.0,0
26,39,5.920818753952380,0
41,278,5.0,0
45,87,5.0,0
24,418,5.0,0
30,326,5.0,0
22,395,7.008773924307510,0
60,410,5.721246399047170,0
28,6,6.552841968657780,0
47,103,7.366531544420410,0
54,196,5.0,0
54,128,5.0,0
27,153,5.0,0
32,355,7.0,0
12,344,5.0,0
47,397,6.638272163982410,0
49,119,5.0,0
66,276,5.0,0
9,122,5.2839966563652000,0
9,160,6.173925197299170,0
29,125,6.823908740944320,0
55,138,5.0,0
2,231,5.0,0
21,246,5.552841968657780,0
24,28,5.0,0
21,407,5.0,0
4,435,5.0,0
54,110,5.0,0
61,203,7.5376020021010400,0
9,431,5.0,0
44,3,5.920818753952380,0
63,375,5.1938200260161100,0
2,44,5.769551078621730,0
64,315,5.0,0
31,48,7.795880017344080,0
3,257,5.0,0
33,312,5.0,0
11,154,6.823908740944320,0
40,67,5.0,0
49,350,5.0,0
28,34,5.0,0
37,291,5.0,0
2,69,6.259637310505760,0
15,275,5.0,0
2,68,6.200659450546420,0
15,285,5.0,0
51,8,5.0,0
22,216,5.0,0
37,359,5.0,0
56,203,9.193820026016110,0
53,437,6.585026652029180,0
19,307,5.0,0
46,246,5.0,0
11,327,5.0,0
46,5,5.0,0
37,285,5.0,0
4,142,5.0,0
3,258,5.0,0
19,154,6.431798275933010,0
2,274,5.0,0
25,352,5.0,0
8,12,5.0,0
61,410,5.0,0
47,98,7.886056647693160,0
8,259,5.0,0
24,166,5.0,0
35,392,5.0,0
64,57,5.0,0
41,310,5.0,0
8,425,5.698970004336020,0
37,401,5.0,0
38,391,5.0,0
8,104,5.0,0
11,24,5.0,0
46,223,5.0,0
35,406,5.0,0
30,377,5.0,0
7,369,5.0,0
66,106,5.0,0
7,96,6.267606240177030,0
64,140,5.0,0
28,93,5.0,0
55,45,6.585026652029180,0
9,288,5.0,0
44,311,6.638272163982410,0
62,43,5.0,0
1,435,5.0,0
28,393,5.221848749616360,0
19,229,6.2076083105017500,0
52,90,5.0,0
20,126,5.0,0
59,253,5.0,0
19,178,5.292429823902060,0
43,44,6.481486060122110,0
40,59,5.0,0
8,392,5.0,0
37,96,5.0,0
14,389,5.958607314841780,0
7,80,6.026872146400300,0
58,77,7.356547323513810,0
4,9,6.102372908709560,0
23,212,5.0,0
26,407,5.0,0
25,47,5.0,0
59,334,5.0,0
16,295,5.0,0
67,221,5.0,0
12,180,5.0,0
33,219,5.0,0
33,7,5.0,0
17,210,9.698970004336020,0
0,126,5.0,0
56,399,7.853871964321760,0
65,81,5.0,0
1,356,8.522878745280340,0
15,430,8.958607314841780,0
12,375,5.0,0
37,274,5.0,0
3,12,5.0,0
44,111,7.229147988357860,0
39,4,7.920818753952380,0
42,237,5.0,0
36,334,5.0,0
45,148,5.0,0
39,198,5.236572006437060,0
47,363,6.013228265733760,0
50,0,5.0,0
1,121,5.0,0
52,397,6.585026652029180,0
9,398,5.0,0
24,206,6.0,0
6,324,5.0,0
38,353,5.0,0
55,7,5.619788758288390,0
3,232,5.0,0
31,266,7.251811972993800,0
31,93,5.585026652029180,0
20,258,5.0,0
11,236,5.0,0
48,301,5.0,0
29,269,5.221848749616360,0
19,186,6.318758762624410,0
40,435,5.920818753952380,0
53,296,5.494850021680090,0
62,300,5.0,0
37,236,5.0,0
24,103,5.0,0
9,153,5.0,0
26,208,5.0,0
57,161,9.00436480540245,0
63,193,5.229147988357860,0
30,290,5.0,0
37,425,5.0,0
42,381,5.0,0
20,42,5.0,0
2,214,9.036212172654440,0
44,110,5.0,0
19,419,6.721246399047170,0
59,396,5.0,0
34,29,5.0,0
63,64,5.0,0
63,423,5.568636235841010,0
47,81,5.795880017344080,0
14,267,5.0,0
9,282,5.0,0
66,188,7.6777807052660800,0
51,26,5.0,0
57,71,5.0,0
56,275,5.0,0
26,362,5.0,0
64,195,5.0,0
42,73,5.0,0
30,86,5.0,0
44,70,5.259637310505760,0
6,119,5.0,0
18,101,5.0,0
4,335,5.0,0
20,336,5.0,0
66,179,5.920818753952380,0
9,257,5.0,0
33,230,5.0,0
52,241,5.0,0
18,22,5.0,0
64,438,5.0,0
4,52,5.0,0
42,238,5.0,0
15,176,5.0,0
66,214,7.060480747381380,0
58,11,7.2839966563652000,0
64,179,5.0,0
58,295,6.0915149811213500,0
19,425,5.657577319177790,0
61,257,5.0,0
49,28,5.0,0
33,11,5.0,0
45,278,5.0,0
42,122,5.0,0
47,13,5.7447274948966900,0
9,65,5.0,0
33,90,5.0,0
26,224,5.6777807052660800,0
5,216,5.698970004336020,0
15,100,5.0,0
10,135,6.6777807052660800,0
60,233,5.508638306165730,0
30,316,5.0,0
55,8,5.920818753952380,0
9,118,5.455931955649720,0
58,154,6.920818753952380,0
21,114,9.070581074285710,0
61,309,5.0,0
36,379,5.0,0
18,391,5.0,0
65,98,5.0,0
32,120,5.0,0
59,404,5.0,0
65,395,5.853871964321760,0
4,45,5.0,0
36,208,5.958607314841780,0
36,6,5.508638306165730,0
60,184,6.080921907623930,0
22,207,8.119186407719210,0
62,182,5.0,0
60,266,5.522878745280340,0
1,307,5.0,0
25,137,5.0,0
21,208,5.0,0
29,251,5.920818753952380,0
60,93,6.036212172654440,0
49,408,5.0,0
6,277,5.0,0
5,164,5.0,0
39,11,6.180456064458130,0
20,127,5.0,0
15,377,5.0,0
2,258,5.522878745280340,0
27,279,5.0,0
14,0,5.0,0
35,270,5.0,0
4,403,5.0,0
63,173,5.0,0
35,251,5.0,0
57,229,7.3872161432802600,0
22,314,5.0,0
9,388,5.0,0
55,173,5.0,0
60,196,7.130768280269020,0
15,65,5.0,0
32,175,5.0,0
39,234,5.0,0
60,223,6.236572006437060,0
17,286,5.0,0
1,129,5.0,0
42,11,5.0,0
67,304,5.0,0
59,181,5.0,0
6,55,5.0,0
62,75,5.0,0
30,286,5.0,0
67,262,5.0,0
16,34,6.585026652029180,0
58,400,6.795880017344080,0
17,52,5.0,0
4,390,5.0,0
30,16,5.0,0
43,145,5.0,0
21,180,5.0,0
14,378,5.0,0
55,224,5.0,0
8,103,5.0,0
22,105,5.0,0
61,35,5.769551078621730,0
48,425,5.0,0
18,298,5.958607314841780,0
56,186,8.292429823902060,0
8,382,5.0,0
43,135,5.0,0
64,212,5.0,0
15,221,5.0,0
43,161,5.214670164989230,0
3,105,5.958607314841780,0
9,13,5.42021640338319,0
48,433,5.0,0
45,293,5.0,0
29,167,6.180456064458130,0
27,126,5.0,0
17,423,8.67778070526608,0
54,176,5.0,0
62,258,5.0,0
64,282,5.0,0
19,372,5.0,0
24,199,5.0,0
52,219,5.0,0
62,133,5.0,0
50,76,5.0,0
36,12,6.102372908709560,0
4,56,5.0,0
45,86,5.0,0
39,86,5.0,0
26,200,5.0,0
41,255,5.0,0
60,28,5.619788758288390,0
4,7,6.301029995663980,0
10,373,5.0,0
56,78,7.130768280269020,0
47,116,6.585026652029180,0
28,272,5.0,0
8,27,5.0,0
8,209,5.0,0
6,340,5.0,0
12,96,5.0,0
51,324,5.0,0
46,156,5.0,0
3,351,5.0,0
51,53,5.0,0
67,325,5.0,0
57,184,6.2839966563652000,0
66,433,5.0,0
28,194,6.853871964321760,0
10,274,5.795880017344080,0
48,199,5.0,0
29,131,6.4089353929735000,0
11,238,5.0,0
28,376,5.886056647693160,0
52,89,6.022276394711150,0
50,246,5.0,0
3,404,5.0,0
49,160,5.0,0
17,91,5.0,0
59,80,6.853871964321760,0
47,65,5.0,0
1,173,5.0,0
43,407,5.0,0
28,345,6.494850021680090,0
16,392,5.0,0
51,245,9.721246399047170,0
60,52,5.494850021680090,0
48,68,6.552841968657780,0
6,79,5.0,0
37,372,5.0,0
41,341,5.0,0
9,147,5.0,0
63,41,5.958607314841780,0
55,197,5.0,0
30,329,5.0,0
24,370,7.292429823902060,0
24,160,5.0,0
13,375,5.0,0
46,429,5.0,0
47,370,7.356547323513810,0
13,191,5.0,0
63,241,6.585026652029180,0
60,398,5.795880017344080,0
24,242,5.0,0
9,383,5.0,0
1,357,7.886056647693160,0
43,437,5.7447274948966900,0
42,131,5.0,0
63,265,5.0,0
31,252,7.920818753952380,0
62,371,5.0,0
48,307,5.0,0
10,306,5.0,0
5,395,5.769551078621730,0
29,436,5.0,0
52,261,5.0,0
12,278,5.0,0
19,8,7.318758762624410,0
23,18,5.619788758288390,0
35,12,5.0,0
40,175,8.481486060122110,0
64,112,5.0,0
25,318,5.0,0
14,112,9.721246399047170,0
65,393,5.0,0
7,152,5.0,0
40,77,5.0,0
62,393,5.0,0
11,86,5.0,0
9,222,5.0,0
56,197,6.657577319177790,0
7,290,5.0,0
21,174,5.0,0
31,144,5.0,0
16,145,6.292429823902060,0
58,224,6.494850021680090,0
6,201,5.7447274948966900,0
10,407,5.0,0
7,287,5.0,0
28,233,5.638272163982410,0
0,138,5.0,0
56,226,8.05551732784983,0
13,369,5.0,0
65,308,5.0,0
25,153,5.0,0
59,344,5.0,0
43,295,5.0,0
15,281,5.0,0
31,228,7.638272163982410,0
66,345,6.142667503568730,0
63,268,5.0,0
52,169,5.0,0
23,167,5.0,0
9,354,5.0,0
7,86,5.508638306165730,0
42,408,5.0,0
34,109,5.0,0
61,312,5.0,0
40,381,5.0,0
32,27,5.795880017344080,0
33,268,5.0,0
28,152,5.443697499232710,0
26,437,5.0,0
15,49,5.366531544420410,0
17,417,5.0,0
18,255,5.0,0
32,254,5.0,0
6,138,5.0,0
44,376,5.0,0
12,295,5.0,0
53,326,5.0,0
6,50,5.0,0
48,330,5.494850021680090,0
50,115,5.886056647693160,0
32,4,5.0,0
44,245,5.0,0
61,231,5.0,0
6,53,5.0,0
27,97,5.0,0
18,264,5.721246399047170,0
14,191,5.920818753952380,0
30,124,5.0,0
28,132,5.0,0
43,90,5.0,0
36,116,6.2076083105017500,0
43,117,5.0,0
47,82,5.721246399047170,0
15,313,5.0,0
32,76,5.0,0
6,273,5.0,0
35,127,5.6020599913279600,0
3,159,5.0,0
24,96,5.522878745280340,0
15,46,6.251811972993800,0
18,400,6.823908740944320,0
19,55,5.0,0
52,82,5.0,0
30,353,5.0,0
43,273,6.721246399047170,0
22,71,6.886056647693160,0
15,322,5.0,0
66,391,7.431798275933010,0
56,358,7.920818753952380,0
1,34,5.0,0
56,352,8.455931955649720,0
50,332,5.0,0
33,73,5.0,0
53,213,6.443697499232710,0
36,74,5.0,0
23,118,5.0,0
14,178,5.0,0
7,12,5.0,0
55,84,7.552841968657780,0
37,103,5.0,0
57,191,7.180456064458130,0
0,398,5.0,0
30,342,5.0,0
48,126,5.0,0
35,8,6.853871964321760,0
29,421,5.638272163982410,0
35,301,5.0,0
0,115,5.0,0
31,303,6.142667503568730,0
8,194,5.0,0
9,159,6.6777807052660800,0
2,271,5.6777807052660800,0
28,314,5.0,0
55,127,5.721246399047170,0
61,358,5.0,0
10,178,5.494850021680090,0
53,384,5.568636235841010,0
11,434,5.0,0
12,437,6.026872146400300,0
27,276,5.0,0
65,306,5.0,0
20,325,5.0,0
46,142,5.0,0
51,151,5.0,0
8,366,5.0,0
18,19,5.0,0
58,141,6.366531544420410,0
3,228,5.0,0
41,261,5.0,0
16,301,5.0,0
40,316,5.0,0
37,439,6.698970004336020,0
8,343,5.0,0
9,292,5.0,0
31,260,8.619788758288390,0
27,439,5.0,0
62,40,5.0,0
49,273,5.0,0
44,221,5.6020599913279600,0
54,25,5.0,0
67,14,5.0,0
67,232,5.0,0
4,70,5.0,0
55,36,6.6777807052660800,0
39,66,5.0,0
53,405,5.0,0
26,336,5.0,0
38,360,5.0,0
19,103,5.0655015487564300,0
29,236,5.0,0
56,288,9.244125144327510,0
47,49,6.721246399047170,0
24,388,5.0,0
13,180,5.0,0
30,189,5.0,0
23,15,5.0,0
30,192,5.0,0
16,212,6.161150909262740,0
47,88,5.0,0
61,138,5.0,0
53,318,5.0,0
50,157,5.0,0
7,70,5.455931955649720,0
26,48,5.0,0
48,6,5.0,0
3,18,5.0,0
43,123,5.0,0
32,393,5.0,0
51,69,5.0,0
59,77,5.0,0
61,128,5.0,0
65,77,5.0,0
37,119,5.1487416512809200,0
53,253,5.585026652029180,0
64,66,5.0,0
41,361,6.4089353929735000,0
60,169,7.0,0
29,198,6.638272163982410,0
40,138,5.0,0
9,191,5.0,0
12,337,5.0,0
14,251,5.7447274948966900,0
45,160,6.0915149811213500,0
33,421,5.0,0
67,188,5.0,0
10,259,5.200659450546420,0
16,424,6.6777807052660800,0
51,349,5.0,0
29,241,6.920818753952380,0
64,157,5.0,0
37,92,5.0,0
25,416,5.0,0
49,125,5.0,0
8,263,5.0,0
52,53,5.0,0
20,328,5.0,0
34,361,5.0,0
59,410,5.0,0
17,369,5.0,0
1,398,5.0,0
36,351,7.259637310505760,0
17,137,10.4089353929735,0
2,32,5.0,0
17,409,5.0,0
12,138,5.0,0
10,230,5.0,0
36,225,5.0,0
67,350,5.0,0
52,172,5.0,0
16,364,5.6777807052660800,0
26,229,5.0,0
55,262,5.0,0
11,68,5.0,0
33,139,5.0,0
26,62,5.0,0
48,138,5.0,0
27,128,5.0,0
52,211,5.0,0
40,301,5.0,0
5,132,5.0,0
11,431,5.0,0
66,228,6.823908740944320,0
61,390,5.0,0
24,109,5.0,0
55,163,7.958607314841780,0
64,102,5.958607314841780,0
16,97,5.0,0
25,238,5.0,0
59,406,5.0,0
23,416,5.0,0
7,213,5.0,0
11,346,5.0,0
62,47,5.0,0
25,188,5.0,0
32,105,5.0,0
7,294,5.0,0
23,269,5.0,0
12,172,5.0,0
33,407,5.0,0
28,198,5.853871964321760,0
36,93,5.0,0
11,18,5.0,0
22,290,5.3872161432802600,0
29,79,6.187086643357140,0
0,441,5.0,0
53,308,5.0,0
47,155,6.455931955649720,0
44,38,5.221848749616360,0
42,305,5.0,0
42,215,5.0,0
47,144,5.0,0
16,159,6.301029995663980,0
49,285,5.0,0
32,11,5.356547323513810,0
11,388,5.0,0
59,383,5.0,0
32,293,5.0,0
4,178,5.0,0
62,114,5.0,0
15,219,5.0,0
56,142,5.136677139879540,0
36,117,5.769551078621730,0
13,413,5.0,0
26,171,5.0,0
43,26,5.0,0
50,26,5.0,0
19,404,6.886056647693160,0
40,171,5.0,0
64,216,5.0,0
60,345,5.0,0
12,322,5.0,0
10,415,7.5376020021010400,0
23,175,5.0,0
52,104,5.0,0
64,278,5.0,0
48,377,5.0,0
66,431,5.0,0
63,333,5.301029995663980,0
14,269,5.0,0
23,177,5.0,0
30,116,8.657577319177790,0
57,327,7.4089353929735000,0
0,69,5.0,0
33,245,5.0,0
52,242,5.0,0
30,23,5.0,0
38,271,5.0,0
40,365,5.0,0
8,85,5.0,0
65,341,5.0,0
9,384,5.0,0
45,324,5.0,0
67,69,5.0,0
19,282,5.0,0
63,27,5.508638306165730,0
43,305,5.0,0
6,83,5.0,0
43,197,5.0,0
38,364,5.0,0
56,313,6.3979400086720400,0
58,150,8.318758762624410,0
10,441,5.795880017344080,0
16,379,5.0,0
41,305,5.619788758288390,0
54,109,5.0,0
3,365,5.0,0
21,138,5.5376020021010400,0
58,8,7.022276394711150,0
35,54,5.0,0
8,58,5.0,0
45,335,5.0,0
27,201,7.823908740944320,0
48,63,5.0,0
66,114,5.0,0
47,312,5.0,0
18,243,5.0,0
37,229,5.0,0
55,379,5.1249387366083,0
39,378,5.0,0
31,296,5.0,0
7,370,7.920818753952380,0
21,338,5.721246399047170,0
53,134,5.0,0
22,328,7.552841968657780,0
54,269,5.0,0
54,21,5.0,0
19,342,5.0,0
29,176,6.366531544420410,0
48,119,5.0,0
7,5,5.619788758288390,0
2,93,5.0,0
54,388,5.0,0
45,131,5.0,0
43,56,5.0,0
67,299,5.0,0
42,440,5.0,0
32,159,8.568636235841010,0
51,39,5.0,0
12,256,5.0,0
47,46,6.443697499232710,0
49,368,5.0,0
26,288,5.0,0
39,285,7.443697499232710,0
66,259,5.0,0
31,120,8.10790539730952,0
0,433,5.0,0
47,12,6.721246399047170,0
63,108,5.0,0
37,9,6.173925197299170,0
25,171,5.0,0
19,427,7.259637310505760,0
7,364,5.0,0
63,153,6.0655015487564300,0
36,88,5.0,0
52,223,5.0,0
7,113,5.721246399047170,0
60,206,5.823908740944320,0
24,73,5.0,0
66,168,5.0,0
23,328,5.0,0
24,128,5.0,0
67,193,5.0,0
47,168,6.6020599913279600,0
55,89,5.0,0
51,13,5.0,0
33,432,5.0,0
37,213,5.0,0
22,229,8.397940008672040,0
36,418,6.508638306165730,0
19,53,5.0,0
13,250,5.0,0
32,181,5.0,0
11,15,6.1938200260161100,0
32,47,5.0,0
58,91,5.0,0
60,54,5.167491087293760,0
29,386,7.886056647693160,0
47,244,6.769551078621730,0
22,372,5.0,0
35,204,8.102372908709560,0
18,262,5.0,0
9,281,5.0,0
67,109,5.0,0
5,86,5.508638306165730,0
34,3,5.0,0
27,396,5.0,0
20,279,5.0,0
18,405,5.0,0
46,52,5.167491087293760,0
31,134,5.161150909262740,0
56,297,8.0,0
55,91,5.0,0
11,373,5.0,0
37,71,5.0,0
23,51,5.0,0
17,378,5.0,0
0,103,5.0,0
37,268,5.0,0
16,117,5.0,0
37,82,5.0,0
41,212,5.0,0
29,6,7.769551078621730,0
21,73,5.0,0
11,11,5.769551078621730,0
51,113,5.0,0
37,430,7.585026652029180,0
43,425,5.0,0
27,194,5.0,0
37,349,5.0,0
27,426,5.0,0
23,17,5.0,0
3,4,5.0,0
56,434,7.886056647693160,0
55,156,5.107905397309520,0
43,34,5.0,0
38,15,5.0,0
10,424,5.187086643357140,0
35,82,5.0,0
47,149,6.886056647693160,0
39,116,5.0,0
42,367,5.0,0
23,183,5.0,0
46,100,5.0,0
6,239,5.0,0
11,425,5.0,0
40,367,5.0,0
8,150,5.0,0
16,174,5.0,0
8,302,5.0,0
30,99,5.0,0
39,304,5.0,0
39,367,5.0,0
50,15,5.0,0
54,364,5.0,0
27,140,5.0,0
9,406,5.0,0
56,349,6.443697499232710,0
22,35,7.366531544420410,0
23,275,5.0,0
6,202,5.376750709602100,0
48,147,5.0,0
37,28,5.0,0
22,60,5.0,0
12,420,5.0,0
24,38,5.0,0
56,407,5.698970004336020,0
11,127,5.0,0
37,428,5.0,0
24,52,5.0,0
35,377,5.0,0
2,378,5.0,0
62,252,5.0,0
50,261,5.0,0
51,152,5.0,0
37,286,5.0,0
16,6,7.481486060122110,0
42,105,5.0,0
21,335,5.0,0
37,114,5.638272163982410,0
44,250,5.173925197299170,0
37,413,5.0,0
55,260,5.0,0
41,28,6.508638306165730,0
19,113,5.0,0
24,266,5.0,0
28,99,5.080921907623930,0
46,312,8.920818753952380,0
42,331,5.0,0
39,337,5.0,0
9,239,5.0,0
42,178,6.508638306165730,0
13,303,5.0,0
58,18,7.013228265733760,0
50,221,5.0,0
29,396,6.200659450546420,0
54,433,5.0,0
40,48,5.050609993355090,0
17,382,5.0,0
21,368,5.0,0
10,419,5.468521082957750,0
25,62,5.0,0
39,302,5.0,0
15,284,5.0,0
44,219,5.0,0
29,373,5.468521082957750,0
38,56,5.0,0
44,274,5.0,0
61,350,5.0,0
63,396,5.0,0
8,113,5.0,0
54,27,5.0,0
36,60,5.0,0
58,279,5.638272163982410,0
27,368,5.0,0
5,98,5.0,0
19,69,5.0,0
24,434,5.0,0
1,55,5.0,0
26,263,5.0,0
41,4,5.0,0
60,149,5.958607314841780,0
53,436,5.0,0
46,335,5.0,0
12,259,5.0,0
4,294,5.0,0
50,250,5.0,0
29,114,5.568636235841010,0
25,125,5.0,0
25,105,5.0,0
6,92,5.0,0
17,16,9.769551078621730,0
63,48,5.0,0
46,261,5.0,0
43,338,5.455931955649720,0
35,7,6.853871964321760,0
11,421,5.0,0
42,206,5.0,0
44,152,6.6777807052660800,0
53,209,6.366531544420410,0
7,362,5.0,0
42,407,5.0,0
22,85,6.920818753952380,0
46,62,5.0,0
21,75,5.0,0
56,122,6.537602002101040,0
55,394,5.0,0
31,406,6.537602002101040,0
57,90,6.031517051446070,0
36,13,5.0,0
64,3,5.0,0
36,266,5.0,0
42,256,5.7447274948966900,0
27,420,5.0,0
26,84,5.0,0
42,224,5.0,0
67,76,5.0,0
21,210,6.6020599913279600,0
13,96,5.0,0
41,395,6.075720713938120,0
48,42,5.0,0
11,252,5.0,0
11,242,5.0,0
24,424,5.0,0
31,372,6.017728766960430,0
59,41,5.0,0
11,344,5.0,0
57,228,6.853871964321760,0
38,346,5.619788758288390,0
6,250,5.0,0
13,370,5.0,0
38,389,5.3872161432802600,0
47,432,6.050609993355090,0
12,376,5.0,0
46,424,5.0,0
44,102,6.130768280269020,0
60,40,5.0,0
17,124,5.0,0
43,219,5.0,0
36,160,7.823908740944320,0
3,150,5.0,0
19,350,5.0,0
49,369,5.0,0
64,343,5.0,0
49,302,5.0,0
20,234,5.0,0
6,346,5.0,0
12,21,5.0,0
23,410,5.0,0
58,73,5.0,0
42,298,5.0,0
39,330,5.0,0
47,114,5.0,0
19,109,5.0,0
57,252,7.638272163982410,0
10,153,5.0,0
57,119,5.0,0
62,354,5.0,0
19,93,5.585026652029180,0
63,421,5.0,0
14,370,5.0,0
51,82,5.0,0
18,117,5.0,0
64,72,5.0,0
46,81,6.221848749616360,0
9,359,5.0,0
18,125,5.008773924307510,0
21,297,5.7447274948966900,0
13,188,5.0,0
37,67,5.0,0
2,341,5.0,0
6,349,5.130768280269020,0
16,304,5.0,0
55,167,5.075720713938120,0
61,30,5.0,0
65,184,5.0,0
1,177,5.0,0
63,212,5.585026652029180,0
43,402,5.0,0
46,214,5.0,0
52,334,5.0,0
50,399,5.0,0
11,243,5.0,0
10,362,5.0,0
44,432,5.0,0
22,426,8.698970004336020,0
38,200,5.0,0
55,217,5.0,0
67,138,5.0,0
28,161,8.3767507096021,0
10,435,5.0,0
37,42,5.0,0
22,142,5.0,0
62,384,5.0,0
61,162,8.823908740944320,0
18,341,5.0,0
46,55,5.0,0
21,247,5.958607314841780,0
21,27,5.920818753952380,0
41,25,5.0,0
13,38,5.0,0
26,355,5.0,0
26,146,5.0,0
27,136,5.0,0
18,320,5.0,0
32,281,5.0,0
7,150,5.721246399047170,0
38,319,5.0,0
15,232,5.0,0
4,204,5.0,0
20,360,5.0,0
20,94,5.0,0
35,87,5.0,0
65,313,5.0,0
51,259,5.0,0
19,329,5.0,0
7,207,5.0,0
34,345,5.0,0
46,99,5.0,0
1,131,5.431798275933010,0
4,256,5.0,0
45,88,5.0,0
28,388,5.0,0
20,411,6.292429823902060,0
37,164,5.42021640338319,0
22,250,7.142667503568730,0
0,19,5.0,0
31,334,7.259637310505760,0
39,223,5.0,0
67,53,5.0,0
48,195,5.0,0
43,38,5.0,0
65,349,5.0,0
22,310,5.0,0
2,263,5.0,0
20,300,5.0,0
30,150,5.0,0
12,317,5.0,0
63,202,5.721246399047170,0
48,242,5.4089353929735000,0
32,314,5.0,0
11,240,5.0,0
36,187,5.0,0
46,64,5.0,0
37,362,5.0,0
54,430,5.0,0
1,81,5.0,0
22,149,7.431798275933010,0
10,138,5.6020599913279600,0
44,62,5.0,0
57,137,6.0,0
60,339,5.0,0
11,59,5.0,0
35,403,5.0,0
59,260,5.0,0
60,131,5.187086643357140,0
13,91,5.0,0
57,391,6.6020599913279600,0
13,441,5.0,0
48,438,5.0,0
3,71,5.0,0
41,435,5.0,0
24,441,5.0,0
53,126,5.0,0
19,43,5.0,0
49,164,5.0,0
61,256,5.0,0
17,121,6.958607314841780,0
19,153,6.638272163982410,0
13,46,5.0,0
24,174,7.0,0
59,11,5.107905397309520,0
22,346,5.1249387366083,0
2,232,5.0,0
65,63,5.0,0
40,178,5.0,0
10,134,8.075720713938120,0
53,267,7.494850021680090,0
38,303,5.0,0
64,30,5.0,0
59,47,6.136677139879540,0
3,315,5.0,0
60,100,6.060480747381380,0
27,29,5.0,0
51,379,5.0,0
3,223,5.0,0
46,342,5.0,0
36,230,5.0,0
9,272,5.0,0
44,400,5.795880017344080,0
58,24,5.0,0
59,82,5.1487416512809200,0
41,346,5.0,0
7,322,5.0,0
54,138,5.0,0
35,266,5.0,0
39,426,5.0,0
26,398,5.0,0
21,418,5.0,0
42,248,5.0,0
12,115,5.0,0
9,15,5.259637310505760,0
18,180,5.0,0
62,305,5.0,0
3,312,5.0,0
0,356,5.0,0
32,119,5.0,0
37,23,5.0,0
20,18,5.0,0
45,416,5.0,0
18,363,5.236572006437060,0
39,201,7.337242168318430,0
62,277,5.0,0
22,385,6.1938200260161100,0
36,322,6.251811972993800,0
25,30,5.0,0
32,202,5.958607314841780,0
10,76,5.0,0
26,182,5.0,0
33,134,5.0,0
6,101,5.0,0
21,357,5.0,0
25,80,5.0,0
38,39,7.070581074285710,0
10,20,5.0,0
14,32,5.0,0
36,57,5.0,0
23,33,5.0,0
57,48,5.958607314841780,0
29,85,5.356547323513810,0
1,376,5.0,0
5,356,5.0,0
23,313,5.0,0
25,124,5.0,0
15,194,5.0,0
37,415,5.0,0
1,35,5.0,0
22,317,5.0,0
1,252,6.3872161432802600,0
20,288,5.0,0
16,130,7.187086643357140,0
53,440,5.0,0
7,406,5.0,0
11,118,5.0,0
0,317,5.0,0
50,347,5.0,0
24,60,5.0,0
3,270,5.0,0
9,8,5.657577319177790,0
40,208,5.0,0
34,201,5.0,0
56,104,5.823908740944320,0
58,41,9.070581074285710,0
19,384,5.0,0
53,128,5.0,0
39,121,5.0,0
29,97,5.7447274948966900,0
24,272,5.0,0
37,283,5.0,0
39,81,5.0,0
21,234,5.0,0
59,46,5.301029995663980,0
14,344,5.0,0
50,120,5.886056647693160,0
58,52,5.522878745280340,0
18,313,5.0,0
1,22,5.0,0
63,369,5.0,0
29,21,5.0,0
22,373,5.0,0
3,11,5.0,0
6,423,5.619788758288390,0
43,75,5.0,0
3,126,5.0,0
1,264,6.0,0
64,273,5.0,0
63,21,5.022276394711150,0
33,277,5.0,0
64,344,5.0,0
47,51,6.698970004336020,0
48,206,5.008773924307510,0
31,408,6.267606240177030,0
67,264,5.0,0
49,432,5.0,0
27,61,5.0,0
41,243,5.0,0
7,279,5.214670164989230,0
58,156,6.920818753952380,0
4,176,5.0,0
15,214,7.638272163982410,0
56,65,8.154901959985740,0
56,436,6.508638306165730,0
51,439,5.1938200260161100,0
47,107,7.494850021680090,0
17,259,5.0,0
57,132,5.0,0
43,17,5.0,0
37,435,5.0,0
39,76,5.0,0
0,111,7.200659450546420,0
38,62,5.0,0
14,195,5.0,0
52,175,5.0,0
64,220,5.0,0
9,137,7.301029995663980,0
17,192,5.0,0
31,238,8.4089353929735,0
20,318,5.0,0
33,360,5.0,0
40,369,5.0,0
60,98,8.920818753952380,0
58,203,7.585026652029180,0
41,44,5.0,0
54,251,5.0,0
59,116,5.886056647693160,0
18,3,5.0,0
67,327,5.0,0
11,36,5.0,0
40,5,8.602059991327960,0
22,425,5.0,0
5,381,5.0,0
16,9,7.013228265733760,0
7,52,5.0,0
55,211,5.795880017344080,0
63,270,5.0,0
44,2,5.0,0
13,60,5.0,0
27,402,5.0,0
20,340,8.050609993355090,0
47,86,5.0,0
30,319,5.0,0
51,437,5.0,0
27,215,5.0,0
16,401,5.920818753952380,0
18,84,5.0915149811213500,0
64,74,5.0,0
2,230,5.0,0
8,409,5.0,0
58,418,6.886056647693160,0
5,197,5.795880017344080,0
53,217,5.376750709602100,0
5,145,6.2076083105017500,0
49,288,5.0,0
46,381,5.0,0
42,300,5.0,0
56,256,7.2441251443275100,0
13,319,5.0,0
62,199,5.0,0
33,162,5.0,0
60,122,5.0,0
64,268,5.0,0
40,418,5.0,0
15,297,9.387216143280270,0
63,36,8.200659450546420,0
24,368,5.0,0
12,108,5.0,0
40,81,5.0,0
48,17,5.0,0
61,361,5.0,0
18,350,5.0,0
30,228,5.0,0
55,115,5.0,0
38,427,5.0,0
54,178,5.0,0
15,8,7.251811972993800,0
7,144,5.0,0
48,19,5.0,0
1,240,5.0,0
58,71,5.0,0
5,25,5.0,0
8,108,5.0,0
14,110,5.0,0
45,118,5.0,0
44,240,6.0915149811213500,0
65,146,5.0,0
47,337,8.292429823902060,0
7,325,5.0,0
8,169,5.0,0
51,154,5.0,0
49,27,5.823908740944320,0
7,264,5.0,0
31,90,5.0,0
0,314,5.0,0
64,361,5.0,0
13,302,5.0,0
11,97,5.0,0
35,183,5.0,0
14,313,5.0,0
34,317,5.0,0
43,343,5.0,0
32,316,5.0,0
13,239,5.0,0
45,303,5.0,0
66,37,7.920818753952380,0
41,406,5.0,0
15,223,5.0,0
54,86,5.0,0
27,22,5.0,0
62,338,5.0,0
29,225,5.795880017344080,0
9,275,5.0,0
60,35,6.309803919971490,0
15,350,5.0,0
36,199,5.443697499232710,0
60,406,5.494850021680090,0
41,385,5.6020599913279600,0
64,257,5.0,0
23,364,5.0,0
22,304,5.0,0
22,280,6.327902142064280,0
20,294,5.275724130399210,0
4,25,5.0,0
20,285,5.0,0
55,225,5.0,0
13,116,5.0,0
11,227,5.0,0
40,329,5.0,0
65,330,5.0,0
34,188,5.0,0
43,153,5.0,0
63,368,6.214670164989230,0
19,52,5.0,0
38,112,8.958607314841780,0
15,393,5.0,0
2,65,6.346787486224660,0
37,411,5.0,0
22,178,7.366531544420410,0
47,53,5.958607314841780,0
46,173,5.0,0
7,359,5.657577319177790,0
64,94,5.0,0
8,258,5.0,0
25,314,5.0,0
58,414,8.744727494896690,0
56,182,7.795880017344080,0
27,147,5.0,0
5,282,5.0,0
47,231,5.0,0
47,209,5.3979400086720400,0
56,261,6.920818753952380,0
26,188,5.0,0
54,396,5.0,0
64,401,5.0,0
53,35,6.468521082957750,0
60,158,7.886056647693160,0
20,68,5.0,0
19,251,5.0,0
65,42,5.0,0
64,199,5.0,0
52,124,5.0,0
5,175,5.0,0
13,374,5.0,0
10,381,5.0,0
56,225,5.920818753952380,0
23,305,5.0,0
43,231,5.0,0
62,120,5.0,0
64,185,5.0,0
61,46,5.0,0
18,310,5.0,0
16,266,5.0,0
29,3,6.275724130399210,0
3,101,5.958607314841780,0
44,56,5.0,0
53,379,5.0,0
1,417,5.638272163982410,0
3,188,5.0,0
2,103,7.958607314841780,0
13,142,5.0,0
64,123,5.0,0
62,364,5.0,0
23,195,5.0,0
9,61,5.920818753952380,0
55,311,5.0,0
2,19,5.0,0
45,263,5.0,0
56,45,5.0,0
65,336,5.0,0
14,279,5.0,0
3,382,5.0,0
58,82,6.6777807052660800,0
25,217,5.0,0
8,333,5.0,0
12,338,5.0,0
59,236,5.0,0
1,48,5.0,0
38,314,5.0,0
38,380,5.0,0
46,287,5.0,0
10,119,7.638272163982410,0
20,271,5.0,0
8,205,5.2441251443275100,0
58,80,7.920818753952380,0
23,92,5.0,0
46,189,5.0,0
64,426,5.0,0
26,11,5.0,0
58,152,6.6020599913279600,0
44,65,5.0,0
43,6,6.292429823902060,0
39,143,5.0,0
14,101,5.0,0
30,261,5.0,0
29,172,5.301029995663980,0
2,351,5.0,0
12,193,5.0,0
44,165,6.619788758288390,0
60,422,6.346787486224660,0
39,357,5.0,0
61,223,5.0,0
17,138,5.853871964321760,0
47,407,5.585026652029180,0
43,346,5.0,0
7,336,9.09151498112135,0
32,299,5.0,0
23,190,5.0,0
51,255,5.0,0
12,219,5.0,0
42,97,5.568636235841010,0
61,147,5.0,0
26,347,5.0,0
39,343,5.0,0
17,25,5.0,0
25,61,5.0,0
62,68,5.0,0
33,252,5.0,0
40,61,5.0,0
59,323,5.0,0
14,209,5.0,0
30,299,5.0,0
34,129,5.853871964321760,0
5,301,5.481486060122110,0
43,40,5.0,0
4,357,5.0,0
42,246,5.0,0
42,387,5.0,0
35,374,5.0,0
61,132,5.0,0
32,204,8.721246399047170,0
19,253,5.00436480540245,0
49,97,7.013228265733760,0
67,220,5.0,0
15,421,5.0,0
63,89,5.0,0
8,158,5.0,0
22,257,6.481486060122110,0
41,300,5.0,0
3,109,6.920818753952380,0
53,60,5.0,0
57,54,5.853871964321760,0
4,343,5.0,0
47,322,5.0,0
16,250,5.0,0
0,370,5.494850021680090,0
47,250,6.638272163982410,0
2,238,5.0,0
23,303,5.0,0
5,100,5.0,0
53,303,5.958607314841780,0
49,148,5.0,0
3,64,5.481486060122110,0
46,153,5.0,0
39,335,5.0,0
60,382,5.5376020021010400,0
49,124,5.0,0
4,128,5.0,0
58,42,5.4089353929735000,0
66,275,5.0,0
8,0,5.0,0
64,135,5.0,0
37,366,5.0,0
2,422,6.638272163982410,0
37,90,5.0,0
8,183,5.0,0
21,402,5.0,0
26,31,5.0,0
8,64,5.0,0
2,418,6.721246399047170,0
1,275,5.0,0
33,436,5.0,0
48,366,5.0,0
6,298,9.244125144327510,0
22,92,5.0,0
48,150,5.0,0
28,323,6.2076083105017500,0
2,367,6.4089353929735000,0
22,369,5.0,0
43,71,5.721246399047170,0
65,22,5.346787486224660,0
12,382,5.0,0
36,310,5.0,0
14,339,5.0,0
59,417,5.0,0
52,439,5.0,0
31,258,8.522878745280340,0
2,414,7.221848749616360,0
32,61,5.886056647693160,0
34,440,5.0,0
14,380,5.0,0
12,329,5.0,0
6,357,5.886056647693160,0
38,117,9.031517051446060,0
51,210,5.0,0
6,212,5.0,0
5,14,5.468521082957750,0
20,240,5.0,0
29,205,7.638272163982410,0
22,101,5.0,0
59,304,5.0,0
1,153,5.0,0
67,208,5.0,0
11,377,5.0,0
52,259,5.0,0
36,308,5.0,0
26,259,5.0,0
40,194,5.0,0
25,70,5.0,0
4,366,5.0,0
30,123,6.0655015487564300,0
8,72,5.721246399047170,0
15,118,6.075720713938120,0
32,162,8.886056647693160,0
50,227,5.0,0
40,168,8.086186147616280,0
40,209,5.0,0
17,44,6.301029995663980,0
43,373,5.0,0
53,169,6.327902142064280,0
57,46,5.337242168318430,0
65,187,5.0,0
47,202,8.187086643357140,0
3,98,5.0,0
25,53,5.0,0
42,245,5.0,0
50,92,5.0,0
67,43,5.0,0
7,43,5.0,0
34,5,5.0,0
50,299,5.0,0
42,293,5.0,0
61,338,5.119186407719210,0
31,88,5.0,0
19,302,5.0,0
49,290,5.0,0
12,220,5.0,0
32,6,5.0,0
6,322,5.0,0
25,282,5.0,0
50,122,5.698970004336020,0
63,266,7.366531544420410,0
61,242,5.0,0
6,159,6.481486060122110,0
57,399,5.0,0
35,180,5.0,0
5,160,5.494850021680090,0
5,373,5.638272163982410,0
41,329,5.0,0
2,266,6.481486060122110,0
27,195,5.0,0
8,397,5.187086643357140,0
48,367,5.0,0
53,145,5.0,0
53,146,5.0,0
23,191,5.0,0
29,57,5.0,0
13,121,5.0,0
67,168,5.0,0
34,350,5.0,0
15,249,5.0,0
20,178,5.0,0
57,112,5.0,0
25,397,5.0,0
13,132,5.0,0
56,134,5.6777807052660800,0
66,332,6.130768280269020,0
28,439,7.4089353929735000,0
26,304,5.431798275933010,0
47,188,5.337242168318430,0
27,243,5.721246399047170,0
28,85,5.0,0
62,372,5.0,0
34,88,5.0,0
63,310,5.0,0
53,286,5.0,0
56,25,7.356547323513810,0
35,100,5.0,0
39,51,5.0,0
36,49,5.0,0
37,348,5.0,0
53,434,5.0,0
28,71,5.0,0
58,243,7.00436480540245,0
19,114,5.0,0
12,391,5.0,0
55,421,5.0,0
5,221,5.0,0
46,436,5.0,0
9,254,5.0,0
38,45,5.0,0
53,353,5.0,0
24,334,8.494850021680090,0
57,291,5.638272163982410,0
31,153,6.236572006437060,0
39,407,5.0,0
9,312,5.0,0
31,139,5.259637310505760,0
39,132,7.431798275933010,0
7,137,5.0,0
48,106,5.0,0
22,51,5.275724130399210,0
47,17,5.318758762624410,0
28,156,6.657577319177790,0
64,274,5.0,0
11,190,5.0,0
8,114,5.0,0
3,441,5.0,0
18,305,5.0,0
3,289,5.0,0
7,286,5.0,0
18,196,5.0,0
38,150,6.229147988357860,0
40,50,5.0,0
65,303,5.0,0
53,295,5.0,0
31,326,5.0,0
48,153,5.0,0
33,300,5.0,0
57,368,5.0,0
50,71,5.0,0
53,390,7.2076083105017500,0
45,356,6.568636235841010,0
25,212,5.0,0
15,1,7.187086643357140,0
3,313,5.0,0
20,373,5.795880017344080,0
20,322,6.698970004336020,0
67,180,5.0,0
25,216,5.0,0
36,157,6.346787486224660,0
52,64,6.022276394711150,0
66,213,7.7447274948966900,0
30,270,5.0,0
39,114,5.0,0
64,40,5.0,0
42,409,5.0,0
63,374,5.0,0
22,273,5.0,0
59,18,5.0,0
27,114,5.0,0
50,235,5.0,0
17,193,5.0,0
26,315,5.0,0
13,411,5.0,0
24,366,6.552841968657780,0
10,8,10.431798275933000,0
29,78,7.022276394711150,0
30,119,8.55284196865778,0
29,238,6.070581074285710,0
67,282,5.0,0
28,182,5.0,0
8,135,5.0,0
46,285,5.0,0
32,361,5.0,0
7,418,5.0,0
1,391,5.0,0
65,197,5.0,0
9,213,5.0,0
14,414,5.0,0
38,373,5.130768280269020,0
48,279,5.0,0
43,312,5.0,0
46,433,5.0,0
19,357,7.568636235841010,0
60,255,5.508638306165730,0
15,348,5.0,0
46,321,5.0,0
61,306,5.0,0
41,104,6.173925197299170,0
28,429,6.045757490560680,0
62,41,5.0,0
34,366,5.0,0
23,27,5.0,0
4,81,5.0,0
39,376,5.0,0
5,28,5.0,0
11,397,5.0,0
41,183,5.0,0
54,321,5.0,0
29,159,7.886056647693160,0
10,148,6.2441251443275100,0
63,68,5.0,0
59,274,5.0,0
39,338,5.0,0
8,224,5.0,0
60,295,6.455931955649720,0
24,410,5.0,0
0,119,5.0,0
61,269,5.0,0
8,275,5.0,0
62,119,5.0,0
22,48,5.0,0
25,320,5.0,0
65,13,8.045757490560680,0
26,199,5.494850021680090,0
46,277,5.0,0
49,57,5.0,0
9,426,5.0,0
61,193,5.0,0
14,18,5.0,0
57,88,7.823908740944320,0
35,272,5.0,0
1,72,5.0,0
0,271,5.0,0
66,136,5.958607314841780,0
18,372,5.0,0
18,402,5.0,0
16,411,5.0,0
67,307,5.0,0
47,314,5.0,0
19,381,5.823908740944320,0
61,167,5.0,0
19,335,5.0,0
26,266,5.721246399047170,0
43,150,5.443697499232710,0
21,352,5.0,0
34,299,5.0,0
61,283,5.0,0
2,56,5.0,0
49,92,5.0,0
19,265,5.455931955649720,0
61,372,5.0,0
12,405,5.0,0
50,294,5.0,0
35,294,5.0,0
3,19,5.0,0
50,354,6.008773924307510,0
43,259,5.0,0
21,408,5.0,0
4,34,5.0,0
43,294,5.0,0
11,55,5.0,0
54,49,5.0,0
40,32,5.0,0
32,252,5.0,0
24,51,5.6020599913279600,0
20,242,5.0,0
18,50,5.0,0
62,246,5.0,0
21,230,5.0,0
45,195,5.769551078621730,0
18,55,5.0,0
1,427,5.0,0
9,399,5.0,0
42,63,5.0,0
46,169,5.0,0
24,352,5.0,0
14,395,5.0,0
66,207,7.5376020021010400,0
4,274,5.0,0
37,237,5.0,0
20,12,5.0,0
65,109,5.0,0
60,193,7.7447274948966900,0
28,154,5.795880017344080,0
44,58,5.0,0
67,190,5.0,0
63,147,5.251811972993800,0
59,55,5.0,0
21,19,5.0,0
53,427,7.086186147616280,0
65,218,6.958607314841780,0
45,144,5.0,0
24,402,5.853871964321760,0
60,283,5.0,0
38,332,5.0,0
42,173,5.0,0
15,126,5.0,0
51,56,5.0,0
3,398,5.0,0
62,45,5.0,0
0,47,5.0,0
32,28,5.0,0
4,2,5.5376020021010400,0
53,131,5.823908740944320,0
47,362,5.0,0
14,61,5.0,0
53,91,6.102372908709560,0
46,337,5.0,0
2,253,5.0,0
6,332,5.0,0
37,231,5.0,0
16,417,7.022276394711150,0
58,208,5.795880017344080,0
16,439,6.008773924307510,0
47,301,5.0,0
29,422,6.958607314841780,0
6,364,5.853871964321760,0
31,197,7.958607314841780,0
46,136,5.0,0
17,19,6.6777807052660800,0
54,278,5.0,0
8,140,5.0,0
37,78,5.0,0
11,411,5.0,0